<?xml version="1.0" encoding="utf-8"?>
<COLLADA xmlns="http://www.collada.org/2005/11/COLLADASchema" version="1.4.1" xmlns:xsi="http://www.w3.org/2001/XMLSchema-instance">
  <asset>
    <contributor>
      <author>Blender User</author>
      <authoring_tool>Blender 2.91.2 commit date:2021-01-19, commit time:16:15, hash:5be9ef417703</authoring_tool>
    </contributor>
    <created>2021-02-01T09:53:41</created>
    <modified>2021-02-01T09:53:41</modified>
    <unit name="meter" meter="1"/>
    <up_axis>Z_UP</up_axis>
  </asset>
  <library_cameras>
    <camera id="Camera-camera" name="Camera">
      <optics>
        <technique_common>
          <perspective>
            <xfov sid="xfov">39.59775</xfov>
            <aspect_ratio>1.777778</aspect_ratio>
            <znear sid="znear">0.1</znear>
            <zfar sid="zfar">100</zfar>
          </perspective>
        </technique_common>
      </optics>
      <extra>
        <technique profile="blender">
          <shiftx sid="shiftx" type="float">0</shiftx>
          <shifty sid="shifty" type="float">0</shifty>
          <dof_distance sid="dof_distance" type="float">10</dof_distance>
        </technique>
      </extra>
    </camera>
  </library_cameras>
  <library_lights>
    <light id="Light-light" name="Light">
      <technique_common>
        <point>
          <color sid="color">1000 1000 1000</color>
          <constant_attenuation>1</constant_attenuation>
          <linear_attenuation>0</linear_attenuation>
          <quadratic_attenuation>0.00111109</quadratic_attenuation>
        </point>
      </technique_common>
      <extra>
        <technique profile="blender">
          <type sid="type" type="int">0</type>
          <flag sid="flag" type="int">0</flag>
          <mode sid="mode" type="int">1</mode>
          <gamma sid="blender_gamma" type="float">1</gamma>
          <red sid="red" type="float">1</red>
          <green sid="green" type="float">1</green>
          <blue sid="blue" type="float">1</blue>
          <shadow_r sid="blender_shadow_r" type="float">0</shadow_r>
          <shadow_g sid="blender_shadow_g" type="float">0</shadow_g>
          <shadow_b sid="blender_shadow_b" type="float">0</shadow_b>
          <energy sid="blender_energy" type="float">1000</energy>
          <dist sid="blender_dist" type="float">29.99998</dist>
          <spotsize sid="spotsize" type="float">75</spotsize>
          <spotblend sid="spotblend" type="float">0.15</spotblend>
          <att1 sid="att1" type="float">0</att1>
          <att2 sid="att2" type="float">1</att2>
          <falloff_type sid="falloff_type" type="int">2</falloff_type>
          <clipsta sid="clipsta" type="float">0.04999995</clipsta>
          <clipend sid="clipend" type="float">30.002</clipend>
          <bias sid="bias" type="float">1</bias>
          <soft sid="soft" type="float">3</soft>
          <bufsize sid="bufsize" type="int">2880</bufsize>
          <samp sid="samp" type="int">3</samp>
          <buffers sid="buffers" type="int">1</buffers>
          <area_shape sid="area_shape" type="int">1</area_shape>
          <area_size sid="area_size" type="float">0.1</area_size>
          <area_sizey sid="area_sizey" type="float">0.1</area_sizey>
          <area_sizez sid="area_sizez" type="float">1</area_sizez>
        </technique>
      </extra>
    </light>
  </library_lights>
  <library_images/>
  <library_geometries>
    <geometry id="Cube_012-mesh" name="Cube.012">
      <mesh>
        <source id="Cube_012-mesh-positions">
          <float_array id="Cube_012-mesh-positions-array" count="24">-1 -1 -1 -1 -1 1 -1 1 -1 -1 1 1 1 -1 -1 1 -1 1 1 1 -1 1 1 1</float_array>
          <technique_common>
            <accessor source="#Cube_012-mesh-positions-array" count="8" stride="3">
              <param name="X" type="float"/>
              <param name="Y" type="float"/>
              <param name="Z" type="float"/>
            </accessor>
          </technique_common>
        </source>
        <source id="Cube_012-mesh-normals">
          <float_array id="Cube_012-mesh-normals-array" count="18">-1 0 0 0 1 0 1 0 0 0 -1 0 0 0 -1 0 0 1</float_array>
          <technique_common>
            <accessor source="#Cube_012-mesh-normals-array" count="6" stride="3">
              <param name="X" type="float"/>
              <param name="Y" type="float"/>
              <param name="Z" type="float"/>
            </accessor>
          </technique_common>
        </source>
        <source id="Cube_012-mesh-map-0">
          <float_array id="Cube_012-mesh-map-0-array" count="72">0.625 0 0.375 0.25 0.375 0 0.625 0.25 0.375 0.5 0.375 0.25 0.625 0.5 0.375 0.75 0.375 0.5 0.625 0.75 0.375 1 0.375 0.75 0.375 0.5 0.125 0.75 0.125 0.5 0.875 0.5 0.625 0.75 0.625 0.5 0.625 0 0.625 0.25 0.375 0.25 0.625 0.25 0.625 0.5 0.375 0.5 0.625 0.5 0.625 0.75 0.375 0.75 0.625 0.75 0.625 1 0.375 1 0.375 0.5 0.375 0.75 0.125 0.75 0.875 0.5 0.875 0.75 0.625 0.75</float_array>
          <technique_common>
            <accessor source="#Cube_012-mesh-map-0-array" count="36" stride="2">
              <param name="S" type="float"/>
              <param name="T" type="float"/>
            </accessor>
          </technique_common>
        </source>
        <vertices id="Cube_012-mesh-vertices">
          <input semantic="POSITION" source="#Cube_012-mesh-positions"/>
        </vertices>
        <triangles count="12">
          <input semantic="VERTEX" source="#Cube_012-mesh-vertices" offset="0"/>
          <input semantic="NORMAL" source="#Cube_012-mesh-normals" offset="1"/>
          <input semantic="TEXCOORD" source="#Cube_012-mesh-map-0" offset="2" set="0"/>
          <p>1 0 0 2 0 1 0 0 2 3 1 3 6 1 4 2 1 5 7 2 6 4 2 7 6 2 8 5 3 9 0 3 10 4 3 11 6 4 12 0 4 13 2 4 14 3 5 15 5 5 16 7 5 17 1 0 18 3 0 19 2 0 20 3 1 21 7 1 22 6 1 23 7 2 24 5 2 25 4 2 26 5 3 27 1 3 28 0 3 29 6 4 30 4 4 31 0 4 32 3 5 33 1 5 34 5 5 35</p>
        </triangles>
      </mesh>
    </geometry>
    <geometry id="Cube_011-mesh" name="Cube.011">
      <mesh>
        <source id="Cube_011-mesh-positions">
          <float_array id="Cube_011-mesh-positions-array" count="24">-1 -1 -1 -1 -1 1 -1 1 -1 -1 1 1 1 -1 -1 1 -1 1 1 1 -1 1 1 1</float_array>
          <technique_common>
            <accessor source="#Cube_011-mesh-positions-array" count="8" stride="3">
              <param name="X" type="float"/>
              <param name="Y" type="float"/>
              <param name="Z" type="float"/>
            </accessor>
          </technique_common>
        </source>
        <source id="Cube_011-mesh-normals">
          <float_array id="Cube_011-mesh-normals-array" count="18">-1 0 0 0 1 0 1 0 0 0 -1 0 0 0 -1 0 0 1</float_array>
          <technique_common>
            <accessor source="#Cube_011-mesh-normals-array" count="6" stride="3">
              <param name="X" type="float"/>
              <param name="Y" type="float"/>
              <param name="Z" type="float"/>
            </accessor>
          </technique_common>
        </source>
        <source id="Cube_011-mesh-map-0">
          <float_array id="Cube_011-mesh-map-0-array" count="72">0.625 0 0.375 0.25 0.375 0 0.625 0.25 0.375 0.5 0.375 0.25 0.625 0.5 0.375 0.75 0.375 0.5 0.625 0.75 0.375 1 0.375 0.75 0.375 0.5 0.125 0.75 0.125 0.5 0.875 0.5 0.625 0.75 0.625 0.5 0.625 0 0.625 0.25 0.375 0.25 0.625 0.25 0.625 0.5 0.375 0.5 0.625 0.5 0.625 0.75 0.375 0.75 0.625 0.75 0.625 1 0.375 1 0.375 0.5 0.375 0.75 0.125 0.75 0.875 0.5 0.875 0.75 0.625 0.75</float_array>
          <technique_common>
            <accessor source="#Cube_011-mesh-map-0-array" count="36" stride="2">
              <param name="S" type="float"/>
              <param name="T" type="float"/>
            </accessor>
          </technique_common>
        </source>
        <vertices id="Cube_011-mesh-vertices">
          <input semantic="POSITION" source="#Cube_011-mesh-positions"/>
        </vertices>
        <triangles count="12">
          <input semantic="VERTEX" source="#Cube_011-mesh-vertices" offset="0"/>
          <input semantic="NORMAL" source="#Cube_011-mesh-normals" offset="1"/>
          <input semantic="TEXCOORD" source="#Cube_011-mesh-map-0" offset="2" set="0"/>
          <p>1 0 0 2 0 1 0 0 2 3 1 3 6 1 4 2 1 5 7 2 6 4 2 7 6 2 8 5 3 9 0 3 10 4 3 11 6 4 12 0 4 13 2 4 14 3 5 15 5 5 16 7 5 17 1 0 18 3 0 19 2 0 20 3 1 21 7 1 22 6 1 23 7 2 24 5 2 25 4 2 26 5 3 27 1 3 28 0 3 29 6 4 30 4 4 31 0 4 32 3 5 33 1 5 34 5 5 35</p>
        </triangles>
      </mesh>
    </geometry>
    <geometry id="Cube_010-mesh" name="Cube.010">
      <mesh>
        <source id="Cube_010-mesh-positions">
          <float_array id="Cube_010-mesh-positions-array" count="24">-1 -1 -1 -1 -1 1 -1 1 -1 -1 1 1 1 -1 -1 1 -1 1 1 1 -1 1 1 1</float_array>
          <technique_common>
            <accessor source="#Cube_010-mesh-positions-array" count="8" stride="3">
              <param name="X" type="float"/>
              <param name="Y" type="float"/>
              <param name="Z" type="float"/>
            </accessor>
          </technique_common>
        </source>
        <source id="Cube_010-mesh-normals">
          <float_array id="Cube_010-mesh-normals-array" count="18">-1 0 0 0 1 0 1 0 0 0 -1 0 0 0 -1 0 0 1</float_array>
          <technique_common>
            <accessor source="#Cube_010-mesh-normals-array" count="6" stride="3">
              <param name="X" type="float"/>
              <param name="Y" type="float"/>
              <param name="Z" type="float"/>
            </accessor>
          </technique_common>
        </source>
        <source id="Cube_010-mesh-map-0">
          <float_array id="Cube_010-mesh-map-0-array" count="72">0.625 0 0.375 0.25 0.375 0 0.625 0.25 0.375 0.5 0.375 0.25 0.625 0.5 0.375 0.75 0.375 0.5 0.625 0.75 0.375 1 0.375 0.75 0.375 0.5 0.125 0.75 0.125 0.5 0.875 0.5 0.625 0.75 0.625 0.5 0.625 0 0.625 0.25 0.375 0.25 0.625 0.25 0.625 0.5 0.375 0.5 0.625 0.5 0.625 0.75 0.375 0.75 0.625 0.75 0.625 1 0.375 1 0.375 0.5 0.375 0.75 0.125 0.75 0.875 0.5 0.875 0.75 0.625 0.75</float_array>
          <technique_common>
            <accessor source="#Cube_010-mesh-map-0-array" count="36" stride="2">
              <param name="S" type="float"/>
              <param name="T" type="float"/>
            </accessor>
          </technique_common>
        </source>
        <vertices id="Cube_010-mesh-vertices">
          <input semantic="POSITION" source="#Cube_010-mesh-positions"/>
        </vertices>
        <triangles count="12">
          <input semantic="VERTEX" source="#Cube_010-mesh-vertices" offset="0"/>
          <input semantic="NORMAL" source="#Cube_010-mesh-normals" offset="1"/>
          <input semantic="TEXCOORD" source="#Cube_010-mesh-map-0" offset="2" set="0"/>
          <p>1 0 0 2 0 1 0 0 2 3 1 3 6 1 4 2 1 5 7 2 6 4 2 7 6 2 8 5 3 9 0 3 10 4 3 11 6 4 12 0 4 13 2 4 14 3 5 15 5 5 16 7 5 17 1 0 18 3 0 19 2 0 20 3 1 21 7 1 22 6 1 23 7 2 24 5 2 25 4 2 26 5 3 27 1 3 28 0 3 29 6 4 30 4 4 31 0 4 32 3 5 33 1 5 34 5 5 35</p>
        </triangles>
      </mesh>
    </geometry>
    <geometry id="Cube_009-mesh" name="Cube.009">
      <mesh>
        <source id="Cube_009-mesh-positions">
          <float_array id="Cube_009-mesh-positions-array" count="24">-1 -1 -1 -1 -1 1 -1 1 -1 -1 1 1 1 -1 -1 1 -1 1 1 1 -1 1 1 1</float_array>
          <technique_common>
            <accessor source="#Cube_009-mesh-positions-array" count="8" stride="3">
              <param name="X" type="float"/>
              <param name="Y" type="float"/>
              <param name="Z" type="float"/>
            </accessor>
          </technique_common>
        </source>
        <source id="Cube_009-mesh-normals">
          <float_array id="Cube_009-mesh-normals-array" count="18">-1 0 0 0 1 0 1 0 0 0 -1 0 0 0 -1 0 0 1</float_array>
          <technique_common>
            <accessor source="#Cube_009-mesh-normals-array" count="6" stride="3">
              <param name="X" type="float"/>
              <param name="Y" type="float"/>
              <param name="Z" type="float"/>
            </accessor>
          </technique_common>
        </source>
        <source id="Cube_009-mesh-map-0">
          <float_array id="Cube_009-mesh-map-0-array" count="72">0.625 0 0.375 0.25 0.375 0 0.625 0.25 0.375 0.5 0.375 0.25 0.625 0.5 0.375 0.75 0.375 0.5 0.625 0.75 0.375 1 0.375 0.75 0.375 0.5 0.125 0.75 0.125 0.5 0.875 0.5 0.625 0.75 0.625 0.5 0.625 0 0.625 0.25 0.375 0.25 0.625 0.25 0.625 0.5 0.375 0.5 0.625 0.5 0.625 0.75 0.375 0.75 0.625 0.75 0.625 1 0.375 1 0.375 0.5 0.375 0.75 0.125 0.75 0.875 0.5 0.875 0.75 0.625 0.75</float_array>
          <technique_common>
            <accessor source="#Cube_009-mesh-map-0-array" count="36" stride="2">
              <param name="S" type="float"/>
              <param name="T" type="float"/>
            </accessor>
          </technique_common>
        </source>
        <vertices id="Cube_009-mesh-vertices">
          <input semantic="POSITION" source="#Cube_009-mesh-positions"/>
        </vertices>
        <triangles count="12">
          <input semantic="VERTEX" source="#Cube_009-mesh-vertices" offset="0"/>
          <input semantic="NORMAL" source="#Cube_009-mesh-normals" offset="1"/>
          <input semantic="TEXCOORD" source="#Cube_009-mesh-map-0" offset="2" set="0"/>
          <p>1 0 0 2 0 1 0 0 2 3 1 3 6 1 4 2 1 5 7 2 6 4 2 7 6 2 8 5 3 9 0 3 10 4 3 11 6 4 12 0 4 13 2 4 14 3 5 15 5 5 16 7 5 17 1 0 18 3 0 19 2 0 20 3 1 21 7 1 22 6 1 23 7 2 24 5 2 25 4 2 26 5 3 27 1 3 28 0 3 29 6 4 30 4 4 31 0 4 32 3 5 33 1 5 34 5 5 35</p>
        </triangles>
      </mesh>
    </geometry>
    <geometry id="Cube_008-mesh" name="Cube.008">
      <mesh>
        <source id="Cube_008-mesh-positions">
          <float_array id="Cube_008-mesh-positions-array" count="24">-1 -1 -1 -1 -1 1 -1 1 -1 -1 1 1 1 -1 -1 1 -1 1 1 1 -1 1 1 1</float_array>
          <technique_common>
            <accessor source="#Cube_008-mesh-positions-array" count="8" stride="3">
              <param name="X" type="float"/>
              <param name="Y" type="float"/>
              <param name="Z" type="float"/>
            </accessor>
          </technique_common>
        </source>
        <source id="Cube_008-mesh-normals">
          <float_array id="Cube_008-mesh-normals-array" count="18">-1 0 0 0 1 0 1 0 0 0 -1 0 0 0 -1 0 0 1</float_array>
          <technique_common>
            <accessor source="#Cube_008-mesh-normals-array" count="6" stride="3">
              <param name="X" type="float"/>
              <param name="Y" type="float"/>
              <param name="Z" type="float"/>
            </accessor>
          </technique_common>
        </source>
        <source id="Cube_008-mesh-map-0">
          <float_array id="Cube_008-mesh-map-0-array" count="72">0.625 0 0.375 0.25 0.375 0 0.625 0.25 0.375 0.5 0.375 0.25 0.625 0.5 0.375 0.75 0.375 0.5 0.625 0.75 0.375 1 0.375 0.75 0.375 0.5 0.125 0.75 0.125 0.5 0.875 0.5 0.625 0.75 0.625 0.5 0.625 0 0.625 0.25 0.375 0.25 0.625 0.25 0.625 0.5 0.375 0.5 0.625 0.5 0.625 0.75 0.375 0.75 0.625 0.75 0.625 1 0.375 1 0.375 0.5 0.375 0.75 0.125 0.75 0.875 0.5 0.875 0.75 0.625 0.75</float_array>
          <technique_common>
            <accessor source="#Cube_008-mesh-map-0-array" count="36" stride="2">
              <param name="S" type="float"/>
              <param name="T" type="float"/>
            </accessor>
          </technique_common>
        </source>
        <vertices id="Cube_008-mesh-vertices">
          <input semantic="POSITION" source="#Cube_008-mesh-positions"/>
        </vertices>
        <triangles count="12">
          <input semantic="VERTEX" source="#Cube_008-mesh-vertices" offset="0"/>
          <input semantic="NORMAL" source="#Cube_008-mesh-normals" offset="1"/>
          <input semantic="TEXCOORD" source="#Cube_008-mesh-map-0" offset="2" set="0"/>
          <p>1 0 0 2 0 1 0 0 2 3 1 3 6 1 4 2 1 5 7 2 6 4 2 7 6 2 8 5 3 9 0 3 10 4 3 11 6 4 12 0 4 13 2 4 14 3 5 15 5 5 16 7 5 17 1 0 18 3 0 19 2 0 20 3 1 21 7 1 22 6 1 23 7 2 24 5 2 25 4 2 26 5 3 27 1 3 28 0 3 29 6 4 30 4 4 31 0 4 32 3 5 33 1 5 34 5 5 35</p>
        </triangles>
      </mesh>
    </geometry>
    <geometry id="Cube_007-mesh" name="Cube.007">
      <mesh>
        <source id="Cube_007-mesh-positions">
          <float_array id="Cube_007-mesh-positions-array" count="24">-1 -1 -1 -1 -1 1 -1 1 -1 -1 1 1 1 -1 -1 1 -1 1 1 1 -1 1 1 1</float_array>
          <technique_common>
            <accessor source="#Cube_007-mesh-positions-array" count="8" stride="3">
              <param name="X" type="float"/>
              <param name="Y" type="float"/>
              <param name="Z" type="float"/>
            </accessor>
          </technique_common>
        </source>
        <source id="Cube_007-mesh-normals">
          <float_array id="Cube_007-mesh-normals-array" count="18">-1 0 0 0 1 0 1 0 0 0 -1 0 0 0 -1 0 0 1</float_array>
          <technique_common>
            <accessor source="#Cube_007-mesh-normals-array" count="6" stride="3">
              <param name="X" type="float"/>
              <param name="Y" type="float"/>
              <param name="Z" type="float"/>
            </accessor>
          </technique_common>
        </source>
        <source id="Cube_007-mesh-map-0">
          <float_array id="Cube_007-mesh-map-0-array" count="72">0.625 0 0.375 0.25 0.375 0 0.625 0.25 0.375 0.5 0.375 0.25 0.625 0.5 0.375 0.75 0.375 0.5 0.625 0.75 0.375 1 0.375 0.75 0.375 0.5 0.125 0.75 0.125 0.5 0.875 0.5 0.625 0.75 0.625 0.5 0.625 0 0.625 0.25 0.375 0.25 0.625 0.25 0.625 0.5 0.375 0.5 0.625 0.5 0.625 0.75 0.375 0.75 0.625 0.75 0.625 1 0.375 1 0.375 0.5 0.375 0.75 0.125 0.75 0.875 0.5 0.875 0.75 0.625 0.75</float_array>
          <technique_common>
            <accessor source="#Cube_007-mesh-map-0-array" count="36" stride="2">
              <param name="S" type="float"/>
              <param name="T" type="float"/>
            </accessor>
          </technique_common>
        </source>
        <vertices id="Cube_007-mesh-vertices">
          <input semantic="POSITION" source="#Cube_007-mesh-positions"/>
        </vertices>
        <triangles count="12">
          <input semantic="VERTEX" source="#Cube_007-mesh-vertices" offset="0"/>
          <input semantic="NORMAL" source="#Cube_007-mesh-normals" offset="1"/>
          <input semantic="TEXCOORD" source="#Cube_007-mesh-map-0" offset="2" set="0"/>
          <p>1 0 0 2 0 1 0 0 2 3 1 3 6 1 4 2 1 5 7 2 6 4 2 7 6 2 8 5 3 9 0 3 10 4 3 11 6 4 12 0 4 13 2 4 14 3 5 15 5 5 16 7 5 17 1 0 18 3 0 19 2 0 20 3 1 21 7 1 22 6 1 23 7 2 24 5 2 25 4 2 26 5 3 27 1 3 28 0 3 29 6 4 30 4 4 31 0 4 32 3 5 33 1 5 34 5 5 35</p>
        </triangles>
      </mesh>
    </geometry>
    <geometry id="Cube_006-mesh" name="Cube.006">
      <mesh>
        <source id="Cube_006-mesh-positions">
          <float_array id="Cube_006-mesh-positions-array" count="24">-1 -1 -1 -1 -1 1 -1 1 -1 -1 1 1 1 -1 -1 1 -1 1 1 1 -1 1 1 1</float_array>
          <technique_common>
            <accessor source="#Cube_006-mesh-positions-array" count="8" stride="3">
              <param name="X" type="float"/>
              <param name="Y" type="float"/>
              <param name="Z" type="float"/>
            </accessor>
          </technique_common>
        </source>
        <source id="Cube_006-mesh-normals">
          <float_array id="Cube_006-mesh-normals-array" count="18">-1 0 0 0 1 0 1 0 0 0 -1 0 0 0 -1 0 0 1</float_array>
          <technique_common>
            <accessor source="#Cube_006-mesh-normals-array" count="6" stride="3">
              <param name="X" type="float"/>
              <param name="Y" type="float"/>
              <param name="Z" type="float"/>
            </accessor>
          </technique_common>
        </source>
        <source id="Cube_006-mesh-map-0">
          <float_array id="Cube_006-mesh-map-0-array" count="72">0.625 0 0.375 0.25 0.375 0 0.625 0.25 0.375 0.5 0.375 0.25 0.625 0.5 0.375 0.75 0.375 0.5 0.625 0.75 0.375 1 0.375 0.75 0.375 0.5 0.125 0.75 0.125 0.5 0.875 0.5 0.625 0.75 0.625 0.5 0.625 0 0.625 0.25 0.375 0.25 0.625 0.25 0.625 0.5 0.375 0.5 0.625 0.5 0.625 0.75 0.375 0.75 0.625 0.75 0.625 1 0.375 1 0.375 0.5 0.375 0.75 0.125 0.75 0.875 0.5 0.875 0.75 0.625 0.75</float_array>
          <technique_common>
            <accessor source="#Cube_006-mesh-map-0-array" count="36" stride="2">
              <param name="S" type="float"/>
              <param name="T" type="float"/>
            </accessor>
          </technique_common>
        </source>
        <vertices id="Cube_006-mesh-vertices">
          <input semantic="POSITION" source="#Cube_006-mesh-positions"/>
        </vertices>
        <triangles count="12">
          <input semantic="VERTEX" source="#Cube_006-mesh-vertices" offset="0"/>
          <input semantic="NORMAL" source="#Cube_006-mesh-normals" offset="1"/>
          <input semantic="TEXCOORD" source="#Cube_006-mesh-map-0" offset="2" set="0"/>
          <p>1 0 0 2 0 1 0 0 2 3 1 3 6 1 4 2 1 5 7 2 6 4 2 7 6 2 8 5 3 9 0 3 10 4 3 11 6 4 12 0 4 13 2 4 14 3 5 15 5 5 16 7 5 17 1 0 18 3 0 19 2 0 20 3 1 21 7 1 22 6 1 23 7 2 24 5 2 25 4 2 26 5 3 27 1 3 28 0 3 29 6 4 30 4 4 31 0 4 32 3 5 33 1 5 34 5 5 35</p>
        </triangles>
      </mesh>
    </geometry>
    <geometry id="Cube_005-mesh" name="Cube.005">
      <mesh>
        <source id="Cube_005-mesh-positions">
          <float_array id="Cube_005-mesh-positions-array" count="24">-1 -1 -1 -1 -1 1 -1 1 -1 -1 1 1 1 -1 -1 1 -1 1 1 1 -1 1 1 1</float_array>
          <technique_common>
            <accessor source="#Cube_005-mesh-positions-array" count="8" stride="3">
              <param name="X" type="float"/>
              <param name="Y" type="float"/>
              <param name="Z" type="float"/>
            </accessor>
          </technique_common>
        </source>
        <source id="Cube_005-mesh-normals">
          <float_array id="Cube_005-mesh-normals-array" count="18">-1 0 0 0 1 0 1 0 0 0 -1 0 0 0 -1 0 0 1</float_array>
          <technique_common>
            <accessor source="#Cube_005-mesh-normals-array" count="6" stride="3">
              <param name="X" type="float"/>
              <param name="Y" type="float"/>
              <param name="Z" type="float"/>
            </accessor>
          </technique_common>
        </source>
        <source id="Cube_005-mesh-map-0">
          <float_array id="Cube_005-mesh-map-0-array" count="72">0.625 0 0.375 0.25 0.375 0 0.625 0.25 0.375 0.5 0.375 0.25 0.625 0.5 0.375 0.75 0.375 0.5 0.625 0.75 0.375 1 0.375 0.75 0.375 0.5 0.125 0.75 0.125 0.5 0.875 0.5 0.625 0.75 0.625 0.5 0.625 0 0.625 0.25 0.375 0.25 0.625 0.25 0.625 0.5 0.375 0.5 0.625 0.5 0.625 0.75 0.375 0.75 0.625 0.75 0.625 1 0.375 1 0.375 0.5 0.375 0.75 0.125 0.75 0.875 0.5 0.875 0.75 0.625 0.75</float_array>
          <technique_common>
            <accessor source="#Cube_005-mesh-map-0-array" count="36" stride="2">
              <param name="S" type="float"/>
              <param name="T" type="float"/>
            </accessor>
          </technique_common>
        </source>
        <vertices id="Cube_005-mesh-vertices">
          <input semantic="POSITION" source="#Cube_005-mesh-positions"/>
        </vertices>
        <triangles count="12">
          <input semantic="VERTEX" source="#Cube_005-mesh-vertices" offset="0"/>
          <input semantic="NORMAL" source="#Cube_005-mesh-normals" offset="1"/>
          <input semantic="TEXCOORD" source="#Cube_005-mesh-map-0" offset="2" set="0"/>
          <p>1 0 0 2 0 1 0 0 2 3 1 3 6 1 4 2 1 5 7 2 6 4 2 7 6 2 8 5 3 9 0 3 10 4 3 11 6 4 12 0 4 13 2 4 14 3 5 15 5 5 16 7 5 17 1 0 18 3 0 19 2 0 20 3 1 21 7 1 22 6 1 23 7 2 24 5 2 25 4 2 26 5 3 27 1 3 28 0 3 29 6 4 30 4 4 31 0 4 32 3 5 33 1 5 34 5 5 35</p>
        </triangles>
      </mesh>
    </geometry>
    <geometry id="Cube_004-mesh" name="Cube.004">
      <mesh>
        <source id="Cube_004-mesh-positions">
          <float_array id="Cube_004-mesh-positions-array" count="24">-1 -1 -1 -1 -1 1 -1 1 -1 -1 1 1 1 -1 -1 1 -1 1 1 1 -1 1 1 1</float_array>
          <technique_common>
            <accessor source="#Cube_004-mesh-positions-array" count="8" stride="3">
              <param name="X" type="float"/>
              <param name="Y" type="float"/>
              <param name="Z" type="float"/>
            </accessor>
          </technique_common>
        </source>
        <source id="Cube_004-mesh-normals">
          <float_array id="Cube_004-mesh-normals-array" count="18">-1 0 0 0 1 0 1 0 0 0 -1 0 0 0 -1 0 0 1</float_array>
          <technique_common>
            <accessor source="#Cube_004-mesh-normals-array" count="6" stride="3">
              <param name="X" type="float"/>
              <param name="Y" type="float"/>
              <param name="Z" type="float"/>
            </accessor>
          </technique_common>
        </source>
        <source id="Cube_004-mesh-map-0">
          <float_array id="Cube_004-mesh-map-0-array" count="72">0.625 0 0.375 0.25 0.375 0 0.625 0.25 0.375 0.5 0.375 0.25 0.625 0.5 0.375 0.75 0.375 0.5 0.625 0.75 0.375 1 0.375 0.75 0.375 0.5 0.125 0.75 0.125 0.5 0.875 0.5 0.625 0.75 0.625 0.5 0.625 0 0.625 0.25 0.375 0.25 0.625 0.25 0.625 0.5 0.375 0.5 0.625 0.5 0.625 0.75 0.375 0.75 0.625 0.75 0.625 1 0.375 1 0.375 0.5 0.375 0.75 0.125 0.75 0.875 0.5 0.875 0.75 0.625 0.75</float_array>
          <technique_common>
            <accessor source="#Cube_004-mesh-map-0-array" count="36" stride="2">
              <param name="S" type="float"/>
              <param name="T" type="float"/>
            </accessor>
          </technique_common>
        </source>
        <vertices id="Cube_004-mesh-vertices">
          <input semantic="POSITION" source="#Cube_004-mesh-positions"/>
        </vertices>
        <triangles count="12">
          <input semantic="VERTEX" source="#Cube_004-mesh-vertices" offset="0"/>
          <input semantic="NORMAL" source="#Cube_004-mesh-normals" offset="1"/>
          <input semantic="TEXCOORD" source="#Cube_004-mesh-map-0" offset="2" set="0"/>
          <p>1 0 0 2 0 1 0 0 2 3 1 3 6 1 4 2 1 5 7 2 6 4 2 7 6 2 8 5 3 9 0 3 10 4 3 11 6 4 12 0 4 13 2 4 14 3 5 15 5 5 16 7 5 17 1 0 18 3 0 19 2 0 20 3 1 21 7 1 22 6 1 23 7 2 24 5 2 25 4 2 26 5 3 27 1 3 28 0 3 29 6 4 30 4 4 31 0 4 32 3 5 33 1 5 34 5 5 35</p>
        </triangles>
      </mesh>
    </geometry>
    <geometry id="Cube_003-mesh" name="Cube.003">
      <mesh>
        <source id="Cube_003-mesh-positions">
          <float_array id="Cube_003-mesh-positions-array" count="24">-1 -1 -1 -1 -1 1 -1 1 -1 -1 1 1 1 -1 -1 1 -1 1 1 1 -1 1 1 1</float_array>
          <technique_common>
            <accessor source="#Cube_003-mesh-positions-array" count="8" stride="3">
              <param name="X" type="float"/>
              <param name="Y" type="float"/>
              <param name="Z" type="float"/>
            </accessor>
          </technique_common>
        </source>
        <source id="Cube_003-mesh-normals">
          <float_array id="Cube_003-mesh-normals-array" count="18">-1 0 0 0 1 0 1 0 0 0 -1 0 0 0 -1 0 0 1</float_array>
          <technique_common>
            <accessor source="#Cube_003-mesh-normals-array" count="6" stride="3">
              <param name="X" type="float"/>
              <param name="Y" type="float"/>
              <param name="Z" type="float"/>
            </accessor>
          </technique_common>
        </source>
        <source id="Cube_003-mesh-map-0">
          <float_array id="Cube_003-mesh-map-0-array" count="72">0.625 0 0.375 0.25 0.375 0 0.625 0.25 0.375 0.5 0.375 0.25 0.625 0.5 0.375 0.75 0.375 0.5 0.625 0.75 0.375 1 0.375 0.75 0.375 0.5 0.125 0.75 0.125 0.5 0.875 0.5 0.625 0.75 0.625 0.5 0.625 0 0.625 0.25 0.375 0.25 0.625 0.25 0.625 0.5 0.375 0.5 0.625 0.5 0.625 0.75 0.375 0.75 0.625 0.75 0.625 1 0.375 1 0.375 0.5 0.375 0.75 0.125 0.75 0.875 0.5 0.875 0.75 0.625 0.75</float_array>
          <technique_common>
            <accessor source="#Cube_003-mesh-map-0-array" count="36" stride="2">
              <param name="S" type="float"/>
              <param name="T" type="float"/>
            </accessor>
          </technique_common>
        </source>
        <vertices id="Cube_003-mesh-vertices">
          <input semantic="POSITION" source="#Cube_003-mesh-positions"/>
        </vertices>
        <triangles count="12">
          <input semantic="VERTEX" source="#Cube_003-mesh-vertices" offset="0"/>
          <input semantic="NORMAL" source="#Cube_003-mesh-normals" offset="1"/>
          <input semantic="TEXCOORD" source="#Cube_003-mesh-map-0" offset="2" set="0"/>
          <p>1 0 0 2 0 1 0 0 2 3 1 3 6 1 4 2 1 5 7 2 6 4 2 7 6 2 8 5 3 9 0 3 10 4 3 11 6 4 12 0 4 13 2 4 14 3 5 15 5 5 16 7 5 17 1 0 18 3 0 19 2 0 20 3 1 21 7 1 22 6 1 23 7 2 24 5 2 25 4 2 26 5 3 27 1 3 28 0 3 29 6 4 30 4 4 31 0 4 32 3 5 33 1 5 34 5 5 35</p>
        </triangles>
      </mesh>
    </geometry>
    <geometry id="Cube_002-mesh" name="Cube.002">
      <mesh>
        <source id="Cube_002-mesh-positions">
          <float_array id="Cube_002-mesh-positions-array" count="24">-1 -1 -1 -1 -1 1 -1 1 -1 -1 1 1 1 -1 -1 1 -1 1 1 1 -1 1 1 1</float_array>
          <technique_common>
            <accessor source="#Cube_002-mesh-positions-array" count="8" stride="3">
              <param name="X" type="float"/>
              <param name="Y" type="float"/>
              <param name="Z" type="float"/>
            </accessor>
          </technique_common>
        </source>
        <source id="Cube_002-mesh-normals">
          <float_array id="Cube_002-mesh-normals-array" count="18">-1 0 0 0 1 0 1 0 0 0 -1 0 0 0 -1 0 0 1</float_array>
          <technique_common>
            <accessor source="#Cube_002-mesh-normals-array" count="6" stride="3">
              <param name="X" type="float"/>
              <param name="Y" type="float"/>
              <param name="Z" type="float"/>
            </accessor>
          </technique_common>
        </source>
        <source id="Cube_002-mesh-map-0">
          <float_array id="Cube_002-mesh-map-0-array" count="72">0.625 0 0.375 0.25 0.375 0 0.625 0.25 0.375 0.5 0.375 0.25 0.625 0.5 0.375 0.75 0.375 0.5 0.625 0.75 0.375 1 0.375 0.75 0.375 0.5 0.125 0.75 0.125 0.5 0.875 0.5 0.625 0.75 0.625 0.5 0.625 0 0.625 0.25 0.375 0.25 0.625 0.25 0.625 0.5 0.375 0.5 0.625 0.5 0.625 0.75 0.375 0.75 0.625 0.75 0.625 1 0.375 1 0.375 0.5 0.375 0.75 0.125 0.75 0.875 0.5 0.875 0.75 0.625 0.75</float_array>
          <technique_common>
            <accessor source="#Cube_002-mesh-map-0-array" count="36" stride="2">
              <param name="S" type="float"/>
              <param name="T" type="float"/>
            </accessor>
          </technique_common>
        </source>
        <vertices id="Cube_002-mesh-vertices">
          <input semantic="POSITION" source="#Cube_002-mesh-positions"/>
        </vertices>
        <triangles count="12">
          <input semantic="VERTEX" source="#Cube_002-mesh-vertices" offset="0"/>
          <input semantic="NORMAL" source="#Cube_002-mesh-normals" offset="1"/>
          <input semantic="TEXCOORD" source="#Cube_002-mesh-map-0" offset="2" set="0"/>
          <p>1 0 0 2 0 1 0 0 2 3 1 3 6 1 4 2 1 5 7 2 6 4 2 7 6 2 8 5 3 9 0 3 10 4 3 11 6 4 12 0 4 13 2 4 14 3 5 15 5 5 16 7 5 17 1 0 18 3 0 19 2 0 20 3 1 21 7 1 22 6 1 23 7 2 24 5 2 25 4 2 26 5 3 27 1 3 28 0 3 29 6 4 30 4 4 31 0 4 32 3 5 33 1 5 34 5 5 35</p>
        </triangles>
      </mesh>
    </geometry>
    <geometry id="Cube_001-mesh" name="Cube.001">
      <mesh>
        <source id="Cube_001-mesh-positions">
          <float_array id="Cube_001-mesh-positions-array" count="24">-1 -1 -1 -1 -1 1 -1 1 -1 -1 1 1 1 -1 -1 1 -1 1 1 1 -1 1 1 1</float_array>
          <technique_common>
            <accessor source="#Cube_001-mesh-positions-array" count="8" stride="3">
              <param name="X" type="float"/>
              <param name="Y" type="float"/>
              <param name="Z" type="float"/>
            </accessor>
          </technique_common>
        </source>
        <source id="Cube_001-mesh-normals">
          <float_array id="Cube_001-mesh-normals-array" count="18">-1 0 0 0 1 0 1 0 0 0 -1 0 0 0 -1 0 0 1</float_array>
          <technique_common>
            <accessor source="#Cube_001-mesh-normals-array" count="6" stride="3">
              <param name="X" type="float"/>
              <param name="Y" type="float"/>
              <param name="Z" type="float"/>
            </accessor>
          </technique_common>
        </source>
        <source id="Cube_001-mesh-map-0">
          <float_array id="Cube_001-mesh-map-0-array" count="72">0.625 0 0.375 0.25 0.375 0 0.625 0.25 0.375 0.5 0.375 0.25 0.625 0.5 0.375 0.75 0.375 0.5 0.625 0.75 0.375 1 0.375 0.75 0.375 0.5 0.125 0.75 0.125 0.5 0.875 0.5 0.625 0.75 0.625 0.5 0.625 0 0.625 0.25 0.375 0.25 0.625 0.25 0.625 0.5 0.375 0.5 0.625 0.5 0.625 0.75 0.375 0.75 0.625 0.75 0.625 1 0.375 1 0.375 0.5 0.375 0.75 0.125 0.75 0.875 0.5 0.875 0.75 0.625 0.75</float_array>
          <technique_common>
            <accessor source="#Cube_001-mesh-map-0-array" count="36" stride="2">
              <param name="S" type="float"/>
              <param name="T" type="float"/>
            </accessor>
          </technique_common>
        </source>
        <vertices id="Cube_001-mesh-vertices">
          <input semantic="POSITION" source="#Cube_001-mesh-positions"/>
        </vertices>
        <triangles count="12">
          <input semantic="VERTEX" source="#Cube_001-mesh-vertices" offset="0"/>
          <input semantic="NORMAL" source="#Cube_001-mesh-normals" offset="1"/>
          <input semantic="TEXCOORD" source="#Cube_001-mesh-map-0" offset="2" set="0"/>
          <p>1 0 0 2 0 1 0 0 2 3 1 3 6 1 4 2 1 5 7 2 6 4 2 7 6 2 8 5 3 9 0 3 10 4 3 11 6 4 12 0 4 13 2 4 14 3 5 15 5 5 16 7 5 17 1 0 18 3 0 19 2 0 20 3 1 21 7 1 22 6 1 23 7 2 24 5 2 25 4 2 26 5 3 27 1 3 28 0 3 29 6 4 30 4 4 31 0 4 32 3 5 33 1 5 34 5 5 35</p>
        </triangles>
      </mesh>
    </geometry>
    <geometry id="Cylinder_003-mesh" name="Cylinder.003">
      <mesh>
        <source id="Cylinder_003-mesh-positions">
          <float_array id="Cylinder_003-mesh-positions-array" count="768">0 7 -1 0 7 1 0.3434737 6.991568 -1 0.3434737 6.991568 1 0.68612 6.966293 -1 0.68612 6.966293 1 1.027113 6.924235 -1 1.027113 6.924235 1 1.365632 6.865497 -1 1.365632 6.865497 1 1.700861 6.790219 -1 1.700861 6.790219 1 2.031993 6.698583 -1 2.031993 6.698583 1 2.358229 6.590808 -1 2.358229 6.590808 1 2.678784 6.467157 -1 2.678784 6.467157 1 2.992885 6.327925 -1 2.992885 6.327925 1 3.299777 6.173449 -1 3.299777 6.173449 1 3.598719 6.0041 -1 3.598719 6.0041 1 3.888992 5.820287 -1 3.888992 5.820287 1 4.169895 5.622453 -1 4.169895 5.622453 1 4.440753 5.411073 -1 4.440753 5.411073 1 4.700913 5.186657 -1 4.700913 5.186657 1 4.949748 4.949747 -1 4.949748 4.949747 1 5.186658 4.700912 -1 5.186658 4.700912 1 5.411074 4.440752 -1 5.411074 4.440752 1 5.622454 4.169894 -1 5.622454 4.169894 1 5.820288 3.888991 -1 5.820288 3.888991 1 6.004101 3.598718 -1 6.004101 3.598718 1 6.173449 3.299776 -1 6.173449 3.299776 1 6.327926 2.992884 -1 6.327926 2.992884 1 6.467157 2.678782 -1 6.467157 2.678782 1 6.590809 2.358227 -1 6.590809 2.358227 1 6.698583 2.031991 -1 6.698583 2.031991 1 6.790219 1.700859 -1 6.790219 1.700859 1 6.865498 1.36563 -1 6.865498 1.36563 1 6.924236 1.027111 -1 6.924236 1.027111 1 6.966293 0.6861175 -1 6.966293 0.6861175 1 6.991568 0.3434711 -1 6.991568 0.3434711 1 7 -2.80937e-6 -1 7 -2.80937e-6 1 6.991568 -0.3434767 -1 6.991568 -0.3434767 1 6.966292 -0.6861231 -1 6.966292 -0.6861231 1 6.924235 -1.027117 -1 6.924235 -1.027117 1 6.865496 -1.365636 -1 6.865496 -1.365636 1 6.790218 -1.700865 -1 6.790218 -1.700865 1 6.698581 -2.031996 -1 6.698581 -2.031996 1 6.590807 -2.358232 -1 6.590807 -2.358232 1 6.467155 -2.678788 -1 6.467155 -2.678788 1 6.327924 -2.992888 -1 6.327924 -2.992888 1 6.173448 -3.299779 -1 6.173448 -3.299779 1 6.004099 -3.598721 -1 6.004099 -3.598721 1 5.820287 -3.888993 -1 5.820287 -3.888993 1 5.622453 -4.169896 -1 5.622453 -4.169896 1 5.411074 -4.440753 -1 5.411074 -4.440753 1 5.186659 -4.700912 -1 5.186659 -4.700912 1 4.949748 -4.949746 -1 4.949748 -4.949746 1 4.700914 -5.186656 -1 4.700914 -5.186656 1 4.440755 -5.411071 -1 4.440755 -5.411071 1 4.169898 -5.62245 -1 4.169898 -5.62245 1 3.888995 -5.820285 -1 3.888995 -5.820285 1 3.598723 -6.004098 -1 3.598723 -6.004098 1 3.299782 -6.173446 -1 3.299782 -6.173446 1 2.992891 -6.327922 -1 2.992891 -6.327922 1 2.678791 -6.467154 -1 2.678791 -6.467154 1 2.358236 -6.590806 -1 2.358236 -6.590806 1 2.032001 -6.69858 -1 2.032001 -6.69858 1 1.70087 -6.790216 -1 1.70087 -6.790216 1 1.365642 -6.865495 -1 1.365642 -6.865495 1 1.027124 -6.924234 -1 1.027124 -6.924234 1 0.6861312 -6.966292 -1 0.6861312 -6.966292 1 0.3434857 -6.991568 -1 0.3434857 -6.991568 1 1.27395e-5 -7 -1 1.27395e-5 -7 1 -0.3434603 -6.991569 -1 -0.3434603 -6.991569 1 -0.6861059 -6.966294 -1 -0.6861059 -6.966294 1 -1.027099 -6.924238 -1 -1.027099 -6.924238 1 -1.365617 -6.8655 -1 -1.365617 -6.8655 1 -1.700845 -6.790223 -1 -1.700845 -6.790223 1 -2.031977 -6.698587 -1 -2.031977 -6.698587 1 -2.358212 -6.590814 -1 -2.358212 -6.590814 1 -2.678767 -6.467164 -1 -2.678767 -6.467164 1 -2.992868 -6.327933 -1 -2.992868 -6.327933 1 -3.29976 -6.173458 -1 -3.29976 -6.173458 1 -3.598702 -6.004111 -1 -3.598702 -6.004111 1 -3.888974 -5.820299 -1 -3.888974 -5.820299 1 -4.169878 -5.622466 -1 -4.169878 -5.622466 1 -4.440736 -5.411087 -1 -4.440736 -5.411087 1 -4.700896 -5.186673 -1 -4.700896 -5.186673 1 -4.949731 -4.949764 -1 -4.949731 -4.949764 1 -5.186642 -4.700931 -1 -5.186642 -4.700931 1 -5.411058 -4.440771 -1 -5.411058 -4.440771 1 -5.622439 -4.169913 -1 -5.622439 -4.169913 1 -5.820275 -3.88901 -1 -5.820275 -3.88901 1 -6.00409 -3.598737 -1 -6.00409 -3.598737 1 -6.173439 -3.299794 -1 -6.173439 -3.299794 1 -6.327917 -2.992902 -1 -6.327917 -2.992902 1 -6.46715 -2.678801 -1 -6.46715 -2.678801 1 -6.590803 -2.358245 -1 -6.590803 -2.358245 1 -6.698578 -2.032008 -1 -6.698578 -2.032008 1 -6.790215 -1.700876 -1 -6.790215 -1.700876 1 -6.865494 -1.365646 -1 -6.865494 -1.365646 1 -6.924233 -1.027126 -1 -6.924233 -1.027126 1 -6.966292 -0.6861318 -1 -6.966292 -0.6861318 1 -6.991568 -0.3434846 -1 -6.991568 -0.3434846 1 -7 -9.93011e-6 -1 -7 -9.93011e-6 1 -6.991569 0.3434648 -1 -6.991569 0.3434648 1 -6.966294 0.6861121 -1 -6.966294 0.6861121 1 -6.924236 1.027106 -1 -6.924236 1.027106 1 -6.865498 1.365626 -1 -6.865498 1.365626 1 -6.79022 1.700856 -1 -6.79022 1.700856 1 -6.698584 2.031989 -1 -6.698584 2.031989 1 -6.59081 2.358226 -1 -6.59081 2.358226 1 -6.467157 2.678782 -1 -6.467157 2.678782 1 -6.327926 2.992885 -1 -6.327926 2.992885 1 -6.173449 3.299777 -1 -6.173449 3.299777 1 -6.0041 3.59872 -1 -6.0041 3.59872 1 -5.820286 3.888993 -1 -5.820286 3.888993 1 -5.622451 4.169897 -1 -5.622451 4.169897 1 -5.411071 4.440756 -1 -5.411071 4.440756 1 -5.186655 4.700916 -1 -5.186655 4.700916 1 -4.949744 4.949751 -1 -4.949744 4.949751 1 -4.700908 5.186663 -1 -4.700908 5.186663 1 -4.440747 5.411078 -1 -4.440747 5.411078 1 -4.169888 5.622458 -1 -4.169888 5.622458 1 -3.888984 5.820292 -1 -3.888984 5.820292 1 -3.59871 6.004106 -1 -3.59871 6.004106 1 -3.299767 6.173454 -1 -3.299767 6.173454 1 -2.992874 6.32793 -1 -2.992874 6.32793 1 -2.678772 6.467162 -1 -2.678772 6.467162 1 -2.358216 6.590814 -1 -2.358216 6.590814 1 -2.031978 6.698586 -1 -2.031978 6.698586 1 -1.700845 6.790223 -1 -1.700845 6.790223 1 -1.365615 6.8655 -1 -1.365615 6.8655 1 -1.027095 6.924238 -1 -1.027095 6.924238 1 -0.6861008 6.966295 -1 -0.6861008 6.966295 1 -0.3434535 6.991569 -1 -0.3434535 6.991569 1</float_array>
          <technique_common>
            <accessor source="#Cylinder_003-mesh-positions-array" count="256" stride="3">
              <param name="X" type="float"/>
              <param name="Y" type="float"/>
              <param name="Z" type="float"/>
            </accessor>
          </technique_common>
        </source>
        <source id="Cylinder_003-mesh-normals">
          <float_array id="Cylinder_003-mesh-normals-array" count="585">0.02454149 0.9996988 0 0.07356488 0.9972904 0 0.1224107 0.9924796 0 0.1709622 0.9852777 0 0.2191002 0.9757024 0 0.2667123 0.9637762 0 0.3136827 0.9495279 0 0.3598943 0.9329931 0 0.4052418 0.9142096 0 0.4496108 0.8932246 0 0.4928978 0.8700872 0 0.5349981 0.8448534 0 0.5758076 0.8175852 0 0.6152303 0.7883475 0 0.653174 0.7572079 0 0.6895393 0.7242483 0 0.7242483 0.6895393 0 0.7572079 0.653174 0 0.7883464 0.6152319 0 0.8175854 0.5758073 0 0.844855 0.5349955 0 0.8700869 0.4928985 0 0.8932245 0.4496111 0 0.91421 0.405241 0 0.9329931 0.3598943 0 0.9495285 0.3136813 0 0.9637759 0.2667133 0 0.9757022 0.2191014 0 0.9852777 0.1709621 0 0.9924794 0.122412 0 0.9972907 0.07356214 0 0.9996988 0.02454012 0 0.9996988 -0.02454286 0 0.9972905 -0.07356488 0 0.9924798 -0.1224092 0 0.9852777 -0.1709621 0 0.9757021 -0.2191016 0 0.9637759 -0.2667132 0 0.9495283 -0.3136814 0 0.9329931 -0.3598943 0 0.9142093 -0.4052423 0 0.8932241 -0.4496119 0 0.8700878 -0.492897 0 0.8448539 -0.5349971 0 0.8175852 -0.5758076 0 0.7883465 -0.6152315 0 0.7572087 -0.653173 0 0.724247 -0.6895407 0 0.6895414 -0.7242463 0 0.6531745 -0.7572074 0 0.6152308 -0.7883471 0 0.575809 -0.8175844 0 0.5349981 -0.8448534 0 0.4928986 -0.8700868 0 0.4496119 -0.8932241 0 0.4052423 -0.9142093 0 0.3598965 -0.9329923 0 0.3136823 -0.9495281 0 0.266714 -0.9637758 0 0.2191033 -0.9757018 0 0.1709625 -0.9852776 0 0.1224122 -0.9924793 0 0.07356643 -0.9972904 0 0.02454292 -0.9996988 0 -0.02453881 -0.9996989 0 -0.07356369 -0.9972906 0 -0.1224081 -0.9924799 0 -0.1709597 -0.9852781 0 -0.2190992 -0.9757027 0 -0.266711 -0.9637767 0 -0.3136793 -0.949529 0 -0.3598924 -0.9329939 0 -0.4052383 -0.9142111 0 -0.4496091 -0.8932254 0 -0.4928959 -0.8700883 0 -0.5349961 -0.8448545 0 -0.5758062 -0.8175863 0 -0.6152291 -0.7883485 0 -0.6531702 -0.7572112 0 -0.6895372 -0.7242504 0 -0.724245 -0.6895428 0 -0.7572066 -0.6531755 0 -0.7883445 -0.6152343 0 -0.817583 -0.5758107 0 -0.8448514 -0.5350012 0 -0.8700858 -0.4929003 0 -0.8932235 -0.449613 0 -0.9142089 -0.4052433 0 -0.9329915 -0.3598985 0 -0.9495277 -0.3136835 0 -0.9637761 -0.2667128 0 -0.9757017 -0.2191036 0 -0.9852772 -0.1709644 0 -0.9924791 -0.1224145 0 -0.9972906 -0.0735647 0 -0.9996988 -0.0245428 0 -0.9996989 0.02454006 0 -0.9972907 0.0735619 0 -0.9924795 0.1224117 0 -0.9852777 0.1709617 0 -0.9757023 0.2191009 0 -0.9637761 0.2667126 0 -0.9495286 0.3136806 0 -0.9329924 0.359896 0 -0.9142103 0.4052402 0 -0.8932249 0.4496102 0 -0.8700872 0.4928978 0 -0.8448544 0.5349966 0 -0.8175848 0.5758082 0 -0.7883468 0.6152312 0 -0.7572092 0.6531726 0 -0.7242456 0.6895422 0 -0.6895408 0.7242469 0 -0.6531718 0.7572098 0 -0.6152312 0.7883468 0 -0.5758076 0.8175852 0 -0.5349962 0.8448545 0 -0.4928973 0.8700876 0 -0.4496102 0.8932249 0 -0.4052402 0.9142103 0 -0.3598934 0.9329934 0 -0.3136781 0.9495294 0 -0.2667112 0.9637765 0 -0.2190993 0.9757026 0 -0.1709589 0.9852783 0 -0.1224089 0.9924798 0 -0.07356053 0.9972909 0 -0.02454018 0.9996989 0 0.1224106 0.9924796 0 0.1709621 0.9852777 0 0.2191001 0.9757024 0 0.2667121 0.9637764 0 0.3598948 0.9329929 0 0.4052413 0.9142098 0 0.4496113 0.8932243 0 0.4928985 0.8700869 0 0.5349975 0.8448537 0 0.575809 0.8175844 0 0.6152316 0.7883464 0 0.6895407 0.7242469 0 0.7242469 0.6895408 0 0.7572093 0.6531724 0 0.8175842 0.5758092 0 0.8448537 0.5349975 0 0.9329922 0.3598967 0 0.9495292 0.3136788 0 0.9852781 0.1709594 0 0.9924798 0.1224092 0 0.9972905 0.07356488 0 0.9996988 0.02454286 0 0.9996988 -0.02454012 0 0.9972903 -0.07356762 0 0.9852771 -0.1709648 0 0.9495275 -0.3136839 0 0.8700866 -0.4928991 0 0.8448527 -0.5349991 0 0.7242456 -0.6895421 0 0.68954 -0.7242476 0 0.6531732 -0.7572087 0 0.6152322 -0.7883461 0 0.5758096 -0.8175839 0 0.5349987 -0.8448529 0 0.07356643 -0.9972903 0 0.02454292 -0.9996988 0 -0.02453881 -0.9996989 0 -0.07356363 -0.9972906 0 -0.1224082 -0.9924799 0 -0.4928953 -0.8700886 0 -0.5349955 -0.844855 0 -0.5758048 -0.8175872 0 -0.6152277 -0.7883496 0 -0.6531715 -0.75721 0 -0.6895385 -0.7242491 0 -0.8448527 -0.5349992 0 -0.8932224 -0.4496152 0 -0.9637753 -0.2667154 0 -0.9852777 -0.1709617 0 -0.9924794 -0.1224117 0 -0.9972903 -0.07356745 0 -0.9972906 0.0735647 0 -0.9924798 0.1224089 0 -0.9852782 0.1709589 0 -0.9757028 0.2190982 0 -0.8932238 0.4496124 0 -0.8700861 0.4929 0 -0.844853 0.5349985 0 -0.8175835 0.5758101 0 -0.7242469 0.6895408 0 -0.6895394 0.7242482 0 -0.6152299 0.7883479 0 -0.5758063 0.8175861 0 -0.4496096 0.8932252 0 -0.3136777 0.9495295 0 -0.2190995 0.9757025 0 -0.1224089 0.9924798 0</float_array>
          <technique_common>
            <accessor source="#Cylinder_003-mesh-normals-array" count="195" stride="3">
              <param name="X" type="float"/>
              <param name="Y" type="float"/>
              <param name="Z" type="float"/>
            </accessor>
          </technique_common>
        </source>
        <source id="Cylinder_003-mesh-map-0">
          <float_array id="Cylinder_003-mesh-map-0-array" count="1536">1 1 0.9921875 0 1 0 0.9921875 1 0.984375 0 0.9921875 0 0.984375 1 0.9765625 0 0.984375 0 0.9765625 1 0.96875 0 0.9765625 0 0.96875 1 0.9609375 0 0.96875 0 0.9609375 1 0.953125 0 0.9609375 0 0.953125 1 0.9453125 0 0.953125 0 0.9453125 1 0.9375 0 0.9453125 0 0.9375 1 0.9296875 0 0.9375 0 0.9296875 1 0.921875 0 0.9296875 0 0.921875 1 0.9140625 0 0.921875 0 0.9140625 1 0.90625 0 0.9140625 0 0.90625 1 0.8984375 0 0.90625 0 0.8984375 1 0.890625 0 0.8984375 0 0.890625 1 0.8828125 0 0.890625 0 0.8828125 1 0.875 0 0.8828125 0 0.875 1 0.8671875 0 0.875 0 0.8671875 1 0.859375 0 0.8671875 0 0.859375 1 0.8515625 0 0.859375 0 0.8515625 1 0.84375 0 0.8515625 0 0.84375 1 0.8359375 0 0.84375 0 0.8359375 1 0.828125 0 0.8359375 0 0.828125 1 0.8203125 0 0.828125 0 0.8203125 1 0.8125 0 0.8203125 0 0.8125 1 0.8046875 0 0.8125 0 0.8046875 1 0.796875 0 0.8046875 0 0.796875 1 0.7890625 0 0.796875 0 0.7890625 1 0.78125 0 0.7890625 0 0.78125 1 0.7734375 0 0.78125 0 0.7734375 1 0.765625 0 0.7734375 0 0.765625 1 0.7578125 0 0.765625 0 0.7578125 1 0.75 0 0.7578125 0 0.75 1 0.7421875 0 0.75 0 0.7421875 1 0.734375 0 0.7421875 0 0.734375 1 0.7265625 0 0.734375 0 0.7265625 1 0.71875 0 0.7265625 0 0.71875 1 0.7109375 0 0.71875 0 0.7109375 1 0.703125 0 0.7109375 0 0.703125 1 0.6953125 0 0.703125 0 0.6953125 1 0.6875 0 0.6953125 0 0.6875 1 0.6796875 0 0.6875 0 0.6796875 1 0.671875 0 0.6796875 0 0.671875 1 0.6640625 0 0.671875 0 0.6640625 1 0.65625 0 0.6640625 0 0.65625 1 0.6484375 0 0.65625 0 0.6484375 1 0.640625 0 0.6484375 0 0.640625 1 0.6328125 0 0.640625 0 0.6328125 1 0.625 0 0.6328125 0 0.625 1 0.6171875 0 0.625 0 0.6171875 1 0.609375 0 0.6171875 0 0.609375 1 0.6015625 0 0.609375 0 0.6015625 1 0.59375 0 0.6015625 0 0.59375 1 0.5859375 0 0.59375 0 0.5859375 1 0.578125 0 0.5859375 0 0.578125 1 0.5703125 0 0.578125 0 0.5703125 1 0.5625 0 0.5703125 0 0.5625 1 0.5546875 0 0.5625 0 0.5546875 1 0.546875 0 0.5546875 0 0.546875 1 0.5390625 0 0.546875 0 0.5390625 1 0.53125 0 0.5390625 0 0.53125 1 0.5234375 0 0.53125 0 0.5234375 1 0.515625 0 0.5234375 0 0.515625 1 0.5078125 0 0.515625 0 0.5078125 1 0.5 0 0.5078125 0 0.5 1 0.4921875 0 0.5 0 0.4921875 1 0.484375 0 0.4921875 0 0.484375 1 0.4765625 0 0.484375 0 0.4765625 1 0.46875 0 0.4765625 0 0.46875 1 0.4609375 0 0.46875 0 0.4609375 1 0.453125 0 0.4609375 0 0.453125 1 0.4453125 0 0.453125 0 0.4453125 1 0.4375 0 0.4453125 0 0.4375 1 0.4296875 0 0.4375 0 0.4296875 1 0.421875 0 0.4296875 0 0.421875 1 0.4140625 0 0.421875 0 0.4140625 1 0.40625 0 0.4140625 0 0.40625 1 0.3984375 0 0.40625 0 0.3984375 1 0.390625 0 0.3984375 0 0.390625 1 0.3828125 0 0.390625 0 0.3828125 1 0.375 0 0.3828125 0 0.375 1 0.3671875 0 0.375 0 0.3671875 1 0.359375 0 0.3671875 0 0.359375 1 0.3515625 0 0.359375 0 0.3515625 1 0.34375 0 0.3515625 0 0.34375 1 0.3359375 0 0.34375 0 0.3359375 1 0.328125 0 0.3359375 0 0.328125 1 0.3203125 0 0.328125 0 0.3203125 1 0.3125 0 0.3203125 0 0.3125 1 0.3046875 0 0.3125 0 0.3046875 1 0.296875 0 0.3046875 0 0.296875 1 0.2890625 0 0.296875 0 0.2890625 1 0.28125 0 0.2890625 0 0.28125 1 0.2734375 0 0.28125 0 0.2734375 1 0.265625 0 0.2734375 0 0.265625 1 0.2578125 0 0.265625 0 0.2578125 1 0.25 0 0.2578125 0 0.25 1 0.2421875 0 0.25 0 0.2421875 1 0.234375 0 0.2421875 0 0.234375 1 0.2265625 0 0.234375 0 0.2265625 1 0.21875 0 0.2265625 0 0.21875 1 0.2109375 0 0.21875 0 0.2109375 1 0.203125 0 0.2109375 0 0.203125 1 0.1953125 0 0.203125 0 0.1953125 1 0.1875 0 0.1953125 0 0.1875 1 0.1796875 0 0.1875 0 0.1796875 1 0.171875 0 0.1796875 0 0.171875 1 0.1640625 0 0.171875 0 0.1640625 1 0.15625 0 0.1640625 0 0.15625 1 0.1484375 0 0.15625 0 0.1484375 1 0.140625 0 0.1484375 0 0.140625 1 0.1328125 0 0.140625 0 0.1328125 1 0.125 0 0.1328125 0 0.125 1 0.1171875 0 0.125 0 0.1171875 1 0.109375 0 0.1171875 0 0.109375 1 0.1015625 0 0.109375 0 0.1015625 1 0.09375 0 0.1015625 0 0.09375 1 0.0859375 0 0.09375 0 0.0859375 1 0.078125 0 0.0859375 0 0.078125 1 0.0703125 0 0.078125 0 0.0703125 1 0.0625 0 0.0703125 0 0.0625 1 0.0546875 0 0.0625 0 0.0546875 1 0.046875 0 0.0546875 0 0.046875 1 0.0390625 0 0.046875 0 0.0390625 1 0.03125 0 0.0390625 0 0.03125 1 0.0234375 0 0.03125 0 0.0234375 1 0.015625 0 0.0234375 0 0.015625 1 0.0078125 0 0.015625 0 0.0078125 1 0 0 0.0078125 0 1 1 0.9921875 1 0.9921875 0 0.9921875 1 0.984375 1 0.984375 0 0.984375 1 0.9765625 1 0.9765625 0 0.9765625 1 0.96875 1 0.96875 0 0.96875 1 0.9609375 1 0.9609375 0 0.9609375 1 0.953125 1 0.953125 0 0.953125 1 0.9453125 1 0.9453125 0 0.9453125 1 0.9375 1 0.9375 0 0.9375 1 0.9296875 1 0.9296875 0 0.9296875 1 0.921875 1 0.921875 0 0.921875 1 0.9140625 1 0.9140625 0 0.9140625 1 0.90625 1 0.90625 0 0.90625 1 0.8984375 1 0.8984375 0 0.8984375 1 0.890625 1 0.890625 0 0.890625 1 0.8828125 1 0.8828125 0 0.8828125 1 0.875 1 0.875 0 0.875 1 0.8671875 1 0.8671875 0 0.8671875 1 0.859375 1 0.859375 0 0.859375 1 0.8515625 1 0.8515625 0 0.8515625 1 0.84375 1 0.84375 0 0.84375 1 0.8359375 1 0.8359375 0 0.8359375 1 0.828125 1 0.828125 0 0.828125 1 0.8203125 1 0.8203125 0 0.8203125 1 0.8125 1 0.8125 0 0.8125 1 0.8046875 1 0.8046875 0 0.8046875 1 0.796875 1 0.796875 0 0.796875 1 0.7890625 1 0.7890625 0 0.7890625 1 0.78125 1 0.78125 0 0.78125 1 0.7734375 1 0.7734375 0 0.7734375 1 0.765625 1 0.765625 0 0.765625 1 0.7578125 1 0.7578125 0 0.7578125 1 0.75 1 0.75 0 0.75 1 0.7421875 1 0.7421875 0 0.7421875 1 0.734375 1 0.734375 0 0.734375 1 0.7265625 1 0.7265625 0 0.7265625 1 0.71875 1 0.71875 0 0.71875 1 0.7109375 1 0.7109375 0 0.7109375 1 0.703125 1 0.703125 0 0.703125 1 0.6953125 1 0.6953125 0 0.6953125 1 0.6875 1 0.6875 0 0.6875 1 0.6796875 1 0.6796875 0 0.6796875 1 0.671875 1 0.671875 0 0.671875 1 0.6640625 1 0.6640625 0 0.6640625 1 0.65625 1 0.65625 0 0.65625 1 0.6484375 1 0.6484375 0 0.6484375 1 0.640625 1 0.640625 0 0.640625 1 0.6328125 1 0.6328125 0 0.6328125 1 0.625 1 0.625 0 0.625 1 0.6171875 1 0.6171875 0 0.6171875 1 0.609375 1 0.609375 0 0.609375 1 0.6015625 1 0.6015625 0 0.6015625 1 0.59375 1 0.59375 0 0.59375 1 0.5859375 1 0.5859375 0 0.5859375 1 0.578125 1 0.578125 0 0.578125 1 0.5703125 1 0.5703125 0 0.5703125 1 0.5625 1 0.5625 0 0.5625 1 0.5546875 1 0.5546875 0 0.5546875 1 0.546875 1 0.546875 0 0.546875 1 0.5390625 1 0.5390625 0 0.5390625 1 0.53125 1 0.53125 0 0.53125 1 0.5234375 1 0.5234375 0 0.5234375 1 0.515625 1 0.515625 0 0.515625 1 0.5078125 1 0.5078125 0 0.5078125 1 0.5 1 0.5 0 0.5 1 0.4921875 1 0.4921875 0 0.4921875 1 0.484375 1 0.484375 0 0.484375 1 0.4765625 1 0.4765625 0 0.4765625 1 0.46875 1 0.46875 0 0.46875 1 0.4609375 1 0.4609375 0 0.4609375 1 0.453125 1 0.453125 0 0.453125 1 0.4453125 1 0.4453125 0 0.4453125 1 0.4375 1 0.4375 0 0.4375 1 0.4296875 1 0.4296875 0 0.4296875 1 0.421875 1 0.421875 0 0.421875 1 0.4140625 1 0.4140625 0 0.4140625 1 0.40625 1 0.40625 0 0.40625 1 0.3984375 1 0.3984375 0 0.3984375 1 0.390625 1 0.390625 0 0.390625 1 0.3828125 1 0.3828125 0 0.3828125 1 0.375 1 0.375 0 0.375 1 0.3671875 1 0.3671875 0 0.3671875 1 0.359375 1 0.359375 0 0.359375 1 0.3515625 1 0.3515625 0 0.3515625 1 0.34375 1 0.34375 0 0.34375 1 0.3359375 1 0.3359375 0 0.3359375 1 0.328125 1 0.328125 0 0.328125 1 0.3203125 1 0.3203125 0 0.3203125 1 0.3125 1 0.3125 0 0.3125 1 0.3046875 1 0.3046875 0 0.3046875 1 0.296875 1 0.296875 0 0.296875 1 0.2890625 1 0.2890625 0 0.2890625 1 0.28125 1 0.28125 0 0.28125 1 0.2734375 1 0.2734375 0 0.2734375 1 0.265625 1 0.265625 0 0.265625 1 0.2578125 1 0.2578125 0 0.2578125 1 0.25 1 0.25 0 0.25 1 0.2421875 1 0.2421875 0 0.2421875 1 0.234375 1 0.234375 0 0.234375 1 0.2265625 1 0.2265625 0 0.2265625 1 0.21875 1 0.21875 0 0.21875 1 0.2109375 1 0.2109375 0 0.2109375 1 0.203125 1 0.203125 0 0.203125 1 0.1953125 1 0.1953125 0 0.1953125 1 0.1875 1 0.1875 0 0.1875 1 0.1796875 1 0.1796875 0 0.1796875 1 0.171875 1 0.171875 0 0.171875 1 0.1640625 1 0.1640625 0 0.1640625 1 0.15625 1 0.15625 0 0.15625 1 0.1484375 1 0.1484375 0 0.1484375 1 0.140625 1 0.140625 0 0.140625 1 0.1328125 1 0.1328125 0 0.1328125 1 0.125 1 0.125 0 0.125 1 0.1171875 1 0.1171875 0 0.1171875 1 0.109375 1 0.109375 0 0.109375 1 0.1015625 1 0.1015625 0 0.1015625 1 0.09375 1 0.09375 0 0.09375 1 0.0859375 1 0.0859375 0 0.0859375 1 0.078125 1 0.078125 0 0.078125 1 0.0703125 1 0.0703125 0 0.0703125 1 0.0625 1 0.0625 0 0.0625 1 0.0546875 1 0.0546875 0 0.0546875 1 0.046875 1 0.046875 0 0.046875 1 0.0390625 1 0.0390625 0 0.0390625 1 0.03125 1 0.03125 0 0.03125 1 0.0234375 1 0.0234375 0 0.0234375 1 0.015625 1 0.015625 0 0.015625 1 0.0078125 1 0.0078125 0 0.0078125 1 0 1 0 0</float_array>
          <technique_common>
            <accessor source="#Cylinder_003-mesh-map-0-array" count="768" stride="2">
              <param name="S" type="float"/>
              <param name="T" type="float"/>
            </accessor>
          </technique_common>
        </source>
        <vertices id="Cylinder_003-mesh-vertices">
          <input semantic="POSITION" source="#Cylinder_003-mesh-positions"/>
        </vertices>
        <triangles count="256">
          <input semantic="VERTEX" source="#Cylinder_003-mesh-vertices" offset="0"/>
          <input semantic="NORMAL" source="#Cylinder_003-mesh-normals" offset="1"/>
          <input semantic="TEXCOORD" source="#Cylinder_003-mesh-map-0" offset="2" set="0"/>
          <p>1 0 0 2 0 1 0 0 2 3 1 3 4 1 4 2 1 5 5 2 6 6 2 7 4 2 8 7 3 9 8 3 10 6 3 11 9 4 12 10 4 13 8 4 14 11 5 15 12 5 16 10 5 17 13 6 18 14 6 19 12 6 20 15 7 21 16 7 22 14 7 23 17 8 24 18 8 25 16 8 26 19 9 27 20 9 28 18 9 29 21 10 30 22 10 31 20 10 32 23 11 33 24 11 34 22 11 35 25 12 36 26 12 37 24 12 38 27 13 39 28 13 40 26 13 41 29 14 42 30 14 43 28 14 44 31 15 45 32 15 46 30 15 47 33 16 48 34 16 49 32 16 50 35 17 51 36 17 52 34 17 53 37 18 54 38 18 55 36 18 56 39 19 57 40 19 58 38 19 59 41 20 60 42 20 61 40 20 62 43 21 63 44 21 64 42 21 65 45 22 66 46 22 67 44 22 68 47 23 69 48 23 70 46 23 71 49 24 72 50 24 73 48 24 74 51 25 75 52 25 76 50 25 77 53 26 78 54 26 79 52 26 80 55 27 81 56 27 82 54 27 83 57 28 84 58 28 85 56 28 86 59 29 87 60 29 88 58 29 89 61 30 90 62 30 91 60 30 92 63 31 93 64 31 94 62 31 95 65 32 96 66 32 97 64 32 98 67 33 99 68 33 100 66 33 101 69 34 102 70 34 103 68 34 104 71 35 105 72 35 106 70 35 107 73 36 108 74 36 109 72 36 110 75 37 111 76 37 112 74 37 113 77 38 114 78 38 115 76 38 116 79 39 117 80 39 118 78 39 119 81 40 120 82 40 121 80 40 122 83 41 123 84 41 124 82 41 125 85 42 126 86 42 127 84 42 128 87 43 129 88 43 130 86 43 131 89 44 132 90 44 133 88 44 134 91 45 135 92 45 136 90 45 137 93 46 138 94 46 139 92 46 140 95 47 141 96 47 142 94 47 143 97 48 144 98 48 145 96 48 146 99 49 147 100 49 148 98 49 149 101 50 150 102 50 151 100 50 152 103 51 153 104 51 154 102 51 155 105 52 156 106 52 157 104 52 158 107 53 159 108 53 160 106 53 161 109 54 162 110 54 163 108 54 164 111 55 165 112 55 166 110 55 167 113 56 168 114 56 169 112 56 170 115 57 171 116 57 172 114 57 173 117 58 174 118 58 175 116 58 176 119 59 177 120 59 178 118 59 179 121 60 180 122 60 181 120 60 182 123 61 183 124 61 184 122 61 185 125 62 186 126 62 187 124 62 188 127 63 189 128 63 190 126 63 191 129 64 192 130 64 193 128 64 194 131 65 195 132 65 196 130 65 197 133 66 198 134 66 199 132 66 200 135 67 201 136 67 202 134 67 203 137 68 204 138 68 205 136 68 206 139 69 207 140 69 208 138 69 209 141 70 210 142 70 211 140 70 212 143 71 213 144 71 214 142 71 215 145 72 216 146 72 217 144 72 218 147 73 219 148 73 220 146 73 221 149 74 222 150 74 223 148 74 224 151 75 225 152 75 226 150 75 227 153 76 228 154 76 229 152 76 230 155 77 231 156 77 232 154 77 233 157 78 234 158 78 235 156 78 236 159 79 237 160 79 238 158 79 239 161 80 240 162 80 241 160 80 242 163 81 243 164 81 244 162 81 245 165 82 246 166 82 247 164 82 248 167 83 249 168 83 250 166 83 251 169 84 252 170 84 253 168 84 254 171 85 255 172 85 256 170 85 257 173 86 258 174 86 259 172 86 260 175 87 261 176 87 262 174 87 263 177 88 264 178 88 265 176 88 266 179 89 267 180 89 268 178 89 269 181 90 270 182 90 271 180 90 272 183 91 273 184 91 274 182 91 275 185 92 276 186 92 277 184 92 278 187 93 279 188 93 280 186 93 281 189 94 282 190 94 283 188 94 284 191 95 285 192 95 286 190 95 287 193 96 288 194 96 289 192 96 290 195 97 291 196 97 292 194 97 293 197 98 294 198 98 295 196 98 296 199 99 297 200 99 298 198 99 299 201 100 300 202 100 301 200 100 302 203 101 303 204 101 304 202 101 305 205 102 306 206 102 307 204 102 308 207 103 309 208 103 310 206 103 311 209 104 312 210 104 313 208 104 314 211 105 315 212 105 316 210 105 317 213 106 318 214 106 319 212 106 320 215 107 321 216 107 322 214 107 323 217 108 324 218 108 325 216 108 326 219 109 327 220 109 328 218 109 329 221 110 330 222 110 331 220 110 332 223 111 333 224 111 334 222 111 335 225 112 336 226 112 337 224 112 338 227 113 339 228 113 340 226 113 341 229 114 342 230 114 343 228 114 344 231 115 345 232 115 346 230 115 347 233 116 348 234 116 349 232 116 350 235 117 351 236 117 352 234 117 353 237 118 354 238 118 355 236 118 356 239 119 357 240 119 358 238 119 359 241 120 360 242 120 361 240 120 362 243 121 363 244 121 364 242 121 365 245 122 366 246 122 367 244 122 368 247 123 369 248 123 370 246 123 371 249 124 372 250 124 373 248 124 374 251 125 375 252 125 376 250 125 377 253 126 378 254 126 379 252 126 380 255 127 381 0 127 382 254 127 383 1 0 384 3 0 385 2 0 386 3 1 387 5 1 388 4 1 389 5 128 390 7 128 391 6 128 392 7 129 393 9 129 394 8 129 395 9 130 396 11 130 397 10 130 398 11 131 399 13 131 400 12 131 401 13 6 402 15 6 403 14 6 404 15 132 405 17 132 406 16 132 407 17 133 408 19 133 409 18 133 410 19 134 411 21 134 412 20 134 413 21 135 414 23 135 415 22 135 416 23 136 417 25 136 418 24 136 419 25 137 420 27 137 421 26 137 422 27 138 423 29 138 424 28 138 425 29 14 426 31 14 427 30 14 428 31 139 429 33 139 430 32 139 431 33 140 432 35 140 433 34 140 434 35 141 435 37 141 436 36 141 437 37 18 438 39 18 439 38 18 440 39 142 441 41 142 442 40 142 443 41 143 444 43 143 445 42 143 446 43 21 447 45 21 448 44 21 449 45 22 450 47 22 451 46 22 452 47 23 453 49 23 454 48 23 455 49 144 456 51 144 457 50 144 458 51 145 459 53 145 460 52 145 461 53 26 462 55 26 463 54 26 464 55 27 465 57 27 466 56 27 467 57 146 468 59 146 469 58 146 470 59 147 471 61 147 472 60 147 473 61 148 474 63 148 475 62 148 476 63 149 477 65 149 478 64 149 479 65 150 480 67 150 481 66 150 482 67 151 483 69 151 484 68 151 485 69 34 486 71 34 487 70 34 488 71 152 489 73 152 490 72 152 491 73 36 492 75 36 493 74 36 494 75 37 495 77 37 496 76 37 497 77 153 498 79 153 499 78 153 500 79 39 501 81 39 502 80 39 503 81 40 504 83 40 505 82 40 506 83 41 507 85 41 508 84 41 509 85 154 510 87 154 511 86 154 512 87 155 513 89 155 514 88 155 515 89 44 516 91 44 517 90 44 518 91 45 519 93 45 520 92 45 521 93 46 522 95 46 523 94 46 524 95 156 525 97 156 526 96 156 527 97 157 528 99 157 529 98 157 530 99 158 531 101 158 532 100 158 533 101 159 534 103 159 535 102 159 536 103 160 537 105 160 538 104 160 539 105 161 540 107 161 541 106 161 542 107 53 543 109 53 544 108 53 545 109 54 546 111 54 547 110 54 548 111 55 549 113 55 550 112 55 551 113 56 552 115 56 553 114 56 554 115 57 555 117 57 556 116 57 557 117 58 558 119 58 559 118 58 560 119 59 561 121 59 562 120 59 563 121 60 564 123 60 565 122 60 566 123 61 567 125 61 568 124 61 569 125 162 570 127 162 571 126 162 572 127 163 573 129 163 574 128 163 575 129 164 576 131 164 577 130 164 578 131 165 579 133 165 580 132 165 581 133 166 582 135 166 583 134 166 584 135 67 585 137 67 586 136 67 587 137 68 588 139 68 589 138 68 590 139 69 591 141 69 592 140 69 593 141 70 594 143 70 595 142 70 596 143 71 597 145 71 598 144 71 599 145 72 600 147 72 601 146 72 602 147 73 603 149 73 604 148 73 605 149 167 606 151 167 607 150 167 608 151 168 609 153 168 610 152 168 611 153 169 612 155 169 613 154 169 614 155 170 615 157 170 616 156 170 617 157 171 618 159 171 619 158 171 620 159 172 621 161 172 622 160 172 623 161 80 624 163 80 625 162 80 626 163 81 627 165 81 628 164 81 629 165 82 630 167 82 631 166 82 632 167 83 633 169 83 634 168 83 635 169 173 636 171 173 637 170 173 638 171 85 639 173 85 640 172 85 641 173 174 642 175 174 643 174 174 644 175 87 645 177 87 646 176 87 647 177 88 648 179 88 649 178 88 650 179 89 651 181 89 652 180 89 653 181 175 654 183 175 655 182 175 656 183 91 657 185 91 658 184 91 659 185 176 660 187 176 661 186 176 662 187 177 663 189 177 664 188 177 665 189 178 666 191 178 667 190 178 668 191 95 669 193 95 670 192 95 671 193 96 672 195 96 673 194 96 674 195 179 675 197 179 676 196 179 677 197 180 678 199 180 679 198 180 680 199 181 681 201 181 682 200 181 683 201 182 684 203 182 685 202 182 686 203 101 687 205 101 688 204 101 689 205 102 690 207 102 691 206 102 692 207 103 693 209 103 694 208 103 695 209 104 696 211 104 697 210 104 698 211 183 699 213 183 700 212 183 701 213 184 702 215 184 703 214 184 704 215 185 705 217 185 706 216 185 707 217 186 708 219 186 709 218 186 710 219 109 711 221 109 712 220 109 713 221 110 714 223 110 715 222 110 716 223 187 717 225 187 718 224 187 719 225 188 720 227 188 721 226 188 722 227 113 723 229 113 724 228 113 725 229 189 726 231 189 727 230 189 728 231 190 729 233 190 730 232 190 731 233 116 732 235 116 733 234 116 734 235 117 735 237 117 736 236 117 737 237 191 738 239 191 739 238 191 740 239 119 741 241 119 742 240 119 743 241 120 744 243 120 745 242 120 746 243 192 747 245 192 748 244 192 749 245 122 750 247 122 751 246 122 752 247 193 753 249 193 754 248 193 755 249 124 756 251 124 757 250 124 758 251 194 759 253 194 760 252 194 761 253 126 762 255 126 763 254 126 764 255 127 765 1 127 766 0 127 767</p>
        </triangles>
      </mesh>
    </geometry>
    <geometry id="Cylinder_002-mesh" name="Cylinder.002">
      <mesh>
        <source id="Cylinder_002-mesh-positions">
          <float_array id="Cylinder_002-mesh-positions-array" count="768">0 3 -1 0 3 1 0.147203 2.996386 -1 0.147203 2.996386 1 0.2940514 2.985554 -1 0.2940514 2.985554 1 0.4401914 2.96753 -1 0.4401914 2.96753 1 0.585271 2.942356 -1 0.585271 2.942356 1 0.7289406 2.910094 -1 0.7289406 2.910094 1 0.870854 2.870821 -1 0.870854 2.870821 1 1.010669 2.824632 -1 1.010669 2.824632 1 1.14805 2.771639 -1 1.14805 2.771639 1 1.282665 2.711968 -1 1.282665 2.711968 1 1.41419 2.645764 -1 1.41419 2.645764 1 1.542308 2.573186 -1 1.542308 2.573186 1 1.666711 2.494409 -1 1.666711 2.494409 1 1.787098 2.409623 -1 1.787098 2.409623 1 1.90318 2.319031 -1 1.90318 2.319031 1 2.014677 2.222853 -1 2.014677 2.222853 1 2.12132 2.12132 -1 2.12132 2.12132 1 2.222854 2.014677 -1 2.222854 2.014677 1 2.319032 1.90318 -1 2.319032 1.90318 1 2.409623 1.787098 -1 2.409623 1.787098 1 2.494409 1.66671 -1 2.494409 1.66671 1 2.573186 1.542308 -1 2.573186 1.542308 1 2.645764 1.41419 -1 2.645764 1.41419 1 2.711968 1.282665 -1 2.711968 1.282665 1 2.771639 1.14805 -1 2.771639 1.14805 1 2.824633 1.010669 -1 2.824633 1.010669 1 2.870821 0.8708532 -1 2.870821 0.8708532 1 2.910094 0.7289397 -1 2.910094 0.7289397 1 2.942356 0.5852701 -1 2.942356 0.5852701 1 2.96753 0.4401904 -1 2.96753 0.4401904 1 2.985554 0.2940503 -1 2.985554 0.2940503 1 2.996386 0.1472018 -1 2.996386 0.1472018 1 3 -1.20402e-6 -1 3 -1.20402e-6 1 2.996386 -0.1472042 -1 2.996386 -0.1472042 1 2.985554 -0.2940527 -1 2.985554 -0.2940527 1 2.967529 -0.4401928 -1 2.967529 -0.4401928 1 2.942356 -0.5852724 -1 2.942356 -0.5852724 1 2.910093 -0.728942 -1 2.910093 -0.728942 1 2.87082 -0.8708555 -1 2.87082 -0.8708555 1 2.824632 -1.010671 -1 2.824632 -1.010671 1 2.771638 -1.148052 -1 2.771638 -1.148052 1 2.711967 -1.282666 -1 2.711967 -1.282666 1 2.645763 -1.414191 -1 2.645763 -1.414191 1 2.573185 -1.542309 -1 2.573185 -1.542309 1 2.494409 -1.666711 -1 2.494409 -1.666711 1 2.409623 -1.787098 -1 2.409623 -1.787098 1 2.319031 -1.90318 -1 2.319031 -1.90318 1 2.222854 -2.014677 -1 2.222854 -2.014677 1 2.121321 -2.12132 -1 2.121321 -2.12132 1 2.014678 -2.222853 -1 2.014678 -2.222853 1 1.903181 -2.319031 -1 1.903181 -2.319031 1 1.787099 -2.409622 -1 1.787099 -2.409622 1 1.666712 -2.494408 -1 1.666712 -2.494408 1 1.54231 -2.573185 -1 1.54231 -2.573185 1 1.414192 -2.645763 -1 1.414192 -2.645763 1 1.282668 -2.711967 -1 1.282668 -2.711967 1 1.148053 -2.771637 -1 1.148053 -2.771637 1 1.010673 -2.824631 -1 1.010673 -2.824631 1 0.8708576 -2.87082 -1 0.8708576 -2.87082 1 0.7289444 -2.910093 -1 0.7289444 -2.910093 1 0.5852752 -2.942355 -1 0.5852752 -2.942355 1 0.440196 -2.967529 -1 0.440196 -2.967529 1 0.2940562 -2.985554 -1 0.2940562 -2.985554 1 0.1472082 -2.996386 -1 0.1472082 -2.996386 1 5.45978e-6 -3 -1 5.45978e-6 -3 1 -0.1471973 -2.996387 -1 -0.1471973 -2.996387 1 -0.2940454 -2.985555 -1 -0.2940454 -2.985555 1 -0.4401851 -2.96753 -1 -0.4401851 -2.96753 1 -0.5852645 -2.942357 -1 -0.5852645 -2.942357 1 -0.7289338 -2.910095 -1 -0.7289338 -2.910095 1 -0.8708471 -2.870823 -1 -0.8708471 -2.870823 1 -1.010662 -2.824635 -1 -1.010662 -2.824635 1 -1.148043 -2.771641 -1 -1.148043 -2.771641 1 -1.282658 -2.711971 -1 -1.282658 -2.711971 1 -1.414183 -2.645768 -1 -1.414183 -2.645768 1 -1.542301 -2.57319 -1 -1.542301 -2.57319 1 -1.666703 -2.494414 -1 -1.666703 -2.494414 1 -1.78709 -2.409628 -1 -1.78709 -2.409628 1 -1.903172 -2.319037 -1 -1.903172 -2.319037 1 -2.01467 -2.22286 -1 -2.01467 -2.22286 1 -2.121313 -2.121328 -1 -2.121313 -2.121328 1 -2.222846 -2.014685 -1 -2.222846 -2.014685 1 -2.319025 -1.903188 -1 -2.319025 -1.903188 1 -2.409617 -1.787106 -1 -2.409617 -1.787106 1 -2.494404 -1.666718 -1 -2.494404 -1.666718 1 -2.573181 -1.542316 -1 -2.573181 -1.542316 1 -2.64576 -1.414198 -1 -2.64576 -1.414198 1 -2.711964 -1.282673 -1 -2.711964 -1.282673 1 -2.771636 -1.148057 -1 -2.771636 -1.148057 1 -2.82463 -1.010676 -1 -2.82463 -1.010676 1 -2.870819 -0.8708605 -1 -2.870819 -0.8708605 1 -2.910092 -0.7289467 -1 -2.910092 -0.7289467 1 -2.942355 -0.5852768 -1 -2.942355 -0.5852768 1 -2.967529 -0.4401969 -1 -2.967529 -0.4401969 1 -2.985554 -0.2940565 -1 -2.985554 -0.2940565 1 -2.996386 -0.1472077 -1 -2.996386 -0.1472077 1 -3 -4.25576e-6 -1 -3 -4.25576e-6 1 -2.996387 0.1471992 -1 -2.996387 0.1471992 1 -2.985554 0.294048 -1 -2.985554 0.294048 1 -2.96753 0.4401885 -1 -2.96753 0.4401885 1 -2.942356 0.5852684 -1 -2.942356 0.5852684 1 -2.910094 0.7289385 -1 -2.910094 0.7289385 1 -2.870821 0.8708524 -1 -2.870821 0.8708524 1 -2.824633 1.010668 -1 -2.824633 1.010668 1 -2.771639 1.148049 -1 -2.771639 1.148049 1 -2.711968 1.282665 -1 -2.711968 1.282665 1 -2.645764 1.41419 -1 -2.645764 1.41419 1 -2.573186 1.542308 -1 -2.573186 1.542308 1 -2.494408 1.666711 -1 -2.494408 1.666711 1 -2.409622 1.787099 -1 -2.409622 1.787099 1 -2.31903 1.903181 -1 -2.31903 1.903181 1 -2.222852 2.014678 -1 -2.222852 2.014678 1 -2.121319 2.121322 -1 -2.121319 2.121322 1 -2.014675 2.222855 -1 -2.014675 2.222855 1 -1.903177 2.319033 -1 -1.903177 2.319033 1 -1.787095 2.409625 -1 -1.787095 2.409625 1 -1.666707 2.494411 -1 -1.666707 2.494411 1 -1.542304 2.573188 -1 -1.542304 2.573188 1 -1.414186 2.645766 -1 -1.414186 2.645766 1 -1.28266 2.71197 -1 -1.28266 2.71197 1 -1.148045 2.771641 -1 -1.148045 2.771641 1 -1.010664 2.824634 -1 -1.010664 2.824634 1 -0.8708477 2.870823 -1 -0.8708477 2.870823 1 -0.7289338 2.910095 -1 -0.7289338 2.910095 1 -0.5852637 2.942357 -1 -0.5852637 2.942357 1 -0.4401836 2.967531 -1 -0.4401836 2.967531 1 -0.2940432 2.985555 -1 -0.2940432 2.985555 1 -0.1471943 2.996387 -1 -0.1471943 2.996387 1</float_array>
          <technique_common>
            <accessor source="#Cylinder_002-mesh-positions-array" count="256" stride="3">
              <param name="X" type="float"/>
              <param name="Y" type="float"/>
              <param name="Z" type="float"/>
            </accessor>
          </technique_common>
        </source>
        <source id="Cylinder_002-mesh-normals">
          <float_array id="Cylinder_002-mesh-normals-array" count="549">0.02454173 0.9996988 0 0.07356375 0.9972906 0 0.1224109 0.9924796 0 0.1709632 0.9852774 0 0.2190997 0.9757025 0 0.2667131 0.963776 0 0.313682 0.9495281 0 0.3598945 0.9329931 0 0.4052413 0.9142099 0 0.449611 0.8932246 0 0.4928974 0.8700875 0 0.5349979 0.8448535 0 0.5758076 0.8175853 0 0.6152316 0.7883465 0 0.6531727 0.7572091 0 0.6895396 0.7242481 0 0.7242465 0.6895412 0 0.7572084 0.6531735 0 0.7883461 0.615232 0 0.8175858 0.5758069 0 0.844853 0.5349987 0 0.8700871 0.4928981 0 0.8932244 0.4496113 0 0.9142096 0.405242 0 0.9329925 0.3598958 0 0.9495291 0.3136789 0 0.9637761 0.2667129 0 0.9757019 0.2191027 0 0.9852777 0.1709616 0 0.9924798 0.1224092 0 0.9972907 0.07356214 0 0.9996988 0.02454334 0 0.9996989 -0.02454012 0 0.9972904 -0.0735653 0 0.9924794 -0.1224125 0 0.9852777 -0.1709616 0 0.9757018 -0.2191028 0 0.9637761 -0.2667129 0 0.9495283 -0.3136817 0 0.9329924 -0.3598961 0 0.91421 -0.4052408 0 0.8932253 -0.4496093 0 0.8700869 -0.4928985 0 0.8448533 -0.5349982 0 0.8175855 -0.5758073 0 0.7883452 -0.6152332 0 0.7572094 -0.6531724 0 0.7242465 -0.6895412 0 0.6895412 -0.7242465 0 0.6531733 -0.7572085 0 0.6152322 -0.788346 0 0.5758081 -0.817585 0 0.5349986 -0.844853 0 0.4928995 -0.8700863 0 0.4496122 -0.8932238 0 0.4052419 -0.9142096 0 0.3598964 -0.9329923 0 0.3136827 -0.9495279 0 0.2667135 -0.9637759 0 0.2191033 -0.9757017 0 0.1709622 -0.9852777 0 0.1224127 -0.9924793 0 0.07356554 -0.9972905 0 0.0245434 -0.9996988 0 -0.02453857 -0.9996989 0 -0.07356387 -0.9972906 0 -0.1224079 -0.9924799 0 -0.1709604 -0.9852779 0 -0.2190985 -0.9757028 0 -0.2667118 -0.9637764 0 -0.3136793 -0.9495291 0 -0.3598922 -0.932994 0 -0.4052391 -0.9142107 0 -0.4496084 -0.8932259 0 -0.4928963 -0.8700881 0 -0.5349944 -0.8448557 0 -0.5758062 -0.8175863 0 -0.6152294 -0.7883482 0 -0.6531708 -0.7572107 0 -0.6895386 -0.724249 0 -0.7242441 -0.6895437 0 -0.7572069 -0.6531753 0 -0.7883449 -0.6152336 0 -0.817584 -0.5758095 0 -0.8448517 -0.5350006 0 -0.8700857 -0.4929006 0 -0.8932234 -0.4496132 0 -0.9142096 -0.405242 0 -0.9329916 -0.3598981 0 -0.9495273 -0.3136844 0 -0.9637753 -0.2667154 0 -0.975702 -0.2191023 0 -0.9852772 -0.1709644 0 -0.9924795 -0.1224122 0 -0.9972905 -0.07356518 0 -0.9996988 -0.02454328 0 -0.9996989 0.02454006 0 -0.9972907 0.07356196 0 -0.9924794 0.1224121 0 -0.9852783 0.1709581 0 -0.975702 0.2191022 0 -0.9637763 0.2667123 0 -0.9495285 0.3136811 0 -0.9329929 0.3598951 0 -0.9142108 0.405239 0 -0.8932238 0.4496126 0 -0.8700861 0.4928998 0 -0.8448535 0.5349979 0 -0.8175836 0.5758101 0 -0.7883465 0.6152316 0 -0.7572098 0.6531718 0 -0.7242465 0.6895412 0 -0.6895388 0.7242488 0 -0.6531718 0.7572098 0 -0.6152308 0.7883471 0 -0.5758069 0.8175859 0 -0.5349964 0.8448544 0 -0.4928979 0.8700872 0 -0.449609 0.8932255 0 -0.4052401 0.9142104 0 -0.3598933 0.9329935 0 -0.3136793 0.9495291 0 -0.2667108 0.9637767 0 -0.219099 0.9757027 0 -0.1709597 0.9852781 0 -0.1224089 0.9924798 0 -0.07356029 0.9972908 0 -0.02453994 0.9996989 0 0.4052419 0.9142096 0 0.4928981 0.8700871 0 0.5349986 0.844853 0 0.5758084 0.8175848 0 0.6152324 0.7883459 0 0.6531735 0.7572084 0 0.6895412 0.7242465 0 0.7242481 0.6895396 0 0.7883477 0.61523 0 0.8175843 0.5758091 0 0.8448544 0.5349963 0 0.9142107 0.4052393 0 0.9495283 0.3136818 0 0.9757025 0.2190997 0 0.9972904 0.07356536 0 0.9996988 0.02454012 0 0.9996988 -0.02454334 0 0.9924797 -0.1224092 0 0.9142088 -0.4052435 0 0.8932241 -0.449612 0 0.7883468 -0.6152312 0 0.7572077 -0.6531742 0 0.4496116 -0.8932242 0 0.4052425 -0.9142093 0 0.359897 -0.9329921 0 0.170962 -0.9852777 0 0.0245434 -0.9996988 0 -0.02453857 -0.9996989 0 -0.1709603 -0.985278 0 -0.4052385 -0.914211 0 -0.449609 -0.8932255 0 -0.4928957 -0.8700885 0 -0.5758054 -0.8175868 0 -0.6152286 -0.7883489 0 -0.6895371 -0.7242505 0 -0.8175824 -0.5758116 0 -0.9142084 -0.4052447 0 -0.9637762 -0.2667124 0 -0.9757012 -0.2191054 0 -0.9852778 -0.1709613 0 -0.992479 -0.1224154 0 -0.9972905 0.07356518 0 -0.9924798 0.1224089 0 -0.9852778 0.1709612 0 -0.9757027 0.2190991 0 -0.9142096 0.4052417 0 -0.893225 0.44961 0 -0.8700875 0.4928974 0 -0.8175851 0.5758079 0 -0.4928987 0.8700867 0 -0.4496084 0.8932259 0 -0.2667106 0.9637768 0 -0.1709596 0.9852781 0 -0.1224089 0.9924798 0 -0.07356029 0.9972909 0</float_array>
          <technique_common>
            <accessor source="#Cylinder_002-mesh-normals-array" count="183" stride="3">
              <param name="X" type="float"/>
              <param name="Y" type="float"/>
              <param name="Z" type="float"/>
            </accessor>
          </technique_common>
        </source>
        <source id="Cylinder_002-mesh-map-0">
          <float_array id="Cylinder_002-mesh-map-0-array" count="1536">1 1 0.9921875 0 1 0 0.9921875 1 0.984375 0 0.9921875 0 0.984375 1 0.9765625 0 0.984375 0 0.9765625 1 0.96875 0 0.9765625 0 0.96875 1 0.9609375 0 0.96875 0 0.9609375 1 0.953125 0 0.9609375 0 0.953125 1 0.9453125 0 0.953125 0 0.9453125 1 0.9375 0 0.9453125 0 0.9375 1 0.9296875 0 0.9375 0 0.9296875 1 0.921875 0 0.9296875 0 0.921875 1 0.9140625 0 0.921875 0 0.9140625 1 0.90625 0 0.9140625 0 0.90625 1 0.8984375 0 0.90625 0 0.8984375 1 0.890625 0 0.8984375 0 0.890625 1 0.8828125 0 0.890625 0 0.8828125 1 0.875 0 0.8828125 0 0.875 1 0.8671875 0 0.875 0 0.8671875 1 0.859375 0 0.8671875 0 0.859375 1 0.8515625 0 0.859375 0 0.8515625 1 0.84375 0 0.8515625 0 0.84375 1 0.8359375 0 0.84375 0 0.8359375 1 0.828125 0 0.8359375 0 0.828125 1 0.8203125 0 0.828125 0 0.8203125 1 0.8125 0 0.8203125 0 0.8125 1 0.8046875 0 0.8125 0 0.8046875 1 0.796875 0 0.8046875 0 0.796875 1 0.7890625 0 0.796875 0 0.7890625 1 0.78125 0 0.7890625 0 0.78125 1 0.7734375 0 0.78125 0 0.7734375 1 0.765625 0 0.7734375 0 0.765625 1 0.7578125 0 0.765625 0 0.7578125 1 0.75 0 0.7578125 0 0.75 1 0.7421875 0 0.75 0 0.7421875 1 0.734375 0 0.7421875 0 0.734375 1 0.7265625 0 0.734375 0 0.7265625 1 0.71875 0 0.7265625 0 0.71875 1 0.7109375 0 0.71875 0 0.7109375 1 0.703125 0 0.7109375 0 0.703125 1 0.6953125 0 0.703125 0 0.6953125 1 0.6875 0 0.6953125 0 0.6875 1 0.6796875 0 0.6875 0 0.6796875 1 0.671875 0 0.6796875 0 0.671875 1 0.6640625 0 0.671875 0 0.6640625 1 0.65625 0 0.6640625 0 0.65625 1 0.6484375 0 0.65625 0 0.6484375 1 0.640625 0 0.6484375 0 0.640625 1 0.6328125 0 0.640625 0 0.6328125 1 0.625 0 0.6328125 0 0.625 1 0.6171875 0 0.625 0 0.6171875 1 0.609375 0 0.6171875 0 0.609375 1 0.6015625 0 0.609375 0 0.6015625 1 0.59375 0 0.6015625 0 0.59375 1 0.5859375 0 0.59375 0 0.5859375 1 0.578125 0 0.5859375 0 0.578125 1 0.5703125 0 0.578125 0 0.5703125 1 0.5625 0 0.5703125 0 0.5625 1 0.5546875 0 0.5625 0 0.5546875 1 0.546875 0 0.5546875 0 0.546875 1 0.5390625 0 0.546875 0 0.5390625 1 0.53125 0 0.5390625 0 0.53125 1 0.5234375 0 0.53125 0 0.5234375 1 0.515625 0 0.5234375 0 0.515625 1 0.5078125 0 0.515625 0 0.5078125 1 0.5 0 0.5078125 0 0.5 1 0.4921875 0 0.5 0 0.4921875 1 0.484375 0 0.4921875 0 0.484375 1 0.4765625 0 0.484375 0 0.4765625 1 0.46875 0 0.4765625 0 0.46875 1 0.4609375 0 0.46875 0 0.4609375 1 0.453125 0 0.4609375 0 0.453125 1 0.4453125 0 0.453125 0 0.4453125 1 0.4375 0 0.4453125 0 0.4375 1 0.4296875 0 0.4375 0 0.4296875 1 0.421875 0 0.4296875 0 0.421875 1 0.4140625 0 0.421875 0 0.4140625 1 0.40625 0 0.4140625 0 0.40625 1 0.3984375 0 0.40625 0 0.3984375 1 0.390625 0 0.3984375 0 0.390625 1 0.3828125 0 0.390625 0 0.3828125 1 0.375 0 0.3828125 0 0.375 1 0.3671875 0 0.375 0 0.3671875 1 0.359375 0 0.3671875 0 0.359375 1 0.3515625 0 0.359375 0 0.3515625 1 0.34375 0 0.3515625 0 0.34375 1 0.3359375 0 0.34375 0 0.3359375 1 0.328125 0 0.3359375 0 0.328125 1 0.3203125 0 0.328125 0 0.3203125 1 0.3125 0 0.3203125 0 0.3125 1 0.3046875 0 0.3125 0 0.3046875 1 0.296875 0 0.3046875 0 0.296875 1 0.2890625 0 0.296875 0 0.2890625 1 0.28125 0 0.2890625 0 0.28125 1 0.2734375 0 0.28125 0 0.2734375 1 0.265625 0 0.2734375 0 0.265625 1 0.2578125 0 0.265625 0 0.2578125 1 0.25 0 0.2578125 0 0.25 1 0.2421875 0 0.25 0 0.2421875 1 0.234375 0 0.2421875 0 0.234375 1 0.2265625 0 0.234375 0 0.2265625 1 0.21875 0 0.2265625 0 0.21875 1 0.2109375 0 0.21875 0 0.2109375 1 0.203125 0 0.2109375 0 0.203125 1 0.1953125 0 0.203125 0 0.1953125 1 0.1875 0 0.1953125 0 0.1875 1 0.1796875 0 0.1875 0 0.1796875 1 0.171875 0 0.1796875 0 0.171875 1 0.1640625 0 0.171875 0 0.1640625 1 0.15625 0 0.1640625 0 0.15625 1 0.1484375 0 0.15625 0 0.1484375 1 0.140625 0 0.1484375 0 0.140625 1 0.1328125 0 0.140625 0 0.1328125 1 0.125 0 0.1328125 0 0.125 1 0.1171875 0 0.125 0 0.1171875 1 0.109375 0 0.1171875 0 0.109375 1 0.1015625 0 0.109375 0 0.1015625 1 0.09375 0 0.1015625 0 0.09375 1 0.0859375 0 0.09375 0 0.0859375 1 0.078125 0 0.0859375 0 0.078125 1 0.0703125 0 0.078125 0 0.0703125 1 0.0625 0 0.0703125 0 0.0625 1 0.0546875 0 0.0625 0 0.0546875 1 0.046875 0 0.0546875 0 0.046875 1 0.0390625 0 0.046875 0 0.0390625 1 0.03125 0 0.0390625 0 0.03125 1 0.0234375 0 0.03125 0 0.0234375 1 0.015625 0 0.0234375 0 0.015625 1 0.0078125 0 0.015625 0 0.0078125 1 0 0 0.0078125 0 1 1 0.9921875 1 0.9921875 0 0.9921875 1 0.984375 1 0.984375 0 0.984375 1 0.9765625 1 0.9765625 0 0.9765625 1 0.96875 1 0.96875 0 0.96875 1 0.9609375 1 0.9609375 0 0.9609375 1 0.953125 1 0.953125 0 0.953125 1 0.9453125 1 0.9453125 0 0.9453125 1 0.9375 1 0.9375 0 0.9375 1 0.9296875 1 0.9296875 0 0.9296875 1 0.921875 1 0.921875 0 0.921875 1 0.9140625 1 0.9140625 0 0.9140625 1 0.90625 1 0.90625 0 0.90625 1 0.8984375 1 0.8984375 0 0.8984375 1 0.890625 1 0.890625 0 0.890625 1 0.8828125 1 0.8828125 0 0.8828125 1 0.875 1 0.875 0 0.875 1 0.8671875 1 0.8671875 0 0.8671875 1 0.859375 1 0.859375 0 0.859375 1 0.8515625 1 0.8515625 0 0.8515625 1 0.84375 1 0.84375 0 0.84375 1 0.8359375 1 0.8359375 0 0.8359375 1 0.828125 1 0.828125 0 0.828125 1 0.8203125 1 0.8203125 0 0.8203125 1 0.8125 1 0.8125 0 0.8125 1 0.8046875 1 0.8046875 0 0.8046875 1 0.796875 1 0.796875 0 0.796875 1 0.7890625 1 0.7890625 0 0.7890625 1 0.78125 1 0.78125 0 0.78125 1 0.7734375 1 0.7734375 0 0.7734375 1 0.765625 1 0.765625 0 0.765625 1 0.7578125 1 0.7578125 0 0.7578125 1 0.75 1 0.75 0 0.75 1 0.7421875 1 0.7421875 0 0.7421875 1 0.734375 1 0.734375 0 0.734375 1 0.7265625 1 0.7265625 0 0.7265625 1 0.71875 1 0.71875 0 0.71875 1 0.7109375 1 0.7109375 0 0.7109375 1 0.703125 1 0.703125 0 0.703125 1 0.6953125 1 0.6953125 0 0.6953125 1 0.6875 1 0.6875 0 0.6875 1 0.6796875 1 0.6796875 0 0.6796875 1 0.671875 1 0.671875 0 0.671875 1 0.6640625 1 0.6640625 0 0.6640625 1 0.65625 1 0.65625 0 0.65625 1 0.6484375 1 0.6484375 0 0.6484375 1 0.640625 1 0.640625 0 0.640625 1 0.6328125 1 0.6328125 0 0.6328125 1 0.625 1 0.625 0 0.625 1 0.6171875 1 0.6171875 0 0.6171875 1 0.609375 1 0.609375 0 0.609375 1 0.6015625 1 0.6015625 0 0.6015625 1 0.59375 1 0.59375 0 0.59375 1 0.5859375 1 0.5859375 0 0.5859375 1 0.578125 1 0.578125 0 0.578125 1 0.5703125 1 0.5703125 0 0.5703125 1 0.5625 1 0.5625 0 0.5625 1 0.5546875 1 0.5546875 0 0.5546875 1 0.546875 1 0.546875 0 0.546875 1 0.5390625 1 0.5390625 0 0.5390625 1 0.53125 1 0.53125 0 0.53125 1 0.5234375 1 0.5234375 0 0.5234375 1 0.515625 1 0.515625 0 0.515625 1 0.5078125 1 0.5078125 0 0.5078125 1 0.5 1 0.5 0 0.5 1 0.4921875 1 0.4921875 0 0.4921875 1 0.484375 1 0.484375 0 0.484375 1 0.4765625 1 0.4765625 0 0.4765625 1 0.46875 1 0.46875 0 0.46875 1 0.4609375 1 0.4609375 0 0.4609375 1 0.453125 1 0.453125 0 0.453125 1 0.4453125 1 0.4453125 0 0.4453125 1 0.4375 1 0.4375 0 0.4375 1 0.4296875 1 0.4296875 0 0.4296875 1 0.421875 1 0.421875 0 0.421875 1 0.4140625 1 0.4140625 0 0.4140625 1 0.40625 1 0.40625 0 0.40625 1 0.3984375 1 0.3984375 0 0.3984375 1 0.390625 1 0.390625 0 0.390625 1 0.3828125 1 0.3828125 0 0.3828125 1 0.375 1 0.375 0 0.375 1 0.3671875 1 0.3671875 0 0.3671875 1 0.359375 1 0.359375 0 0.359375 1 0.3515625 1 0.3515625 0 0.3515625 1 0.34375 1 0.34375 0 0.34375 1 0.3359375 1 0.3359375 0 0.3359375 1 0.328125 1 0.328125 0 0.328125 1 0.3203125 1 0.3203125 0 0.3203125 1 0.3125 1 0.3125 0 0.3125 1 0.3046875 1 0.3046875 0 0.3046875 1 0.296875 1 0.296875 0 0.296875 1 0.2890625 1 0.2890625 0 0.2890625 1 0.28125 1 0.28125 0 0.28125 1 0.2734375 1 0.2734375 0 0.2734375 1 0.265625 1 0.265625 0 0.265625 1 0.2578125 1 0.2578125 0 0.2578125 1 0.25 1 0.25 0 0.25 1 0.2421875 1 0.2421875 0 0.2421875 1 0.234375 1 0.234375 0 0.234375 1 0.2265625 1 0.2265625 0 0.2265625 1 0.21875 1 0.21875 0 0.21875 1 0.2109375 1 0.2109375 0 0.2109375 1 0.203125 1 0.203125 0 0.203125 1 0.1953125 1 0.1953125 0 0.1953125 1 0.1875 1 0.1875 0 0.1875 1 0.1796875 1 0.1796875 0 0.1796875 1 0.171875 1 0.171875 0 0.171875 1 0.1640625 1 0.1640625 0 0.1640625 1 0.15625 1 0.15625 0 0.15625 1 0.1484375 1 0.1484375 0 0.1484375 1 0.140625 1 0.140625 0 0.140625 1 0.1328125 1 0.1328125 0 0.1328125 1 0.125 1 0.125 0 0.125 1 0.1171875 1 0.1171875 0 0.1171875 1 0.109375 1 0.109375 0 0.109375 1 0.1015625 1 0.1015625 0 0.1015625 1 0.09375 1 0.09375 0 0.09375 1 0.0859375 1 0.0859375 0 0.0859375 1 0.078125 1 0.078125 0 0.078125 1 0.0703125 1 0.0703125 0 0.0703125 1 0.0625 1 0.0625 0 0.0625 1 0.0546875 1 0.0546875 0 0.0546875 1 0.046875 1 0.046875 0 0.046875 1 0.0390625 1 0.0390625 0 0.0390625 1 0.03125 1 0.03125 0 0.03125 1 0.0234375 1 0.0234375 0 0.0234375 1 0.015625 1 0.015625 0 0.015625 1 0.0078125 1 0.0078125 0 0.0078125 1 0 1 0 0</float_array>
          <technique_common>
            <accessor source="#Cylinder_002-mesh-map-0-array" count="768" stride="2">
              <param name="S" type="float"/>
              <param name="T" type="float"/>
            </accessor>
          </technique_common>
        </source>
        <vertices id="Cylinder_002-mesh-vertices">
          <input semantic="POSITION" source="#Cylinder_002-mesh-positions"/>
        </vertices>
        <triangles count="256">
          <input semantic="VERTEX" source="#Cylinder_002-mesh-vertices" offset="0"/>
          <input semantic="NORMAL" source="#Cylinder_002-mesh-normals" offset="1"/>
          <input semantic="TEXCOORD" source="#Cylinder_002-mesh-map-0" offset="2" set="0"/>
          <p>1 0 0 2 0 1 0 0 2 3 1 3 4 1 4 2 1 5 5 2 6 6 2 7 4 2 8 7 3 9 8 3 10 6 3 11 9 4 12 10 4 13 8 4 14 11 5 15 12 5 16 10 5 17 13 6 18 14 6 19 12 6 20 15 7 21 16 7 22 14 7 23 17 8 24 18 8 25 16 8 26 19 9 27 20 9 28 18 9 29 21 10 30 22 10 31 20 10 32 23 11 33 24 11 34 22 11 35 25 12 36 26 12 37 24 12 38 27 13 39 28 13 40 26 13 41 29 14 42 30 14 43 28 14 44 31 15 45 32 15 46 30 15 47 33 16 48 34 16 49 32 16 50 35 17 51 36 17 52 34 17 53 37 18 54 38 18 55 36 18 56 39 19 57 40 19 58 38 19 59 41 20 60 42 20 61 40 20 62 43 21 63 44 21 64 42 21 65 45 22 66 46 22 67 44 22 68 47 23 69 48 23 70 46 23 71 49 24 72 50 24 73 48 24 74 51 25 75 52 25 76 50 25 77 53 26 78 54 26 79 52 26 80 55 27 81 56 27 82 54 27 83 57 28 84 58 28 85 56 28 86 59 29 87 60 29 88 58 29 89 61 30 90 62 30 91 60 30 92 63 31 93 64 31 94 62 31 95 65 32 96 66 32 97 64 32 98 67 33 99 68 33 100 66 33 101 69 34 102 70 34 103 68 34 104 71 35 105 72 35 106 70 35 107 73 36 108 74 36 109 72 36 110 75 37 111 76 37 112 74 37 113 77 38 114 78 38 115 76 38 116 79 39 117 80 39 118 78 39 119 81 40 120 82 40 121 80 40 122 83 41 123 84 41 124 82 41 125 85 42 126 86 42 127 84 42 128 87 43 129 88 43 130 86 43 131 89 44 132 90 44 133 88 44 134 91 45 135 92 45 136 90 45 137 93 46 138 94 46 139 92 46 140 95 47 141 96 47 142 94 47 143 97 48 144 98 48 145 96 48 146 99 49 147 100 49 148 98 49 149 101 50 150 102 50 151 100 50 152 103 51 153 104 51 154 102 51 155 105 52 156 106 52 157 104 52 158 107 53 159 108 53 160 106 53 161 109 54 162 110 54 163 108 54 164 111 55 165 112 55 166 110 55 167 113 56 168 114 56 169 112 56 170 115 57 171 116 57 172 114 57 173 117 58 174 118 58 175 116 58 176 119 59 177 120 59 178 118 59 179 121 60 180 122 60 181 120 60 182 123 61 183 124 61 184 122 61 185 125 62 186 126 62 187 124 62 188 127 63 189 128 63 190 126 63 191 129 64 192 130 64 193 128 64 194 131 65 195 132 65 196 130 65 197 133 66 198 134 66 199 132 66 200 135 67 201 136 67 202 134 67 203 137 68 204 138 68 205 136 68 206 139 69 207 140 69 208 138 69 209 141 70 210 142 70 211 140 70 212 143 71 213 144 71 214 142 71 215 145 72 216 146 72 217 144 72 218 147 73 219 148 73 220 146 73 221 149 74 222 150 74 223 148 74 224 151 75 225 152 75 226 150 75 227 153 76 228 154 76 229 152 76 230 155 77 231 156 77 232 154 77 233 157 78 234 158 78 235 156 78 236 159 79 237 160 79 238 158 79 239 161 80 240 162 80 241 160 80 242 163 81 243 164 81 244 162 81 245 165 82 246 166 82 247 164 82 248 167 83 249 168 83 250 166 83 251 169 84 252 170 84 253 168 84 254 171 85 255 172 85 256 170 85 257 173 86 258 174 86 259 172 86 260 175 87 261 176 87 262 174 87 263 177 88 264 178 88 265 176 88 266 179 89 267 180 89 268 178 89 269 181 90 270 182 90 271 180 90 272 183 91 273 184 91 274 182 91 275 185 92 276 186 92 277 184 92 278 187 93 279 188 93 280 186 93 281 189 94 282 190 94 283 188 94 284 191 95 285 192 95 286 190 95 287 193 96 288 194 96 289 192 96 290 195 97 291 196 97 292 194 97 293 197 98 294 198 98 295 196 98 296 199 99 297 200 99 298 198 99 299 201 100 300 202 100 301 200 100 302 203 101 303 204 101 304 202 101 305 205 102 306 206 102 307 204 102 308 207 103 309 208 103 310 206 103 311 209 104 312 210 104 313 208 104 314 211 105 315 212 105 316 210 105 317 213 106 318 214 106 319 212 106 320 215 107 321 216 107 322 214 107 323 217 108 324 218 108 325 216 108 326 219 109 327 220 109 328 218 109 329 221 110 330 222 110 331 220 110 332 223 111 333 224 111 334 222 111 335 225 112 336 226 112 337 224 112 338 227 113 339 228 113 340 226 113 341 229 114 342 230 114 343 228 114 344 231 115 345 232 115 346 230 115 347 233 116 348 234 116 349 232 116 350 235 117 351 236 117 352 234 117 353 237 118 354 238 118 355 236 118 356 239 119 357 240 119 358 238 119 359 241 120 360 242 120 361 240 120 362 243 121 363 244 121 364 242 121 365 245 122 366 246 122 367 244 122 368 247 123 369 248 123 370 246 123 371 249 124 372 250 124 373 248 124 374 251 125 375 252 125 376 250 125 377 253 126 378 254 126 379 252 126 380 255 127 381 0 127 382 254 127 383 1 0 384 3 0 385 2 0 386 3 1 387 5 1 388 4 1 389 5 2 390 7 2 391 6 2 392 7 3 393 9 3 394 8 3 395 9 4 396 11 4 397 10 4 398 11 5 399 13 5 400 12 5 401 13 6 402 15 6 403 14 6 404 15 7 405 17 7 406 16 7 407 17 128 408 19 128 409 18 128 410 19 9 411 21 9 412 20 9 413 21 129 414 23 129 415 22 129 416 23 130 417 25 130 418 24 130 419 25 131 420 27 131 421 26 131 422 27 132 423 29 132 424 28 132 425 29 133 426 31 133 427 30 133 428 31 134 429 33 134 430 32 134 431 33 135 432 35 135 433 34 135 434 35 17 435 37 17 436 36 17 437 37 136 438 39 136 439 38 136 440 39 137 441 41 137 442 40 137 443 41 138 444 43 138 445 42 138 446 43 21 447 45 21 448 44 21 449 45 22 450 47 22 451 46 22 452 47 139 453 49 139 454 48 139 455 49 24 456 51 24 457 50 24 458 51 140 459 53 140 460 52 140 461 53 26 462 55 26 463 54 26 464 55 141 465 57 141 466 56 141 467 57 28 468 59 28 469 58 28 470 59 29 471 61 29 472 60 29 473 61 142 474 63 142 475 62 142 476 63 143 477 65 143 478 64 143 479 65 144 480 67 144 481 66 144 482 67 33 483 69 33 484 68 33 485 69 145 486 71 145 487 70 145 488 71 35 489 73 35 490 72 35 491 73 36 492 75 36 493 74 36 494 75 37 495 77 37 496 76 37 497 77 38 498 79 38 499 78 38 500 79 39 501 81 39 502 80 39 503 81 146 504 83 146 505 82 146 506 83 147 507 85 147 508 84 147 509 85 42 510 87 42 511 86 42 512 87 43 513 89 43 514 88 43 515 89 44 516 91 44 517 90 44 518 91 148 519 93 148 520 92 148 521 93 149 522 95 149 523 94 149 524 95 47 525 97 47 526 96 47 527 97 48 528 99 48 529 98 48 530 99 49 531 101 49 532 100 49 533 101 50 534 103 50 535 102 50 536 103 51 537 105 51 538 104 51 539 105 52 540 107 52 541 106 52 542 107 53 543 109 53 544 108 53 545 109 150 546 111 150 547 110 150 548 111 151 549 113 151 550 112 151 551 113 152 552 115 152 553 114 152 554 115 57 555 117 57 556 116 57 557 117 58 558 119 58 559 118 58 560 119 59 561 121 59 562 120 59 563 121 153 564 123 153 565 122 153 566 123 61 567 125 61 568 124 61 569 125 62 570 127 62 571 126 62 572 127 154 573 129 154 574 128 154 575 129 155 576 131 155 577 130 155 578 131 65 579 133 65 580 132 65 581 133 66 582 135 66 583 134 66 584 135 156 585 137 156 586 136 156 587 137 68 588 139 68 589 138 68 590 139 69 591 141 69 592 140 69 593 141 70 594 143 70 595 142 70 596 143 71 597 145 71 598 144 71 599 145 157 600 147 157 601 146 157 602 147 158 603 149 158 604 148 158 605 149 159 606 151 159 607 150 159 608 151 75 609 153 75 610 152 75 611 153 160 612 155 160 613 154 160 614 155 161 615 157 161 616 156 161 617 157 78 618 159 78 619 158 78 620 159 162 621 161 162 622 160 162 623 161 80 624 163 80 625 162 80 626 163 81 627 165 81 628 164 81 629 165 82 630 167 82 631 166 82 632 167 163 633 169 163 634 168 163 635 169 84 636 171 84 637 170 84 638 171 85 639 173 85 640 172 85 641 173 86 642 175 86 643 174 86 644 175 164 645 177 164 646 176 164 647 177 88 648 179 88 649 178 88 650 179 89 651 181 89 652 180 89 653 181 165 654 183 165 655 182 165 656 183 166 657 185 166 658 184 166 659 185 167 660 187 167 661 186 167 662 187 168 663 189 168 664 188 168 665 189 94 666 191 94 667 190 94 668 191 95 669 193 95 670 192 95 671 193 96 672 195 96 673 194 96 674 195 169 675 197 169 676 196 169 677 197 170 678 199 170 679 198 170 680 199 171 681 201 171 682 200 171 683 201 172 684 203 172 685 202 172 686 203 101 687 205 101 688 204 101 689 205 102 690 207 102 691 206 102 692 207 103 693 209 103 694 208 103 695 209 173 696 211 173 697 210 173 698 211 174 699 213 174 700 212 174 701 213 175 702 215 175 703 214 175 704 215 107 705 217 107 706 216 107 707 217 176 708 219 176 709 218 176 710 219 109 711 221 109 712 220 109 713 221 110 714 223 110 715 222 110 716 223 111 717 225 111 718 224 111 719 225 112 720 227 112 721 226 112 722 227 113 723 229 113 724 228 113 725 229 114 726 231 114 727 230 114 728 231 115 729 233 115 730 232 115 731 233 116 732 235 116 733 234 116 734 235 177 735 237 177 736 236 177 737 237 178 738 239 178 739 238 178 740 239 119 741 241 119 742 240 119 743 241 120 744 243 120 745 242 120 746 243 121 747 245 121 748 244 121 749 245 179 750 247 179 751 246 179 752 247 123 753 249 123 754 248 123 755 249 180 756 251 180 757 250 180 758 251 181 759 253 181 760 252 181 761 253 182 762 255 182 763 254 182 764 255 127 765 1 127 766 0 127 767</p>
        </triangles>
      </mesh>
    </geometry>
    <geometry id="Cylinder_001-mesh" name="Cylinder.001">
      <mesh>
        <source id="Cylinder_001-mesh-positions">
          <float_array id="Cylinder_001-mesh-positions-array" count="768">0 5 -1 0 5 1 0.2453383 4.993977 -1 0.2453383 4.993977 1 0.4900857 4.975924 -1 0.4900857 4.975924 1 0.7336524 4.945883 -1 0.7336524 4.945883 1 0.9754516 4.903926 -1 0.9754516 4.903926 1 1.214901 4.850156 -1 1.214901 4.850156 1 1.451423 4.784702 -1 1.451423 4.784702 1 1.684449 4.70772 -1 1.684449 4.70772 1 1.913417 4.619398 -1 1.913417 4.619398 1 2.137775 4.519947 -1 2.137775 4.519947 1 2.356984 4.409606 -1 2.356984 4.409606 1 2.570514 4.288643 -1 2.570514 4.288643 1 2.777851 4.157348 -1 2.777851 4.157348 1 2.978497 4.016037 -1 2.978497 4.016037 1 3.171967 3.865052 -1 3.171967 3.865052 1 3.357795 3.704755 -1 3.357795 3.704755 1 3.535534 3.535533 -1 3.535534 3.535533 1 3.704756 3.357794 -1 3.704756 3.357794 1 3.865053 3.171966 -1 3.865053 3.171966 1 4.016038 2.978496 -1 4.016038 2.978496 1 4.157349 2.777851 -1 4.157349 2.777851 1 4.288644 2.570513 -1 4.288644 2.570513 1 4.409607 2.356983 -1 4.409607 2.356983 1 4.519947 2.137774 -1 4.519947 2.137774 1 4.619398 1.913416 -1 4.619398 1.913416 1 4.707721 1.684448 -1 4.707721 1.684448 1 4.784702 1.451422 -1 4.784702 1.451422 1 4.850157 1.214899 -1 4.850157 1.214899 1 4.903927 0.97545 -1 4.903927 0.97545 1 4.945883 0.7336507 -1 4.945883 0.7336507 1 4.975924 0.4900839 -1 4.975924 0.4900839 1 4.993977 0.2453364 -1 4.993977 0.2453364 1 5 -2.0067e-6 -1 5 -2.0067e-6 1 4.993977 -0.2453404 -1 4.993977 -0.2453404 1 4.975924 -0.4900879 -1 4.975924 -0.4900879 1 4.945882 -0.7336546 -1 4.945882 -0.7336546 1 4.903926 -0.975454 -1 4.903926 -0.975454 1 4.850156 -1.214903 -1 4.850156 -1.214903 1 4.784701 -1.451426 -1 4.784701 -1.451426 1 4.707719 -1.684452 -1 4.707719 -1.684452 1 4.619397 -1.91342 -1 4.619397 -1.91342 1 4.519945 -2.137778 -1 4.519945 -2.137778 1 4.409605 -2.356985 -1 4.409605 -2.356985 1 4.288642 -2.570515 -1 4.288642 -2.570515 1 4.157348 -2.777852 -1 4.157348 -2.777852 1 4.016037 -2.978497 -1 4.016037 -2.978497 1 3.865052 -3.171966 -1 3.865052 -3.171966 1 3.704756 -3.357794 -1 3.704756 -3.357794 1 3.535535 -3.535533 -1 3.535535 -3.535533 1 3.357796 -3.704754 -1 3.357796 -3.704754 1 3.171968 -3.865051 -1 3.171968 -3.865051 1 2.978499 -4.016036 -1 2.978499 -4.016036 1 2.777854 -4.157346 -1 2.777854 -4.157346 1 2.570517 -4.288641 -1 2.570517 -4.288641 1 2.356987 -4.409605 -1 2.356987 -4.409605 1 2.13778 -4.519945 -1 2.13778 -4.519945 1 1.913422 -4.619396 -1 1.913422 -4.619396 1 1.684455 -4.707718 -1 1.684455 -4.707718 1 1.451429 -4.7847 -1 1.451429 -4.7847 1 1.214907 -4.850154 -1 1.214907 -4.850154 1 0.9754586 -4.903925 -1 0.9754586 -4.903925 1 0.7336599 -4.945881 -1 0.7336599 -4.945881 1 0.4900938 -4.975923 -1 0.4900938 -4.975923 1 0.2453469 -4.993977 -1 0.2453469 -4.993977 1 9.09963e-6 -5 -1 9.09963e-6 -5 1 -0.2453287 -4.993978 -1 -0.2453287 -4.993978 1 -0.4900757 -4.975924 -1 -0.4900757 -4.975924 1 -0.7336419 -4.945884 -1 -0.7336419 -4.945884 1 -0.9754408 -4.903929 -1 -0.9754408 -4.903929 1 -1.21489 -4.850159 -1 -1.21489 -4.850159 1 -1.451412 -4.784705 -1 -1.451412 -4.784705 1 -1.684437 -4.707725 -1 -1.684437 -4.707725 1 -1.913405 -4.619402 -1 -1.913405 -4.619402 1 -2.137763 -4.519952 -1 -2.137763 -4.519952 1 -2.356971 -4.409613 -1 -2.356971 -4.409613 1 -2.570501 -4.28865 -1 -2.570501 -4.28865 1 -2.777839 -4.157356 -1 -2.777839 -4.157356 1 -2.978484 -4.016047 -1 -2.978484 -4.016047 1 -3.171954 -3.865063 -1 -3.171954 -3.865063 1 -3.357783 -3.704767 -1 -3.357783 -3.704767 1 -3.535522 -3.535546 -1 -3.535522 -3.535546 1 -3.704744 -3.357808 -1 -3.704744 -3.357808 1 -3.865042 -3.171979 -1 -3.865042 -3.171979 1 -4.016028 -2.978509 -1 -4.016028 -2.978509 1 -4.157339 -2.777864 -1 -4.157339 -2.777864 1 -4.288636 -2.570526 -1 -4.288636 -2.570526 1 -4.4096 -2.356996 -1 -4.4096 -2.356996 1 -4.51994 -2.137788 -1 -4.51994 -2.137788 1 -4.619393 -1.913429 -1 -4.619393 -1.913429 1 -4.707716 -1.68446 -1 -4.707716 -1.68446 1 -4.784698 -1.451434 -1 -4.784698 -1.451434 1 -4.850153 -1.214911 -1 -4.850153 -1.214911 1 -4.903924 -0.9754613 -1 -4.903924 -0.9754613 1 -4.945881 -0.7336614 -1 -4.945881 -0.7336614 1 -4.975923 -0.4900941 -1 -4.975923 -0.4900941 1 -4.993977 -0.2453461 -1 -4.993977 -0.2453461 1 -5 -7.09293e-6 -1 -5 -7.09293e-6 1 -4.993978 0.245332 -1 -4.993978 0.245332 1 -4.975924 0.4900801 -1 -4.975924 0.4900801 1 -4.945883 0.7336474 -1 -4.945883 0.7336474 1 -4.903927 0.9754474 -1 -4.903927 0.9754474 1 -4.850157 1.214897 -1 -4.850157 1.214897 1 -4.784703 1.451421 -1 -4.784703 1.451421 1 -4.707721 1.684447 -1 -4.707721 1.684447 1 -4.619398 1.913416 -1 -4.619398 1.913416 1 -4.519947 2.137775 -1 -4.519947 2.137775 1 -4.409606 2.356984 -1 -4.409606 2.356984 1 -4.288643 2.570514 -1 -4.288643 2.570514 1 -4.157347 2.777852 -1 -4.157347 2.777852 1 -4.016036 2.978498 -1 -4.016036 2.978498 1 -3.865051 3.171968 -1 -3.865051 3.171968 1 -3.704753 3.357797 -1 -3.704753 3.357797 1 -3.535531 3.535537 -1 -3.535531 3.535537 1 -3.357791 3.704759 -1 -3.357791 3.704759 1 -3.171962 3.865056 -1 -3.171962 3.865056 1 -2.978492 4.016041 -1 -2.978492 4.016041 1 -2.777846 4.157352 -1 -2.777846 4.157352 1 -2.570507 4.288647 -1 -2.570507 4.288647 1 -2.356976 4.40961 -1 -2.356976 4.40961 1 -2.137767 4.51995 -1 -2.137767 4.51995 1 -1.913408 4.619401 -1 -1.913408 4.619401 1 -1.68444 4.707724 -1 -1.68444 4.707724 1 -1.451413 4.784705 -1 -1.451413 4.784705 1 -1.21489 4.850159 -1 -1.21489 4.850159 1 -0.9754395 4.903929 -1 -0.9754395 4.903929 1 -0.7336395 4.945884 -1 -0.7336395 4.945884 1 -0.490072 4.975925 -1 -0.490072 4.975925 1 -0.2453239 4.993978 -1 -0.2453239 4.993978 1</float_array>
          <technique_common>
            <accessor source="#Cylinder_001-mesh-positions-array" count="256" stride="3">
              <param name="X" type="float"/>
              <param name="Y" type="float"/>
              <param name="Z" type="float"/>
            </accessor>
          </technique_common>
        </source>
        <source id="Cylinder_001-mesh-normals">
          <float_array id="Cylinder_001-mesh-normals-array" count="546">0.02454209 0.9996989 0 0.07356405 0.9972905 0 0.1224093 0.9924798 0 0.1709629 0.9852775 0 0.219101 0.9757023 0 0.2667127 0.9637762 0 0.3136826 0.9495279 0 0.3598949 0.9329929 0 0.4052412 0.9142099 0 0.4496113 0.8932244 0 0.4928991 0.8700865 0 0.534997 0.8448541 0 0.5758088 0.8175844 0 0.615231 0.7883469 0 0.6531738 0.7572081 0 0.6895409 0.7242468 0 0.7242478 0.6895399 0 0.7572081 0.6531738 0 0.7883469 0.615231 0 0.8175844 0.5758088 0 0.8448537 0.5349975 0 0.8700873 0.4928976 0 0.8932244 0.4496113 0 0.91421 0.4052408 0 0.9329931 0.3598946 0 0.949528 0.3136823 0 0.9637762 0.2667123 0 0.9757023 0.2191009 0 0.9852779 0.170961 0 0.9924798 0.1224092 0 0.9972907 0.07356208 0 0.9996989 0.02454012 0 0.9996988 -0.024544 0 0.9972904 -0.07356595 0 0.9924798 -0.1224092 0 0.9852771 -0.1709647 0 0.9757023 -0.2191009 0 0.9637762 -0.2667124 0 0.949528 -0.3136823 0 0.9329929 -0.3598948 0 0.9142082 -0.405245 0 0.8932238 -0.4496124 0 0.8700871 -0.492898 0 0.8448526 -0.5349993 0 0.8175857 -0.5758072 0 0.7883471 -0.6152308 0 0.7572095 -0.653172 0 0.7242468 -0.6895408 0 0.6895408 -0.7242468 0 0.6531733 -0.7572085 0 0.6152314 -0.7883467 0 0.5758085 -0.8175847 0 0.534997 -0.8448541 0 0.4928999 -0.870086 0 0.4496127 -0.8932236 0 0.4052419 -0.9142095 0 0.3598959 -0.9329925 0 0.3136832 -0.9495278 0 0.2667129 -0.9637761 0 0.2191032 -0.9757017 0 0.1709634 -0.9852774 0 0.1224114 -0.9924795 0 0.0735681 -0.9972902 0 0.02454209 -0.9996989 0 -0.02453821 -0.9996989 0 -0.07356423 -0.9972906 0 -0.1224076 -0.9924799 0 -0.1709595 -0.9852781 0 -0.2190994 -0.9757027 0 -0.2667108 -0.9637766 0 -0.3136793 -0.9495291 0 -0.3598936 -0.9329934 0 -0.4052376 -0.9142115 0 -0.4496082 -0.893226 0 -0.4928961 -0.8700882 0 -0.5349956 -0.8448549 0 -0.575805 -0.8175872 0 -0.6152286 -0.7883488 0 -0.6531715 -0.75721 0 -0.6895374 -0.7242501 0 -0.7242454 -0.6895424 0 -0.7572062 -0.653176 0 -0.788345 -0.6152334 0 -0.8175844 -0.5758088 0 -0.8448516 -0.5350007 0 -0.870086 -0.4929001 0 -0.893223 -0.4496139 0 -0.9142073 -0.4052468 0 -0.9329919 -0.3598977 0 -0.9495282 -0.3136819 0 -0.9637764 -0.2667119 0 -0.9757015 -0.2191041 0 -0.9852772 -0.1709644 0 -0.9924793 -0.1224128 0 -0.9972901 -0.07356965 0 -0.9996989 -0.02454006 0 -0.9996989 0.02454006 0 -0.9972907 0.0735619 0 -0.9924798 0.1224089 0 -0.9852779 0.1709606 0 -0.9757024 0.2191003 0 -0.9637765 0.2667115 0 -0.9495283 0.3136816 0 -0.9329932 0.3598942 0 -0.9142104 0.40524 0 -0.893225 0.4496101 0 -0.8700879 0.4928968 0 -0.8448519 0.5350003 0 -0.8175851 0.5758079 0 -0.7883467 0.6152313 0 -0.7572079 0.6531739 0 -0.7242468 0.6895409 0 -0.6895404 0.7242472 0 -0.6531719 0.7572098 0 -0.6152297 0.7883479 0 -0.5758079 0.8175851 0 -0.5349953 0.8448551 0 -0.4928974 0.8700875 0 -0.4496082 0.893226 0 -0.4052414 0.9142097 0 -0.3598923 0.9329939 0 -0.3136796 0.9495289 0 -0.2667114 0.9637765 0 -0.2190985 0.9757028 0 -0.1709587 0.9852783 0 -0.1224089 0.9924798 0 -0.0735619 0.9972907 0 -0.02453964 0.9996989 0 0.2191007 0.9757022 0 0.2667124 0.9637762 0 0.3136823 0.949528 0 0.4496104 0.8932248 0 0.6895399 0.7242478 0 0.7242468 0.6895409 0 0.9924792 0.122413 0 0.9996988 0.024544 0 0.9996988 -0.02454012 0 0.9972907 -0.07356208 0 0.9924793 -0.1224131 0 0.9852779 -0.170961 0 0.9637752 -0.266716 0 0.9142097 -0.4052418 0 0.8932254 -0.4496093 0 0.8448544 -0.5349965 0 0.8175837 -0.5758097 0 0.7883462 -0.615232 0 0.7572087 -0.6531732 0 0.6531742 -0.7572078 0 0.5758094 -0.8175841 0 0.5349979 -0.8448535 0 0.449612 -0.8932241 0 0.4052412 -0.9142099 0 0.3598956 -0.9329926 0 0.2191034 -0.9757016 0 0.1709633 -0.9852774 0 0.02454209 -0.9996988 0 -0.02453821 -0.9996989 0 -0.1709594 -0.9852781 0 -0.2190995 -0.9757026 0 -0.405238 -0.9142113 0 -0.4496089 -0.8932256 0 -0.6531706 -0.7572109 0 -0.6895384 -0.7242493 0 -0.8175826 -0.5758115 0 -0.84485 -0.5350036 0 -0.8932247 -0.4496108 0 -0.9142088 -0.4052436 0 -0.949527 -0.3136854 0 -0.9637753 -0.2667155 0 -0.9852779 -0.1709606 0 -0.9972904 -0.07356578 0 -0.9996988 -0.02454394 0 -0.9972904 0.07356578 0 -0.9329919 0.3598975 0 -0.8932235 0.4496132 0 -0.8700863 0.4928997 0 -0.8448537 0.5349975 0 -0.6152307 0.7883471 0 -0.4928983 0.870087 0 -0.2190984 0.9757028 0 -0.1709586 0.9852783 0 -0.0735619 0.9972907 0</float_array>
          <technique_common>
            <accessor source="#Cylinder_001-mesh-normals-array" count="182" stride="3">
              <param name="X" type="float"/>
              <param name="Y" type="float"/>
              <param name="Z" type="float"/>
            </accessor>
          </technique_common>
        </source>
        <source id="Cylinder_001-mesh-map-0">
          <float_array id="Cylinder_001-mesh-map-0-array" count="1536">1 1 0.9921875 0 1 0 0.9921875 1 0.984375 0 0.9921875 0 0.984375 1 0.9765625 0 0.984375 0 0.9765625 1 0.96875 0 0.9765625 0 0.96875 1 0.9609375 0 0.96875 0 0.9609375 1 0.953125 0 0.9609375 0 0.953125 1 0.9453125 0 0.953125 0 0.9453125 1 0.9375 0 0.9453125 0 0.9375 1 0.9296875 0 0.9375 0 0.9296875 1 0.921875 0 0.9296875 0 0.921875 1 0.9140625 0 0.921875 0 0.9140625 1 0.90625 0 0.9140625 0 0.90625 1 0.8984375 0 0.90625 0 0.8984375 1 0.890625 0 0.8984375 0 0.890625 1 0.8828125 0 0.890625 0 0.8828125 1 0.875 0 0.8828125 0 0.875 1 0.8671875 0 0.875 0 0.8671875 1 0.859375 0 0.8671875 0 0.859375 1 0.8515625 0 0.859375 0 0.8515625 1 0.84375 0 0.8515625 0 0.84375 1 0.8359375 0 0.84375 0 0.8359375 1 0.828125 0 0.8359375 0 0.828125 1 0.8203125 0 0.828125 0 0.8203125 1 0.8125 0 0.8203125 0 0.8125 1 0.8046875 0 0.8125 0 0.8046875 1 0.796875 0 0.8046875 0 0.796875 1 0.7890625 0 0.796875 0 0.7890625 1 0.78125 0 0.7890625 0 0.78125 1 0.7734375 0 0.78125 0 0.7734375 1 0.765625 0 0.7734375 0 0.765625 1 0.7578125 0 0.765625 0 0.7578125 1 0.75 0 0.7578125 0 0.75 1 0.7421875 0 0.75 0 0.7421875 1 0.734375 0 0.7421875 0 0.734375 1 0.7265625 0 0.734375 0 0.7265625 1 0.71875 0 0.7265625 0 0.71875 1 0.7109375 0 0.71875 0 0.7109375 1 0.703125 0 0.7109375 0 0.703125 1 0.6953125 0 0.703125 0 0.6953125 1 0.6875 0 0.6953125 0 0.6875 1 0.6796875 0 0.6875 0 0.6796875 1 0.671875 0 0.6796875 0 0.671875 1 0.6640625 0 0.671875 0 0.6640625 1 0.65625 0 0.6640625 0 0.65625 1 0.6484375 0 0.65625 0 0.6484375 1 0.640625 0 0.6484375 0 0.640625 1 0.6328125 0 0.640625 0 0.6328125 1 0.625 0 0.6328125 0 0.625 1 0.6171875 0 0.625 0 0.6171875 1 0.609375 0 0.6171875 0 0.609375 1 0.6015625 0 0.609375 0 0.6015625 1 0.59375 0 0.6015625 0 0.59375 1 0.5859375 0 0.59375 0 0.5859375 1 0.578125 0 0.5859375 0 0.578125 1 0.5703125 0 0.578125 0 0.5703125 1 0.5625 0 0.5703125 0 0.5625 1 0.5546875 0 0.5625 0 0.5546875 1 0.546875 0 0.5546875 0 0.546875 1 0.5390625 0 0.546875 0 0.5390625 1 0.53125 0 0.5390625 0 0.53125 1 0.5234375 0 0.53125 0 0.5234375 1 0.515625 0 0.5234375 0 0.515625 1 0.5078125 0 0.515625 0 0.5078125 1 0.5 0 0.5078125 0 0.5 1 0.4921875 0 0.5 0 0.4921875 1 0.484375 0 0.4921875 0 0.484375 1 0.4765625 0 0.484375 0 0.4765625 1 0.46875 0 0.4765625 0 0.46875 1 0.4609375 0 0.46875 0 0.4609375 1 0.453125 0 0.4609375 0 0.453125 1 0.4453125 0 0.453125 0 0.4453125 1 0.4375 0 0.4453125 0 0.4375 1 0.4296875 0 0.4375 0 0.4296875 1 0.421875 0 0.4296875 0 0.421875 1 0.4140625 0 0.421875 0 0.4140625 1 0.40625 0 0.4140625 0 0.40625 1 0.3984375 0 0.40625 0 0.3984375 1 0.390625 0 0.3984375 0 0.390625 1 0.3828125 0 0.390625 0 0.3828125 1 0.375 0 0.3828125 0 0.375 1 0.3671875 0 0.375 0 0.3671875 1 0.359375 0 0.3671875 0 0.359375 1 0.3515625 0 0.359375 0 0.3515625 1 0.34375 0 0.3515625 0 0.34375 1 0.3359375 0 0.34375 0 0.3359375 1 0.328125 0 0.3359375 0 0.328125 1 0.3203125 0 0.328125 0 0.3203125 1 0.3125 0 0.3203125 0 0.3125 1 0.3046875 0 0.3125 0 0.3046875 1 0.296875 0 0.3046875 0 0.296875 1 0.2890625 0 0.296875 0 0.2890625 1 0.28125 0 0.2890625 0 0.28125 1 0.2734375 0 0.28125 0 0.2734375 1 0.265625 0 0.2734375 0 0.265625 1 0.2578125 0 0.265625 0 0.2578125 1 0.25 0 0.2578125 0 0.25 1 0.2421875 0 0.25 0 0.2421875 1 0.234375 0 0.2421875 0 0.234375 1 0.2265625 0 0.234375 0 0.2265625 1 0.21875 0 0.2265625 0 0.21875 1 0.2109375 0 0.21875 0 0.2109375 1 0.203125 0 0.2109375 0 0.203125 1 0.1953125 0 0.203125 0 0.1953125 1 0.1875 0 0.1953125 0 0.1875 1 0.1796875 0 0.1875 0 0.1796875 1 0.171875 0 0.1796875 0 0.171875 1 0.1640625 0 0.171875 0 0.1640625 1 0.15625 0 0.1640625 0 0.15625 1 0.1484375 0 0.15625 0 0.1484375 1 0.140625 0 0.1484375 0 0.140625 1 0.1328125 0 0.140625 0 0.1328125 1 0.125 0 0.1328125 0 0.125 1 0.1171875 0 0.125 0 0.1171875 1 0.109375 0 0.1171875 0 0.109375 1 0.1015625 0 0.109375 0 0.1015625 1 0.09375 0 0.1015625 0 0.09375 1 0.0859375 0 0.09375 0 0.0859375 1 0.078125 0 0.0859375 0 0.078125 1 0.0703125 0 0.078125 0 0.0703125 1 0.0625 0 0.0703125 0 0.0625 1 0.0546875 0 0.0625 0 0.0546875 1 0.046875 0 0.0546875 0 0.046875 1 0.0390625 0 0.046875 0 0.0390625 1 0.03125 0 0.0390625 0 0.03125 1 0.0234375 0 0.03125 0 0.0234375 1 0.015625 0 0.0234375 0 0.015625 1 0.0078125 0 0.015625 0 0.0078125 1 0 0 0.0078125 0 1 1 0.9921875 1 0.9921875 0 0.9921875 1 0.984375 1 0.984375 0 0.984375 1 0.9765625 1 0.9765625 0 0.9765625 1 0.96875 1 0.96875 0 0.96875 1 0.9609375 1 0.9609375 0 0.9609375 1 0.953125 1 0.953125 0 0.953125 1 0.9453125 1 0.9453125 0 0.9453125 1 0.9375 1 0.9375 0 0.9375 1 0.9296875 1 0.9296875 0 0.9296875 1 0.921875 1 0.921875 0 0.921875 1 0.9140625 1 0.9140625 0 0.9140625 1 0.90625 1 0.90625 0 0.90625 1 0.8984375 1 0.8984375 0 0.8984375 1 0.890625 1 0.890625 0 0.890625 1 0.8828125 1 0.8828125 0 0.8828125 1 0.875 1 0.875 0 0.875 1 0.8671875 1 0.8671875 0 0.8671875 1 0.859375 1 0.859375 0 0.859375 1 0.8515625 1 0.8515625 0 0.8515625 1 0.84375 1 0.84375 0 0.84375 1 0.8359375 1 0.8359375 0 0.8359375 1 0.828125 1 0.828125 0 0.828125 1 0.8203125 1 0.8203125 0 0.8203125 1 0.8125 1 0.8125 0 0.8125 1 0.8046875 1 0.8046875 0 0.8046875 1 0.796875 1 0.796875 0 0.796875 1 0.7890625 1 0.7890625 0 0.7890625 1 0.78125 1 0.78125 0 0.78125 1 0.7734375 1 0.7734375 0 0.7734375 1 0.765625 1 0.765625 0 0.765625 1 0.7578125 1 0.7578125 0 0.7578125 1 0.75 1 0.75 0 0.75 1 0.7421875 1 0.7421875 0 0.7421875 1 0.734375 1 0.734375 0 0.734375 1 0.7265625 1 0.7265625 0 0.7265625 1 0.71875 1 0.71875 0 0.71875 1 0.7109375 1 0.7109375 0 0.7109375 1 0.703125 1 0.703125 0 0.703125 1 0.6953125 1 0.6953125 0 0.6953125 1 0.6875 1 0.6875 0 0.6875 1 0.6796875 1 0.6796875 0 0.6796875 1 0.671875 1 0.671875 0 0.671875 1 0.6640625 1 0.6640625 0 0.6640625 1 0.65625 1 0.65625 0 0.65625 1 0.6484375 1 0.6484375 0 0.6484375 1 0.640625 1 0.640625 0 0.640625 1 0.6328125 1 0.6328125 0 0.6328125 1 0.625 1 0.625 0 0.625 1 0.6171875 1 0.6171875 0 0.6171875 1 0.609375 1 0.609375 0 0.609375 1 0.6015625 1 0.6015625 0 0.6015625 1 0.59375 1 0.59375 0 0.59375 1 0.5859375 1 0.5859375 0 0.5859375 1 0.578125 1 0.578125 0 0.578125 1 0.5703125 1 0.5703125 0 0.5703125 1 0.5625 1 0.5625 0 0.5625 1 0.5546875 1 0.5546875 0 0.5546875 1 0.546875 1 0.546875 0 0.546875 1 0.5390625 1 0.5390625 0 0.5390625 1 0.53125 1 0.53125 0 0.53125 1 0.5234375 1 0.5234375 0 0.5234375 1 0.515625 1 0.515625 0 0.515625 1 0.5078125 1 0.5078125 0 0.5078125 1 0.5 1 0.5 0 0.5 1 0.4921875 1 0.4921875 0 0.4921875 1 0.484375 1 0.484375 0 0.484375 1 0.4765625 1 0.4765625 0 0.4765625 1 0.46875 1 0.46875 0 0.46875 1 0.4609375 1 0.4609375 0 0.4609375 1 0.453125 1 0.453125 0 0.453125 1 0.4453125 1 0.4453125 0 0.4453125 1 0.4375 1 0.4375 0 0.4375 1 0.4296875 1 0.4296875 0 0.4296875 1 0.421875 1 0.421875 0 0.421875 1 0.4140625 1 0.4140625 0 0.4140625 1 0.40625 1 0.40625 0 0.40625 1 0.3984375 1 0.3984375 0 0.3984375 1 0.390625 1 0.390625 0 0.390625 1 0.3828125 1 0.3828125 0 0.3828125 1 0.375 1 0.375 0 0.375 1 0.3671875 1 0.3671875 0 0.3671875 1 0.359375 1 0.359375 0 0.359375 1 0.3515625 1 0.3515625 0 0.3515625 1 0.34375 1 0.34375 0 0.34375 1 0.3359375 1 0.3359375 0 0.3359375 1 0.328125 1 0.328125 0 0.328125 1 0.3203125 1 0.3203125 0 0.3203125 1 0.3125 1 0.3125 0 0.3125 1 0.3046875 1 0.3046875 0 0.3046875 1 0.296875 1 0.296875 0 0.296875 1 0.2890625 1 0.2890625 0 0.2890625 1 0.28125 1 0.28125 0 0.28125 1 0.2734375 1 0.2734375 0 0.2734375 1 0.265625 1 0.265625 0 0.265625 1 0.2578125 1 0.2578125 0 0.2578125 1 0.25 1 0.25 0 0.25 1 0.2421875 1 0.2421875 0 0.2421875 1 0.234375 1 0.234375 0 0.234375 1 0.2265625 1 0.2265625 0 0.2265625 1 0.21875 1 0.21875 0 0.21875 1 0.2109375 1 0.2109375 0 0.2109375 1 0.203125 1 0.203125 0 0.203125 1 0.1953125 1 0.1953125 0 0.1953125 1 0.1875 1 0.1875 0 0.1875 1 0.1796875 1 0.1796875 0 0.1796875 1 0.171875 1 0.171875 0 0.171875 1 0.1640625 1 0.1640625 0 0.1640625 1 0.15625 1 0.15625 0 0.15625 1 0.1484375 1 0.1484375 0 0.1484375 1 0.140625 1 0.140625 0 0.140625 1 0.1328125 1 0.1328125 0 0.1328125 1 0.125 1 0.125 0 0.125 1 0.1171875 1 0.1171875 0 0.1171875 1 0.109375 1 0.109375 0 0.109375 1 0.1015625 1 0.1015625 0 0.1015625 1 0.09375 1 0.09375 0 0.09375 1 0.0859375 1 0.0859375 0 0.0859375 1 0.078125 1 0.078125 0 0.078125 1 0.0703125 1 0.0703125 0 0.0703125 1 0.0625 1 0.0625 0 0.0625 1 0.0546875 1 0.0546875 0 0.0546875 1 0.046875 1 0.046875 0 0.046875 1 0.0390625 1 0.0390625 0 0.0390625 1 0.03125 1 0.03125 0 0.03125 1 0.0234375 1 0.0234375 0 0.0234375 1 0.015625 1 0.015625 0 0.015625 1 0.0078125 1 0.0078125 0 0.0078125 1 0 1 0 0</float_array>
          <technique_common>
            <accessor source="#Cylinder_001-mesh-map-0-array" count="768" stride="2">
              <param name="S" type="float"/>
              <param name="T" type="float"/>
            </accessor>
          </technique_common>
        </source>
        <vertices id="Cylinder_001-mesh-vertices">
          <input semantic="POSITION" source="#Cylinder_001-mesh-positions"/>
        </vertices>
        <triangles count="256">
          <input semantic="VERTEX" source="#Cylinder_001-mesh-vertices" offset="0"/>
          <input semantic="NORMAL" source="#Cylinder_001-mesh-normals" offset="1"/>
          <input semantic="TEXCOORD" source="#Cylinder_001-mesh-map-0" offset="2" set="0"/>
          <p>1 0 0 2 0 1 0 0 2 3 1 3 4 1 4 2 1 5 5 2 6 6 2 7 4 2 8 7 3 9 8 3 10 6 3 11 9 4 12 10 4 13 8 4 14 11 5 15 12 5 16 10 5 17 13 6 18 14 6 19 12 6 20 15 7 21 16 7 22 14 7 23 17 8 24 18 8 25 16 8 26 19 9 27 20 9 28 18 9 29 21 10 30 22 10 31 20 10 32 23 11 33 24 11 34 22 11 35 25 12 36 26 12 37 24 12 38 27 13 39 28 13 40 26 13 41 29 14 42 30 14 43 28 14 44 31 15 45 32 15 46 30 15 47 33 16 48 34 16 49 32 16 50 35 17 51 36 17 52 34 17 53 37 18 54 38 18 55 36 18 56 39 19 57 40 19 58 38 19 59 41 20 60 42 20 61 40 20 62 43 21 63 44 21 64 42 21 65 45 22 66 46 22 67 44 22 68 47 23 69 48 23 70 46 23 71 49 24 72 50 24 73 48 24 74 51 25 75 52 25 76 50 25 77 53 26 78 54 26 79 52 26 80 55 27 81 56 27 82 54 27 83 57 28 84 58 28 85 56 28 86 59 29 87 60 29 88 58 29 89 61 30 90 62 30 91 60 30 92 63 31 93 64 31 94 62 31 95 65 32 96 66 32 97 64 32 98 67 33 99 68 33 100 66 33 101 69 34 102 70 34 103 68 34 104 71 35 105 72 35 106 70 35 107 73 36 108 74 36 109 72 36 110 75 37 111 76 37 112 74 37 113 77 38 114 78 38 115 76 38 116 79 39 117 80 39 118 78 39 119 81 40 120 82 40 121 80 40 122 83 41 123 84 41 124 82 41 125 85 42 126 86 42 127 84 42 128 87 43 129 88 43 130 86 43 131 89 44 132 90 44 133 88 44 134 91 45 135 92 45 136 90 45 137 93 46 138 94 46 139 92 46 140 95 47 141 96 47 142 94 47 143 97 48 144 98 48 145 96 48 146 99 49 147 100 49 148 98 49 149 101 50 150 102 50 151 100 50 152 103 51 153 104 51 154 102 51 155 105 52 156 106 52 157 104 52 158 107 53 159 108 53 160 106 53 161 109 54 162 110 54 163 108 54 164 111 55 165 112 55 166 110 55 167 113 56 168 114 56 169 112 56 170 115 57 171 116 57 172 114 57 173 117 58 174 118 58 175 116 58 176 119 59 177 120 59 178 118 59 179 121 60 180 122 60 181 120 60 182 123 61 183 124 61 184 122 61 185 125 62 186 126 62 187 124 62 188 127 63 189 128 63 190 126 63 191 129 64 192 130 64 193 128 64 194 131 65 195 132 65 196 130 65 197 133 66 198 134 66 199 132 66 200 135 67 201 136 67 202 134 67 203 137 68 204 138 68 205 136 68 206 139 69 207 140 69 208 138 69 209 141 70 210 142 70 211 140 70 212 143 71 213 144 71 214 142 71 215 145 72 216 146 72 217 144 72 218 147 73 219 148 73 220 146 73 221 149 74 222 150 74 223 148 74 224 151 75 225 152 75 226 150 75 227 153 76 228 154 76 229 152 76 230 155 77 231 156 77 232 154 77 233 157 78 234 158 78 235 156 78 236 159 79 237 160 79 238 158 79 239 161 80 240 162 80 241 160 80 242 163 81 243 164 81 244 162 81 245 165 82 246 166 82 247 164 82 248 167 83 249 168 83 250 166 83 251 169 84 252 170 84 253 168 84 254 171 85 255 172 85 256 170 85 257 173 86 258 174 86 259 172 86 260 175 87 261 176 87 262 174 87 263 177 88 264 178 88 265 176 88 266 179 89 267 180 89 268 178 89 269 181 90 270 182 90 271 180 90 272 183 91 273 184 91 274 182 91 275 185 92 276 186 92 277 184 92 278 187 93 279 188 93 280 186 93 281 189 94 282 190 94 283 188 94 284 191 95 285 192 95 286 190 95 287 193 96 288 194 96 289 192 96 290 195 97 291 196 97 292 194 97 293 197 98 294 198 98 295 196 98 296 199 99 297 200 99 298 198 99 299 201 100 300 202 100 301 200 100 302 203 101 303 204 101 304 202 101 305 205 102 306 206 102 307 204 102 308 207 103 309 208 103 310 206 103 311 209 104 312 210 104 313 208 104 314 211 105 315 212 105 316 210 105 317 213 106 318 214 106 319 212 106 320 215 107 321 216 107 322 214 107 323 217 108 324 218 108 325 216 108 326 219 109 327 220 109 328 218 109 329 221 110 330 222 110 331 220 110 332 223 111 333 224 111 334 222 111 335 225 112 336 226 112 337 224 112 338 227 113 339 228 113 340 226 113 341 229 114 342 230 114 343 228 114 344 231 115 345 232 115 346 230 115 347 233 116 348 234 116 349 232 116 350 235 117 351 236 117 352 234 117 353 237 118 354 238 118 355 236 118 356 239 119 357 240 119 358 238 119 359 241 120 360 242 120 361 240 120 362 243 121 363 244 121 364 242 121 365 245 122 366 246 122 367 244 122 368 247 123 369 248 123 370 246 123 371 249 124 372 250 124 373 248 124 374 251 125 375 252 125 376 250 125 377 253 126 378 254 126 379 252 126 380 255 127 381 0 127 382 254 127 383 1 0 384 3 0 385 2 0 386 3 1 387 5 1 388 4 1 389 5 2 390 7 2 391 6 2 392 7 3 393 9 3 394 8 3 395 9 128 396 11 128 397 10 128 398 11 129 399 13 129 400 12 129 401 13 130 402 15 130 403 14 130 404 15 7 405 17 7 406 16 7 407 17 8 408 19 8 409 18 8 410 19 131 411 21 131 412 20 131 413 21 10 414 23 10 415 22 10 416 23 11 417 25 11 418 24 11 419 25 12 420 27 12 421 26 12 422 27 13 423 29 13 424 28 13 425 29 14 426 31 14 427 30 14 428 31 132 429 33 132 430 32 132 431 33 133 432 35 133 433 34 133 434 35 17 435 37 17 436 36 17 437 37 18 438 39 18 439 38 18 440 39 19 441 41 19 442 40 19 443 41 20 444 43 20 445 42 20 446 43 21 447 45 21 448 44 21 449 45 22 450 47 22 451 46 22 452 47 23 453 49 23 454 48 23 455 49 24 456 51 24 457 50 24 458 51 25 459 53 25 460 52 25 461 53 26 462 55 26 463 54 26 464 55 27 465 57 27 466 56 27 467 57 28 468 59 28 469 58 28 470 59 134 471 61 134 472 60 134 473 61 30 474 63 30 475 62 30 476 63 135 477 65 135 478 64 135 479 65 136 480 67 136 481 66 136 482 67 137 483 69 137 484 68 137 485 69 138 486 71 138 487 70 138 488 71 139 489 73 139 490 72 139 491 73 36 492 75 36 493 74 36 494 75 140 495 77 140 496 76 140 497 77 38 498 79 38 499 78 38 500 79 39 501 81 39 502 80 39 503 81 141 504 83 141 505 82 141 506 83 142 507 85 142 508 84 142 509 85 42 510 87 42 511 86 42 512 87 143 513 89 143 514 88 143 515 89 144 516 91 144 517 90 144 518 91 145 519 93 145 520 92 145 521 93 146 522 95 146 523 94 146 524 95 47 525 97 47 526 96 47 527 97 48 528 99 48 529 98 48 530 99 147 531 101 147 532 100 147 533 101 50 534 103 50 535 102 50 536 103 148 537 105 148 538 104 148 539 105 149 540 107 149 541 106 149 542 107 53 543 109 53 544 108 53 545 109 150 546 111 150 547 110 150 548 111 151 549 113 151 550 112 151 551 113 152 552 115 152 553 114 152 554 115 57 555 117 57 556 116 57 557 117 58 558 119 58 559 118 58 560 119 153 561 121 153 562 120 153 563 121 154 564 123 154 565 122 154 566 123 61 567 125 61 568 124 61 569 125 62 570 127 62 571 126 62 572 127 155 573 129 155 574 128 155 575 129 156 576 131 156 577 130 156 578 131 65 579 133 65 580 132 65 581 133 66 582 135 66 583 134 66 584 135 157 585 137 157 586 136 157 587 137 158 588 139 158 589 138 158 590 139 69 591 141 69 592 140 69 593 141 70 594 143 70 595 142 70 596 143 71 597 145 71 598 144 71 599 145 159 600 147 159 601 146 159 602 147 160 603 149 160 604 148 160 605 149 74 606 151 74 607 150 74 608 151 75 609 153 75 610 152 75 611 153 76 612 155 76 613 154 76 614 155 77 615 157 77 616 156 77 617 157 161 618 159 161 619 158 161 620 159 162 621 161 162 622 160 162 623 161 80 624 163 80 625 162 80 626 163 81 627 165 81 628 164 81 629 165 82 630 167 82 631 166 82 632 167 163 633 169 163 634 168 163 635 169 164 636 171 164 637 170 164 638 171 85 639 173 85 640 172 85 641 173 165 642 175 165 643 174 165 644 175 166 645 177 166 646 176 166 647 177 88 648 179 88 649 178 88 650 179 167 651 181 167 652 180 167 653 181 168 654 183 168 655 182 168 656 183 91 657 185 91 658 184 91 659 185 169 660 187 169 661 186 169 662 187 93 663 189 93 664 188 93 665 189 170 666 191 170 667 190 170 668 191 171 669 193 171 670 192 171 671 193 96 672 195 96 673 194 96 674 195 172 675 197 172 676 196 172 677 197 98 678 199 98 679 198 98 680 199 99 681 201 99 682 200 99 683 201 100 684 203 100 685 202 100 686 203 101 687 205 101 688 204 101 689 205 102 690 207 102 691 206 102 692 207 173 693 209 173 694 208 173 695 209 104 696 211 104 697 210 104 698 211 174 699 213 174 700 212 174 701 213 175 702 215 175 703 214 175 704 215 176 705 217 176 706 216 176 707 217 108 708 219 108 709 218 108 710 219 109 711 221 109 712 220 109 713 221 110 714 223 110 715 222 110 716 223 111 717 225 111 718 224 111 719 225 112 720 227 112 721 226 112 722 227 113 723 229 113 724 228 113 725 229 177 726 231 177 727 230 177 728 231 115 729 233 115 730 232 115 731 233 116 732 235 116 733 234 116 734 235 178 735 237 178 736 236 178 737 237 118 738 239 118 739 238 118 740 239 119 741 241 119 742 240 119 743 241 120 744 243 120 745 242 120 746 243 121 747 245 121 748 244 121 749 245 122 750 247 122 751 246 122 752 247 179 753 249 179 754 248 179 755 249 180 756 251 180 757 250 180 758 251 125 759 253 125 760 252 125 761 253 181 762 255 181 763 254 181 764 255 127 765 1 127 766 0 127 767</p>
        </triangles>
      </mesh>
    </geometry>
  </library_geometries>
  <library_visual_scenes>
    <visual_scene id="Scene" name="Scene">
      <node id="Cube_011" name="Cube.011" type="NODE">
        <matrix sid="transform">-0.4949747 0.7071068 0 3.408454 -0.4949747 -0.7071068 0 -3.44097 0 0 1 0 0 0 0 1</matrix>
        <instance_geometry url="#Cube_012-mesh" name="Cube.011"/>
      </node>
      <node id="Cube_010" name="Cube.010" type="NODE">
        <matrix sid="transform">0.4949747 0.7071068 0 3.414239 -0.4949747 0.7071068 0 3.339138 0 0 1 0 0 0 0 1</matrix>
        <instance_geometry url="#Cube_011-mesh" name="Cube.010"/>
      </node>
      <node id="Cube_009" name="Cube.009" type="NODE">
        <matrix sid="transform">-0.4949747 0.7071068 0 -3.524952 -0.4949747 -0.7071068 0 3.490555 0 0 1 0 0 0 0 1</matrix>
        <instance_geometry url="#Cube_010-mesh" name="Cube.009"/>
      </node>
      <node id="Cube_008" name="Cube.008" type="NODE">
        <matrix sid="transform">0.4949747 0.7071068 0 -3.521388 -0.4949747 0.7071068 0 -3.596489 0 0 1 0 0 0 0 1</matrix>
        <instance_geometry url="#Cube_009-mesh" name="Cube.008"/>
      </node>
      <node id="Cube_007" name="Cube.007" type="NODE">
        <matrix sid="transform">0.7 0 0 0 0 1 0 -2.498309 0 0 1 0 0 0 0 1</matrix>
        <instance_geometry url="#Cube_008-mesh" name="Cube.007"/>
      </node>
      <node id="Cube_006" name="Cube.006" type="NODE">
        <matrix sid="transform">-3.0598e-8 1 0 2.430667 -0.7 -4.37114e-8 0 0.001329899 0 0 1 0 0 0 0 1</matrix>
        <instance_geometry url="#Cube_007-mesh" name="Cube.006"/>
      </node>
      <node id="Cube_005" name="Cube.005" type="NODE">
        <matrix sid="transform">-3.0598e-8 1 0 -2.446328 -0.7 -4.37114e-8 0 0 0 0 1 0 0 0 0 1</matrix>
        <instance_geometry url="#Cube_006-mesh" name="Cube.005"/>
      </node>
      <node id="Cube_004" name="Cube.004" type="NODE">
        <matrix sid="transform">0.7 0 0 0 0 1 0 2.431425 0 0 1 0 0 0 0 1</matrix>
        <instance_geometry url="#Cube_005-mesh" name="Cube.004"/>
      </node>
      <node id="Cube_003" name="Cube.003" type="NODE">
        <matrix sid="transform">-4.37114e-9 1 0 5.951969 -0.1 -4.37114e-8 0 0.001329899 0 0 1 0 0 0 0 1</matrix>
        <instance_geometry url="#Cube_004-mesh" name="Cube.003"/>
      </node>
      <node id="Cube_002" name="Cube.002" type="NODE">
        <matrix sid="transform">-4.37114e-9 1 0 -5.951969 -0.1 -4.37114e-8 0 0.001330853 0 0 1 0 0 0 0 1</matrix>
        <instance_geometry url="#Cube_003-mesh" name="Cube.002"/>
      </node>
      <node id="Cube_001" name="Cube.001" type="NODE">
        <matrix sid="transform">0.1 0 0 0 0 1 0 5.953299 0 0 1 0 0 0 0 1</matrix>
        <instance_geometry url="#Cube_002-mesh" name="Cube.001"/>
      </node>
      <node id="Cube" name="Cube" type="NODE">
        <matrix sid="transform">0.1 0 0 0 0 1 0 -5.950638 0 0 1 0 0 0 0 1</matrix>
        <instance_geometry url="#Cube_001-mesh" name="Cube"/>
      </node>
      <node id="Cylinder_002" name="Cylinder.002" type="NODE">
        <matrix sid="transform">1 0 0 0 0 1 0 0 0 0 1 0 0 0 0 1</matrix>
        <instance_geometry url="#Cylinder_003-mesh" name="Cylinder.002"/>
      </node>
      <node id="Cylinder_001" name="Cylinder.001" type="NODE">
        <matrix sid="transform">1 0 0 0 0 1 0 0 0 0 1 0 0 0 0 1</matrix>
        <instance_geometry url="#Cylinder_002-mesh" name="Cylinder.001"/>
      </node>
      <node id="Cylinder" name="Cylinder" type="NODE">
        <matrix sid="transform">1 0 0 0 0 1 0 0 0 0 1 0 0 0 0 1</matrix>
        <instance_geometry url="#Cylinder_001-mesh" name="Cylinder"/>
      </node>
      <node id="Camera" name="Camera" type="NODE">
        <matrix sid="transform">0.6859207 -0.3240135 0.6515582 7.358891 0.7276763 0.3054208 -0.6141704 -6.925791 0 0.8953956 0.4452714 4.958309 0 0 0 1</matrix>
        <instance_camera url="#Camera-camera"/>
      </node>
      <node id="Light" name="Light" type="NODE">
        <matrix sid="transform">-0.2908646 -0.7711008 0.5663932 4.076245 0.9551712 -0.1998834 0.2183912 1.005454 -0.05518906 0.6045247 0.7946723 5.903862 0 0 0 1</matrix>
        <instance_light url="#Light-light"/>
      </node>
    </visual_scene>
  </library_visual_scenes>
  <scene>
    <instance_visual_scene url="#Scene"/>
  </scene>
</COLLADA>