<?xml version="1.0" encoding="utf-8"?>
<COLLADA xmlns="http://www.collada.org/2005/11/COLLADASchema" version="1.4.1" xmlns:xsi="http://www.w3.org/2001/XMLSchema-instance">
  <asset>
    <contributor>
      <author>Blender User</author>
      <authoring_tool>Blender 2.91.2 commit date:2021-01-19, commit time:16:15, hash:5be9ef417703</authoring_tool>
    </contributor>
    <created>2021-02-01T12:45:37</created>
    <modified>2021-02-01T12:45:37</modified>
    <unit name="meter" meter="1"/>
    <up_axis>Z_UP</up_axis>
  </asset>
  <library_cameras>
    <camera id="Camera-camera" name="Camera">
      <optics>
        <technique_common>
          <perspective>
            <xfov sid="xfov">39.59775</xfov>
            <aspect_ratio>1.777778</aspect_ratio>
            <znear sid="znear">0.1</znear>
            <zfar sid="zfar">100</zfar>
          </perspective>
        </technique_common>
      </optics>
      <extra>
        <technique profile="blender">
          <shiftx sid="shiftx" type="float">0</shiftx>
          <shifty sid="shifty" type="float">0</shifty>
          <dof_distance sid="dof_distance" type="float">10</dof_distance>
        </technique>
      </extra>
    </camera>
  </library_cameras>
  <library_lights>
    <light id="Light-light" name="Light">
      <technique_common>
        <point>
          <color sid="color">1000 1000 1000</color>
          <constant_attenuation>1</constant_attenuation>
          <linear_attenuation>0</linear_attenuation>
          <quadratic_attenuation>0.00111109</quadratic_attenuation>
        </point>
      </technique_common>
      <extra>
        <technique profile="blender">
          <type sid="type" type="int">0</type>
          <flag sid="flag" type="int">0</flag>
          <mode sid="mode" type="int">1</mode>
          <gamma sid="blender_gamma" type="float">1</gamma>
          <red sid="red" type="float">1</red>
          <green sid="green" type="float">1</green>
          <blue sid="blue" type="float">1</blue>
          <shadow_r sid="blender_shadow_r" type="float">0</shadow_r>
          <shadow_g sid="blender_shadow_g" type="float">0</shadow_g>
          <shadow_b sid="blender_shadow_b" type="float">0</shadow_b>
          <energy sid="blender_energy" type="float">1000</energy>
          <dist sid="blender_dist" type="float">29.99998</dist>
          <spotsize sid="spotsize" type="float">75</spotsize>
          <spotblend sid="spotblend" type="float">0.15</spotblend>
          <att1 sid="att1" type="float">0</att1>
          <att2 sid="att2" type="float">1</att2>
          <falloff_type sid="falloff_type" type="int">2</falloff_type>
          <clipsta sid="clipsta" type="float">0.04999995</clipsta>
          <clipend sid="clipend" type="float">30.002</clipend>
          <bias sid="bias" type="float">1</bias>
          <soft sid="soft" type="float">3</soft>
          <bufsize sid="bufsize" type="int">2880</bufsize>
          <samp sid="samp" type="int">3</samp>
          <buffers sid="buffers" type="int">1</buffers>
          <area_shape sid="area_shape" type="int">1</area_shape>
          <area_size sid="area_size" type="float">0.1</area_size>
          <area_sizey sid="area_sizey" type="float">0.1</area_sizey>
          <area_sizez sid="area_sizez" type="float">1</area_sizez>
        </technique>
      </extra>
    </light>
  </library_lights>
  <library_effects>
    <effect id="None-effect">
      <profile_COMMON>
        <technique sid="common">
          <lambert>
            <emission>
              <color sid="emission">0 0 0 1</color>
            </emission>
            <diffuse>
              <color sid="diffuse">0.8 0.8 0.8 1</color>
            </diffuse>
            <index_of_refraction>
              <float sid="ior">1.45</float>
            </index_of_refraction>
          </lambert>
        </technique>
      </profile_COMMON>
    </effect>
  </library_effects>
  <library_images/>
  <library_materials>
    <material id="None-material" name="None">
      <instance_effect url="#None-effect"/>
    </material>
  </library_materials>
  <library_geometries>
    <geometry id="Cube_003_Cube_004-mesh" name="Cube.003_Cube.004">
      <mesh>
        <source id="Cube_003_Cube_004-mesh-positions">
          <float_array id="Cube_003_Cube_004-mesh-positions-array" count="24">4.951969 -1 -0.10133 4.951969 1 -0.10133 6.951969 1 -0.10133 6.951969 -1 -0.10133 6.951969 1 0.09867 6.951969 -1 0.09867 4.951969 1 0.09867 4.951969 -1 0.09867</float_array>
          <technique_common>
            <accessor source="#Cube_003_Cube_004-mesh-positions-array" count="8" stride="3">
              <param name="X" type="float"/>
              <param name="Y" type="float"/>
              <param name="Z" type="float"/>
            </accessor>
          </technique_common>
        </source>
        <source id="Cube_003_Cube_004-mesh-normals">
          <float_array id="Cube_003_Cube_004-mesh-normals-array" count="18">0 0 -1 1 0 0 0 0 1 -1 0 0 0 -1 0 0 1 0</float_array>
          <technique_common>
            <accessor source="#Cube_003_Cube_004-mesh-normals-array" count="6" stride="3">
              <param name="X" type="float"/>
              <param name="Y" type="float"/>
              <param name="Z" type="float"/>
            </accessor>
          </technique_common>
        </source>
        <source id="Cube_003_Cube_004-mesh-map-0">
          <float_array id="Cube_003_Cube_004-mesh-map-0-array" count="72">0.625 0 0.375 0.25 0.375 0 0.625 0.25 0.375 0.5 0.375 0.25 0.625 0.5 0.375 0.75 0.375 0.5 0.625 0.75 0.375 1 0.375 0.75 0.375 0.5 0.125 0.75 0.125 0.5 0.875 0.5 0.625 0.75 0.625 0.5 0.625 0 0.625 0.25 0.375 0.25 0.625 0.25 0.625 0.5 0.375 0.5 0.625 0.5 0.625 0.75 0.375 0.75 0.625 0.75 0.625 1 0.375 1 0.375 0.5 0.375 0.75 0.125 0.75 0.875 0.5 0.875 0.75 0.625 0.75</float_array>
          <technique_common>
            <accessor source="#Cube_003_Cube_004-mesh-map-0-array" count="36" stride="2">
              <param name="S" type="float"/>
              <param name="T" type="float"/>
            </accessor>
          </technique_common>
        </source>
        <vertices id="Cube_003_Cube_004-mesh-vertices">
          <input semantic="POSITION" source="#Cube_003_Cube_004-mesh-positions"/>
        </vertices>
        <triangles material="None-material" count="12">
          <input semantic="VERTEX" source="#Cube_003_Cube_004-mesh-vertices" offset="0"/>
          <input semantic="NORMAL" source="#Cube_003_Cube_004-mesh-normals" offset="1"/>
          <input semantic="TEXCOORD" source="#Cube_003_Cube_004-mesh-map-0" offset="2" set="0"/>
          <p>1 0 0 3 0 1 0 0 2 2 1 3 5 1 4 3 1 5 4 2 6 7 2 7 5 2 8 6 3 9 0 3 10 7 3 11 5 4 12 0 4 13 3 4 14 2 5 15 6 5 16 4 5 17 1 0 18 2 0 19 3 0 20 2 1 21 4 1 22 5 1 23 4 2 24 6 2 25 7 2 26 6 3 27 1 3 28 0 3 29 5 4 30 7 4 31 0 4 32 2 5 33 1 5 34 6 5 35</p>
        </triangles>
      </mesh>
    </geometry>
    <geometry id="Cube_002_Cube_003-mesh" name="Cube.002_Cube.003">
      <mesh>
        <source id="Cube_002_Cube_003-mesh-positions">
          <float_array id="Cube_002_Cube_003-mesh-positions-array" count="24">-6.951969 -1 -0.101331 -6.951969 1 -0.101331 -4.951969 1 -0.101331 -4.951969 -1 -0.101331 -4.951969 1 0.09866899 -4.951969 -1 0.09866899 -6.951969 1 0.09866899 -6.951969 -1 0.09866899</float_array>
          <technique_common>
            <accessor source="#Cube_002_Cube_003-mesh-positions-array" count="8" stride="3">
              <param name="X" type="float"/>
              <param name="Y" type="float"/>
              <param name="Z" type="float"/>
            </accessor>
          </technique_common>
        </source>
        <source id="Cube_002_Cube_003-mesh-normals">
          <float_array id="Cube_002_Cube_003-mesh-normals-array" count="18">0 0 -1 1 0 0 0 0 1 -1 0 0 0 -1 0 0 1 0</float_array>
          <technique_common>
            <accessor source="#Cube_002_Cube_003-mesh-normals-array" count="6" stride="3">
              <param name="X" type="float"/>
              <param name="Y" type="float"/>
              <param name="Z" type="float"/>
            </accessor>
          </technique_common>
        </source>
        <source id="Cube_002_Cube_003-mesh-map-0">
          <float_array id="Cube_002_Cube_003-mesh-map-0-array" count="72">0.625 0 0.375 0.25 0.375 0 0.625 0.25 0.375 0.5 0.375 0.25 0.625 0.5 0.375 0.75 0.375 0.5 0.625 0.75 0.375 1 0.375 0.75 0.375 0.5 0.125 0.75 0.125 0.5 0.875 0.5 0.625 0.75 0.625 0.5 0.625 0 0.625 0.25 0.375 0.25 0.625 0.25 0.625 0.5 0.375 0.5 0.625 0.5 0.625 0.75 0.375 0.75 0.625 0.75 0.625 1 0.375 1 0.375 0.5 0.375 0.75 0.125 0.75 0.875 0.5 0.875 0.75 0.625 0.75</float_array>
          <technique_common>
            <accessor source="#Cube_002_Cube_003-mesh-map-0-array" count="36" stride="2">
              <param name="S" type="float"/>
              <param name="T" type="float"/>
            </accessor>
          </technique_common>
        </source>
        <vertices id="Cube_002_Cube_003-mesh-vertices">
          <input semantic="POSITION" source="#Cube_002_Cube_003-mesh-positions"/>
        </vertices>
        <triangles material="None-material" count="12">
          <input semantic="VERTEX" source="#Cube_002_Cube_003-mesh-vertices" offset="0"/>
          <input semantic="NORMAL" source="#Cube_002_Cube_003-mesh-normals" offset="1"/>
          <input semantic="TEXCOORD" source="#Cube_002_Cube_003-mesh-map-0" offset="2" set="0"/>
          <p>1 0 0 3 0 1 0 0 2 2 1 3 5 1 4 3 1 5 4 2 6 7 2 7 5 2 8 6 3 9 0 3 10 7 3 11 5 4 12 0 4 13 3 4 14 2 5 15 6 5 16 4 5 17 1 0 18 2 0 19 3 0 20 2 1 21 4 1 22 5 1 23 4 2 24 6 2 25 7 2 26 6 3 27 1 3 28 0 3 29 5 4 30 7 4 31 0 4 32 2 5 33 1 5 34 6 5 35</p>
        </triangles>
      </mesh>
    </geometry>
    <geometry id="Cube_001_Cube_002-mesh" name="Cube.001_Cube.002">
      <mesh>
        <source id="Cube_001_Cube_002-mesh-positions">
          <float_array id="Cube_001_Cube_002-mesh-positions-array" count="24">-0.1 -1 -4.953299 -0.1 1 -4.953299 -0.1 1 -6.953299 -0.1 -1 -6.953299 0.1 1 -6.953299 0.1 -1 -6.953299 0.1 1 -4.953299 0.1 -1 -4.953299</float_array>
          <technique_common>
            <accessor source="#Cube_001_Cube_002-mesh-positions-array" count="8" stride="3">
              <param name="X" type="float"/>
              <param name="Y" type="float"/>
              <param name="Z" type="float"/>
            </accessor>
          </technique_common>
        </source>
        <source id="Cube_001_Cube_002-mesh-normals">
          <float_array id="Cube_001_Cube_002-mesh-normals-array" count="18">-1 0 0 0 0 -1 1 0 0 0 0 1 0 -1 0 0 1 0</float_array>
          <technique_common>
            <accessor source="#Cube_001_Cube_002-mesh-normals-array" count="6" stride="3">
              <param name="X" type="float"/>
              <param name="Y" type="float"/>
              <param name="Z" type="float"/>
            </accessor>
          </technique_common>
        </source>
        <source id="Cube_001_Cube_002-mesh-map-0">
          <float_array id="Cube_001_Cube_002-mesh-map-0-array" count="72">0.625 0 0.375 0.25 0.375 0 0.625 0.25 0.375 0.5 0.375 0.25 0.625 0.5 0.375 0.75 0.375 0.5 0.625 0.75 0.375 1 0.375 0.75 0.375 0.5 0.125 0.75 0.125 0.5 0.875 0.5 0.625 0.75 0.625 0.5 0.625 0 0.625 0.25 0.375 0.25 0.625 0.25 0.625 0.5 0.375 0.5 0.625 0.5 0.625 0.75 0.375 0.75 0.625 0.75 0.625 1 0.375 1 0.375 0.5 0.375 0.75 0.125 0.75 0.875 0.5 0.875 0.75 0.625 0.75</float_array>
          <technique_common>
            <accessor source="#Cube_001_Cube_002-mesh-map-0-array" count="36" stride="2">
              <param name="S" type="float"/>
              <param name="T" type="float"/>
            </accessor>
          </technique_common>
        </source>
        <vertices id="Cube_001_Cube_002-mesh-vertices">
          <input semantic="POSITION" source="#Cube_001_Cube_002-mesh-positions"/>
        </vertices>
        <triangles material="None-material" count="12">
          <input semantic="VERTEX" source="#Cube_001_Cube_002-mesh-vertices" offset="0"/>
          <input semantic="NORMAL" source="#Cube_001_Cube_002-mesh-normals" offset="1"/>
          <input semantic="TEXCOORD" source="#Cube_001_Cube_002-mesh-map-0" offset="2" set="0"/>
          <p>1 0 0 3 0 1 0 0 2 2 1 3 5 1 4 3 1 5 4 2 6 7 2 7 5 2 8 6 3 9 0 3 10 7 3 11 5 4 12 0 4 13 3 4 14 2 5 15 6 5 16 4 5 17 1 0 18 2 0 19 3 0 20 2 1 21 4 1 22 5 1 23 4 2 24 6 2 25 7 2 26 6 3 27 1 3 28 0 3 29 5 4 30 7 4 31 0 4 32 2 5 33 1 5 34 6 5 35</p>
        </triangles>
      </mesh>
    </geometry>
    <geometry id="Cube_Cube_001-mesh" name="Cube_Cube.001">
      <mesh>
        <source id="Cube_Cube_001-mesh-positions">
          <float_array id="Cube_Cube_001-mesh-positions-array" count="24">-0.1 -1 6.950638 -0.1 1 6.950638 -0.1 1 4.950638 -0.1 -1 4.950638 0.1 1 4.950638 0.1 -1 4.950638 0.1 1 6.950638 0.1 -1 6.950638</float_array>
          <technique_common>
            <accessor source="#Cube_Cube_001-mesh-positions-array" count="8" stride="3">
              <param name="X" type="float"/>
              <param name="Y" type="float"/>
              <param name="Z" type="float"/>
            </accessor>
          </technique_common>
        </source>
        <source id="Cube_Cube_001-mesh-normals">
          <float_array id="Cube_Cube_001-mesh-normals-array" count="18">-1 0 0 0 0 -1 1 0 0 0 0 1 0 -1 0 0 1 0</float_array>
          <technique_common>
            <accessor source="#Cube_Cube_001-mesh-normals-array" count="6" stride="3">
              <param name="X" type="float"/>
              <param name="Y" type="float"/>
              <param name="Z" type="float"/>
            </accessor>
          </technique_common>
        </source>
        <source id="Cube_Cube_001-mesh-map-0">
          <float_array id="Cube_Cube_001-mesh-map-0-array" count="72">0.625 0 0.375 0.25 0.375 0 0.625 0.25 0.375 0.5 0.375 0.25 0.625 0.5 0.375 0.75 0.375 0.5 0.625 0.75 0.375 1 0.375 0.75 0.375 0.5 0.125 0.75 0.125 0.5 0.875 0.5 0.625 0.75 0.625 0.5 0.625 0 0.625 0.25 0.375 0.25 0.625 0.25 0.625 0.5 0.375 0.5 0.625 0.5 0.625 0.75 0.375 0.75 0.625 0.75 0.625 1 0.375 1 0.375 0.5 0.375 0.75 0.125 0.75 0.875 0.5 0.875 0.75 0.625 0.75</float_array>
          <technique_common>
            <accessor source="#Cube_Cube_001-mesh-map-0-array" count="36" stride="2">
              <param name="S" type="float"/>
              <param name="T" type="float"/>
            </accessor>
          </technique_common>
        </source>
        <vertices id="Cube_Cube_001-mesh-vertices">
          <input semantic="POSITION" source="#Cube_Cube_001-mesh-positions"/>
        </vertices>
        <triangles material="None-material" count="12">
          <input semantic="VERTEX" source="#Cube_Cube_001-mesh-vertices" offset="0"/>
          <input semantic="NORMAL" source="#Cube_Cube_001-mesh-normals" offset="1"/>
          <input semantic="TEXCOORD" source="#Cube_Cube_001-mesh-map-0" offset="2" set="0"/>
          <p>1 0 0 3 0 1 0 0 2 2 1 3 5 1 4 3 1 5 4 2 6 7 2 7 5 2 8 6 3 9 0 3 10 7 3 11 5 4 12 0 4 13 3 4 14 2 5 15 6 5 16 4 5 17 1 0 18 2 0 19 3 0 20 2 1 21 4 1 22 5 1 23 4 2 24 6 2 25 7 2 26 6 3 27 1 3 28 0 3 29 5 4 30 7 4 31 0 4 32 2 5 33 1 5 34 6 5 35</p>
        </triangles>
      </mesh>
    </geometry>
    <geometry id="Cylinder_002_Cylinder_003-mesh" name="Cylinder.002_Cylinder.003">
      <mesh>
        <source id="Cylinder_002_Cylinder_003-mesh-positions">
          <float_array id="Cylinder_002_Cylinder_003-mesh-positions-array" count="1536">0 -1 -7 0 1 -7 0.343474 1 -6.991568 0.343474 -1 -6.991568 0.68612 1 -6.966293 0.68612 -1 -6.966293 1.027113 1 -6.924235 1.027113 -1 -6.924235 1.365632 1 -6.865497 1.365632 -1 -6.865497 1.700861 1 -6.790219 1.700861 -1 -6.790219 2.031993 1 -6.698583 2.031993 -1 -6.698583 2.358229 1 -6.590808 2.358229 -1 -6.590808 2.678784 1 -6.467157 2.678784 -1 -6.467157 2.992885 1 -6.327925 2.992885 -1 -6.327925 3.299777 1 -6.173449 3.299777 -1 -6.173449 3.598719 1 -6.0041 3.598719 -1 -6.0041 3.888992 1 -5.820287 3.888992 -1 -5.820287 4.169895 1 -5.622453 4.169895 -1 -5.622453 4.440753 1 -5.411073 4.440753 -1 -5.411073 4.700913 1 -5.186657 4.700913 -1 -5.186657 4.949748 1 -4.949747 4.949748 -1 -4.949747 5.186658 1 -4.700912 5.186658 -1 -4.700912 5.411074 1 -4.440753 5.411074 -1 -4.440753 5.622454 1 -4.169894 5.622454 -1 -4.169894 5.820288 1 -3.888991 5.820288 -1 -3.888991 6.004101 1 -3.598718 6.004101 -1 -3.598718 6.17345 1 -3.299776 6.17345 -1 -3.299776 6.327926 1 -2.992884 6.327926 -1 -2.992884 6.467157 1 -2.678782 6.467157 -1 -2.678782 6.590809 1 -2.358227 6.590809 -1 -2.358227 6.698583 1 -2.031991 6.698583 -1 -2.031991 6.790219 1 -1.700859 6.790219 -1 -1.700859 6.865498 1 -1.36563 6.865498 -1 -1.36563 6.924236 1 -1.027111 6.924236 -1 -1.027111 6.966293 1 -0.686117 6.966293 -1 -0.686117 6.991568 1 -0.343471 6.991568 -1 -0.343471 7 1 3e-6 7 -1 3e-6 6.991568 1 0.343477 6.991568 -1 0.343477 6.966292 1 0.686123 6.966292 -1 0.686123 6.924235 1 1.027117 6.924235 -1 1.027117 6.865496 1 1.365636 6.865496 -1 1.365636 6.790218 1 1.700865 6.790218 -1 1.700865 6.698581 1 2.031996 6.698581 -1 2.031996 6.590807 1 2.358232 6.590807 -1 2.358232 6.467155 1 2.678788 6.467155 -1 2.678788 6.327924 1 2.992888 6.327924 -1 2.992888 6.173448 1 3.299779 6.173448 -1 3.299779 6.004099 1 3.598721 6.004099 -1 3.598721 5.820287 1 3.888993 5.820287 -1 3.888993 5.622453 1 4.169896 5.622453 -1 4.169896 5.411074 1 4.440753 5.411074 -1 4.440753 5.186659 1 4.700912 5.186659 -1 4.700912 4.949749 1 4.949746 4.949749 -1 4.949746 4.700914 1 5.186656 4.700914 -1 5.186656 4.440755 1 5.411071 4.440755 -1 5.411071 4.169898 1 5.62245 4.169898 -1 5.62245 3.888995 1 5.820285 3.888995 -1 5.820285 3.598723 1 6.004098 3.598723 -1 6.004098 3.299782 1 6.173446 3.299782 -1 6.173446 2.992891 1 6.327922 2.992891 -1 6.327922 2.678791 1 6.467154 2.678791 -1 6.467154 2.358236 1 6.590806 2.358236 -1 6.590806 2.032001 1 6.69858 2.032001 -1 6.69858 1.70087 1 6.790216 1.70087 -1 6.790216 1.365642 1 6.865495 1.365642 -1 6.865495 1.027124 1 6.924234 1.027124 -1 6.924234 0.686131 1 6.966292 0.686131 -1 6.966292 0.343486 1 6.991568 0.343486 -1 6.991568 1.3e-5 1 7 1.3e-5 -1 7 -0.34346 1 6.991569 -0.34346 -1 6.991569 -0.686106 1 6.966294 -0.686106 -1 6.966294 -1.027099 1 6.924238 -1.027099 -1 6.924238 -1.365617 1 6.8655 -1.365617 -1 6.8655 -1.700845 1 6.790223 -1.700845 -1 6.790223 -2.031977 1 6.698587 -2.031977 -1 6.698587 -2.358212 1 6.590814 -2.358212 -1 6.590814 -2.678767 1 6.467164 -2.678767 -1 6.467164 -2.992868 1 6.327933 -2.992868 -1 6.327933 -3.29976 1 6.173458 -3.29976 -1 6.173458 -3.598702 1 6.004111 -3.598702 -1 6.004111 -3.888974 1 5.820299 -3.888974 -1 5.820299 -4.169878 1 5.622466 -4.169878 -1 5.622466 -4.440736 1 5.411088 -4.440736 -1 5.411088 -4.700896 1 5.186673 -4.700896 -1 5.186673 -4.949731 1 4.949764 -4.949731 -1 4.949764 -5.186642 1 4.700931 -5.186642 -1 4.700931 -5.411058 1 4.440771 -5.411058 -1 4.440771 -5.622439 1 4.169913 -5.622439 -1 4.169913 -5.820275 1 3.88901 -5.820275 -1 3.88901 -6.00409 1 3.598737 -6.00409 -1 3.598737 -6.17344 1 3.299794 -6.17344 -1 3.299794 -6.327917 1 2.992903 -6.327917 -1 2.992903 -6.46715 1 2.678801 -6.46715 -1 2.678801 -6.590803 1 2.358245 -6.590803 -1 2.358245 -6.698578 1 2.032008 -6.698578 -1 2.032008 -6.790215 1 1.700876 -6.790215 -1 1.700876 -6.865494 1 1.365646 -6.865494 -1 1.365646 -6.924233 1 1.027126 -6.924233 -1 1.027126 -6.966292 1 0.686132 -6.966292 -1 0.686132 -6.991568 1 0.343485 -6.991568 -1 0.343485 -7 1 10e-6 -7 -1 10e-6 -6.991569 1 -0.343465 -6.991569 -1 -0.343465 -6.966294 1 -0.686112 -6.966294 -1 -0.686112 -6.924236 1 -1.027106 -6.924236 -1 -1.027106 -6.865498 1 -1.365626 -6.865498 -1 -1.365626 -6.79022 1 -1.700856 -6.79022 -1 -1.700856 -6.698584 1 -2.031989 -6.698584 -1 -2.031989 -6.59081 1 -2.358226 -6.59081 -1 -2.358226 -6.467157 1 -2.678782 -6.467157 -1 -2.678782 -6.327926 1 -2.992885 -6.327926 -1 -2.992885 -6.173449 1 -3.299777 -6.173449 -1 -3.299777 -6.0041 1 -3.59872 -6.0041 -1 -3.59872 -5.820286 1 -3.888993 -5.820286 -1 -3.888993 -5.622451 1 -4.169897 -5.622451 -1 -4.169897 -5.411071 1 -4.440756 -5.411071 -1 -4.440756 -5.186655 1 -4.700916 -5.186655 -1 -4.700916 -4.949744 1 -4.949751 -4.949744 -1 -4.949751 -4.700908 1 -5.186663 -4.700908 -1 -5.186663 -4.440747 1 -5.411078 -4.440747 -1 -5.411078 -4.169888 1 -5.622458 -4.169888 -1 -5.622458 -3.888984 1 -5.820292 -3.888984 -1 -5.820292 -3.59871 1 -6.004106 -3.59871 -1 -6.004106 -3.299767 1 -6.173454 -3.299767 -1 -6.173454 -2.992874 1 -6.32793 -2.992874 -1 -6.32793 -2.678772 1 -6.467162 -2.678772 -1 -6.467162 -2.358216 1 -6.590814 -2.358216 -1 -6.590814 -2.031978 1 -6.698586 -2.031978 -1 -6.698586 -1.700845 1 -6.790223 -1.700845 -1 -6.790223 -1.365615 1 -6.8655 -1.365615 -1 -6.8655 -1.027095 1 -6.924238 -1.027095 -1 -6.924238 -0.686101 1 -6.966295 -0.686101 -1 -6.966295 -0.343453 1 -6.991569 -0.343453 -1 -6.991569 0 -1 -6.8 0.333665 -1 -6.791812 0.333665 1 -6.791812 0 1 -6.8 0.666521 -1 -6.767257 0.666521 1 -6.767257 0.997773 -1 -6.726402 0.997773 1 -6.726402 1.326617 -1 -6.669342 1.326617 1 -6.669342 1.65227 -1 -6.596213 1.65227 1 -6.596213 1.97394 -1 -6.507195 1.97394 1 -6.507195 2.290856 -1 -6.402503 2.290856 1 -6.402503 2.60225 -1 -6.282386 2.60225 1 -6.282386 2.907379 -1 -6.147128 2.907379 1 -6.147128 3.205499 -1 -5.99707 3.205499 1 -5.99707 3.495903 -1 -5.832556 3.495903 1 -5.832556 3.77788 -1 -5.653998 3.77788 1 -5.653998 4.050757 -1 -5.461815 4.050757 1 -5.461815 4.313876 -1 -5.256473 4.313876 1 -5.256473 4.566607 -1 -5.038472 4.566607 1 -5.038472 4.808331 -1 -4.808331 4.808331 1 -4.808331 5.038473 -1 -4.566606 5.038473 1 -4.566606 5.256473 -1 -4.313875 5.256473 1 -4.313875 5.461816 -1 -4.050756 5.461816 1 -4.050756 5.653999 -1 -3.777879 5.653999 1 -3.777879 5.832556 -1 -3.495901 5.832556 1 -3.495901 5.997071 -1 -3.205498 5.997071 1 -3.205498 6.147128 -1 -2.907378 6.147128 1 -2.907378 6.282386 -1 -2.602248 6.282386 1 -2.602248 6.402504 -1 -2.290855 6.402504 1 -2.290855 6.507195 -1 -1.973938 6.507195 1 -1.973938 6.596213 -1 -1.652268 6.596213 1 -1.652268 6.669343 -1 -1.326615 6.669343 1 -1.326615 6.726403 -1 -0.99777 6.726403 1 -0.99777 6.767258 -1 -0.666519 6.767258 1 -0.666519 6.791812 -1 -0.333662 6.791812 1 -0.333662 6.8 -1 3e-6 6.8 1 3e-6 6.791812 -1 0.333668 6.791812 1 0.333668 6.767257 -1 0.666524 6.767257 1 0.666524 6.726402 -1 0.997776 6.726402 1 0.997776 6.669342 -1 1.326621 6.669342 1 1.326621 6.596212 -1 1.652273 6.596212 1 1.652273 6.507194 -1 1.973944 6.507194 1 1.973944 6.402502 -1 2.29086 6.402502 1 2.29086 6.282384 -1 2.602253 6.282384 1 2.602253 6.147126 -1 2.907382 6.147126 1 2.907382 5.997069 -1 3.205502 5.997069 1 3.205502 5.832555 -1 3.495904 5.832555 1 3.495904 5.653997 -1 3.777881 5.653997 1 3.777881 5.461815 -1 4.050757 5.461815 1 4.050757 5.256473 -1 4.313875 5.256473 1 4.313875 5.038473 -1 4.566606 5.038473 1 4.566606 4.808332 -1 4.80833 4.808332 1 4.80833 4.566608 -1 5.03847 4.566608 1 5.03847 4.313878 -1 5.256471 4.313878 1 5.256471 4.05076 -1 5.461813 4.05076 1 5.461813 3.777884 -1 5.653996 3.777884 1 5.653996 3.495907 -1 5.832553 3.495907 1 5.832553 3.205504 -1 5.997067 3.205504 1 5.997067 2.907385 -1 6.147125 2.907385 1 6.147125 2.602256 -1 6.282383 2.602256 1 6.282383 2.290864 -1 6.402501 2.290864 1 6.402501 1.973949 -1 6.507192 1.973949 1 6.507192 1.652279 -1 6.59621 1.652279 1 6.59621 1.326627 -1 6.669341 1.326627 1 6.669341 0.997783 -1 6.726401 0.997783 1 6.726401 0.666532 -1 6.767256 0.666532 1 6.767256 0.333677 -1 6.791812 0.333677 1 6.791812 1.3e-5 -1 6.8 1.3e-5 1 6.8 -0.333652 -1 6.791813 -0.333652 1 6.791813 -0.666507 -1 6.767259 -0.666507 1 6.767259 -0.997758 -1 6.726405 -0.997758 1 6.726405 -1.326602 -1 6.669345 -1.326602 1 6.669345 -1.652254 -1 6.596217 -1.652254 1 6.596217 -1.973924 -1 6.507199 -1.973924 1 6.507199 -2.29084 -1 6.402509 -2.29084 1 6.402509 -2.602233 -1 6.282393 -2.602233 1 6.282393 -2.907362 -1 6.147136 -2.907362 1 6.147136 -3.205482 -1 5.997079 -3.205482 1 5.997079 -3.495885 -1 5.832566 -3.495885 1 5.832566 -3.777862 -1 5.654009 -3.777862 1 5.654009 -4.050739 -1 5.461828 -4.050739 1 5.461828 -4.313858 -1 5.256487 -4.313858 1 5.256487 -4.56659 -1 5.038487 -4.56659 1 5.038487 -4.808314 -1 4.808348 -4.808314 1 4.808348 -5.038456 -1 4.566618 -5.038456 1 4.566618 -5.256458 -1 4.313893 -5.256458 1 4.313893 -5.461802 -1 4.050775 -5.461802 1 4.050775 -5.653986 -1 3.777898 -5.653986 1 3.777898 -5.832545 -1 3.49592 -5.832545 1 3.49592 -5.997061 -1 3.205517 -5.997061 1 3.205517 -6.147125 -1 2.907396 -6.147125 1 2.907396 -6.282379 -1 2.602266 -6.282379 1 2.602266 -6.402498 -1 2.290872 -6.402498 1 2.290872 -6.50719 -1 1.973956 -6.50719 1 1.973956 -6.596215 -1 1.652284 -6.596215 1 1.652284 -6.66934 -1 1.326631 -6.66934 1 1.326631 -6.7264 -1 0.997785 -6.7264 1 0.997785 -6.767256 -1 0.666533 -6.767256 1 0.666533 -6.791812 -1 0.333676 -6.791812 1 0.333676 -6.8 -1 10e-6 -6.8 1 10e-6 -6.791813 -1 -0.333656 -6.791813 1 -0.333656 -6.767258 -1 -0.666513 -6.767258 1 -0.666513 -6.726403 -1 -0.997766 -6.726403 1 -0.997766 -6.669343 -1 -1.326612 -6.669343 1 -1.326612 -6.596214 -1 -1.652265 -6.596214 1 -1.652265 -6.507196 -1 -1.973937 -6.507196 1 -1.973937 -6.402504 -1 -2.290854 -6.402504 1 -2.290854 -6.282386 -1 -2.602248 -6.282386 1 -2.602248 -6.147128 -1 -2.907378 -6.147128 1 -2.907378 -5.99707 -1 -3.205499 -5.99707 1 -3.205499 -5.832555 -1 -3.495903 -5.832555 1 -3.495903 -5.653997 -1 -3.777881 -5.653997 1 -3.777881 -5.461813 -1 -4.050759 -5.461813 1 -4.050759 -5.25647 -1 -4.313878 -5.25647 1 -4.313878 -5.038469 -1 -4.56661 -5.038469 1 -4.56661 -4.808327 -1 -4.808335 -4.808327 1 -4.808335 -4.566602 -1 -5.038477 -4.566602 1 -5.038477 -4.313869 -1 -5.256477 -4.313869 1 -5.256477 -4.05075 -1 -5.461821 -4.05075 1 -5.461821 -3.777872 -1 -5.654003 -3.777872 1 -5.654003 -3.495893 -1 -5.832561 -3.495893 1 -5.832561 -3.205489 -1 -5.997076 -3.205489 1 -5.997076 -2.907368 -1 -6.147133 -2.907368 1 -6.147133 -2.602237 -1 -6.282391 -2.602237 1 -6.282391 -2.290843 -1 -6.402508 -2.290843 1 -6.402508 -1.973926 -1 -6.507199 -1.973926 1 -6.507199 -1.652254 -1 -6.596217 -1.652254 1 -6.596217 -1.3266 -1 -6.669346 -1.3266 1 -6.669346 -0.997755 -1 -6.726405 -0.997755 1 -6.726405 -0.666502 -1 -6.76726 -0.666502 1 -6.76726 -0.333645 -1 -6.791813 -0.333645 1 -6.791813</float_array>
          <technique_common>
            <accessor source="#Cylinder_002_Cylinder_003-mesh-positions-array" count="512" stride="3">
              <param name="X" type="float"/>
              <param name="Y" type="float"/>
              <param name="Z" type="float"/>
            </accessor>
          </technique_common>
        </source>
        <source id="Cylinder_002_Cylinder_003-mesh-normals">
          <float_array id="Cylinder_002_Cylinder_003-mesh-normals-array" count="2283">0.02454042 0 -0.9996988 0.02454257 0 -0.9996988 0.02454286 0 -0.9996988 0.07356494 0 -0.9972905 0.07356494 0 -0.9972905 0.1224122 0 -0.9924794 0.1224122 0 -0.9924794 0.1709594 0 -0.9852781 0.1709594 0 -0.9852781 0.2191015 0 -0.9757021 0.2191016 0 -0.9757021 0.2667105 0 -0.9637768 0.2667105 0 -0.9637767 0.3136844 0 -0.9495273 0.3136864 0 -0.9495267 0.3136867 0 -0.9495267 0.3598924 0 -0.9329938 0.3598943 0 -0.9329932 0.3598945 0 -0.932993 0.4052418 0 -0.9142096 0.4052418 0 -0.9142096 0.4496108 0 -0.8932246 0.4929006 0 -0.8700857 0.492899 0 -0.8700866 0.4928987 0 -0.8700867 0.5349951 0 -0.8448553 0.5349966 0 -0.8448542 0.5349969 0 -0.8448541 0.5758077 0 -0.8175852 0.5758076 0 -0.8175852 0.6152325 0 -0.7883457 0.6152325 0 -0.7883458 0.6531747 0 -0.7572073 0.6531735 0 -0.7572084 0.6531733 0 -0.7572086 0.6895393 0 -0.7242484 0.6895393 0 -0.7242483 0.7242488 0 -0.6895388 0.7242478 0 -0.6895398 0.7242476 0 -0.68954 0.7572062 0 -0.653176 0.7572071 0 -0.6531749 0.7572072 0 -0.6531748 0.7883468 0 -0.6152312 0.7883468 0 -0.6152312 0.8175854 0 -0.5758075 0.817585 0 -0.5758079 0.8175851 0 -0.5758081 0.8448548 0 -0.5349959 0.8448548 0 -0.5349959 0.870086 0 -0.4929 0.8700862 0 -0.4928996 0.8700863 0 -0.4928995 0.8932247 0 -0.4496107 0.8932248 0 -0.4496102 0.8932249 0 -0.4496102 0.914211 0 -0.4052385 0.9142109 0 -0.4052389 0.9142108 0 -0.4052389 0.9329926 0 -0.3598956 0.9329925 0 -0.359896 0.9329925 0 -0.359896 0.9495278 0 -0.313683 0.9495279 0 -0.3136827 0.9495279 0 -0.3136827 0.9637768 0 -0.2667103 0.9637768 0 -0.2667105 0.9637767 0 -0.2667105 0.9757015 0 -0.2191042 0.9757015 0 -0.2191042 0.9852781 0 -0.1709594 0.9852781 0 -0.1709595 0.9852781 0 -0.1709595 0.9924798 0 -0.1224091 0.9924798 0 -0.122409 0.9924798 0 -0.122409 0.9972905 0 -0.07356494 0.9972905 0 -0.07356494 0.9996988 0 -0.02454149 0.9996988 0 -0.02454149 0.9996989 0 -0.02454149 0.9996988 0 0.02454149 0.9996988 0 0.02454149 0.9996989 0 0.02454149 0.9972903 0 0.07356774 0.9924798 0 0.1224091 0.9924798 0 0.1224091 0.9852777 0 0.1709622 0.9852777 0 0.1709621 0.9852777 0 0.1709621 0.9757021 0 0.2191015 0.9757021 0 0.2191014 0.9757022 0 0.2191014 0.9637758 0 0.2667137 0.9637759 0 0.2667138 0.9495278 0 0.313683 0.9495279 0 0.3136827 0.9495279 0 0.3136827 0.9329931 0 0.3598946 0.9329928 0 0.359895 0.9329929 0 0.3598951 0.9142096 0 0.4052417 0.9142095 0 0.4052421 0.9142094 0 0.4052422 0.8932247 0 0.4496108 0.8932246 0 0.4496108 0.8700863 0 0.4928995 0.8700863 0 0.4928995 0.8448551 0 0.5349952 0.8448548 0 0.5349957 0.8448548 0 0.5349958 0.817585 0 0.5758079 0.8175854 0 0.5758075 0.8175854 0 0.5758073 0.7883461 0 0.6152322 0.7572085 0 0.6531733 0.7572076 0 0.6531744 0.7572074 0 0.6531745 0.7242475 0 0.6895402 0.7242465 0 0.6895412 0.7242463 0 0.6895414 0.6895393 0 0.7242484 0.6895393 0 0.7242483 0.653173 0 0.7572087 0.653173 0 0.7572087 0.6152322 0 0.7883461 0.5758096 0 0.8175839 0.5758095 0 0.8175839 0.5349984 0 0.8448531 0.5349985 0 0.8448532 0.4928997 0 0.8700861 0.4928981 0 0.8700872 0.4928979 0 0.8700873 0.4496116 0 0.8932241 0.4496099 0 0.8932251 0.4496096 0 0.8932251 0.4052433 0 0.914209 0.4052451 0 0.9142081 0.4052454 0 0.9142081 0.3598948 0 0.9329929 0.3598967 0 0.9329922 0.359897 0 0.9329921 0.3136824 0 0.9495279 0.2667115 0 0.9637765 0.2667135 0 0.9637759 0.2667138 0 0.9637759 0.2191047 0 0.9757014 0.2191047 0 0.9757013 0.1709626 0 0.9852776 0.1709626 0 0.9852775 0.1224122 0 0.9924794 0.1224121 0 0.9924794 0.07356792 0 0.9972903 0.02454262 0 0.9996988 0.02454048 0 0.9996989 0.02454018 0 0.9996989 -0.02453988 0 0.9996989 -0.02453768 0 0.9996989 -0.02453738 0 0.9996989 -0.07356494 0 0.9972905 -0.07356494 0 0.9972905 -0.1224042 0 0.9924803 -0.1224064 0 0.9924801 -0.1224067 0 0.99248 -0.1709602 0 0.985278 -0.1709623 0 0.9852776 -0.1709626 0 0.9852775 -0.2190992 0 0.9757027 -0.2190971 0 0.9757031 -0.2190968 0 0.9757032 -0.2667108 0 0.9637767 -0.2667128 0 0.9637761 -0.2667131 0 0.9637761 -0.31368 0 0.9495289 -0.35989 0 0.9329948 -0.3598919 0 0.9329941 -0.3598921 0 0.932994 -0.4052418 0 0.9142096 -0.40524 0 0.9142104 -0.4052398 0 0.9142106 -0.4496063 0 0.8932269 -0.449608 0 0.893226 -0.4496083 0 0.8932259 -0.4928948 0 0.870089 -0.4928964 0 0.8700881 -0.4928966 0 0.8700879 -0.5349947 0 0.8448554 -0.5349963 0 0.8448545 -0.5349965 0 0.8448543 -0.5758045 0 0.8175874 -0.5758045 0 0.8175875 -0.6152291 0 0.7883485 -0.6531716 0 0.75721 -0.6531717 0 0.75721 -0.689538 0 0.7242496 -0.6895391 0 0.7242485 -0.6895393 0 0.7242483 -0.7242429 0 0.6895449 -0.757209 0 0.6531727 -0.7572081 0 0.6531738 -0.7572079 0 0.653174 -0.7883446 0 0.6152341 -0.7883453 0 0.6152331 -0.7883455 0 0.615233 -0.8175824 0 0.5758118 -0.8175824 0 0.5758118 -0.8448516 0 0.5350009 -0.8448512 0 0.5350013 -0.8448512 0 0.5350015 -0.8700858 0 0.4929004 -0.8700858 0 0.4929004 -0.8932229 0 0.4496141 -0.893223 0 0.4496141 -0.9142084 0 0.4052443 -0.9142083 0 0.4052447 -0.9142083 0 0.4052447 -0.9329921 0 0.359897 -0.9329921 0 0.359897 -0.9495278 0 0.3136832 -0.9495277 0 0.3136835 -0.9495277 0 0.3136835 -0.9637756 0 0.2667143 -0.975702 0 0.2191021 -0.9757019 0 0.2191022 -0.9757019 0 0.2191023 -0.9852775 0 0.1709629 -0.9924792 0 0.1224145 -0.9924792 0 0.1224145 -0.9972903 0 0.0735675 -0.9972903 0 0.0735675 -0.9996988 0 0.02454143 -0.9996988 0 0.02454143 -0.9996989 0 0.02454143 -0.9996989 0 -0.02453863 -0.9996989 0 -0.02453863 -0.9972905 0 -0.07356476 -0.9972905 0 -0.07356476 -0.9924795 0 -0.1224117 -0.9924795 0 -0.1224118 -0.9924794 0 -0.1224118 -0.9852781 0 -0.170959 -0.9852783 0 -0.1709589 -0.9852783 0 -0.1709589 -0.9757022 0 -0.2191009 -0.9757022 0 -0.2191008 -0.963777 0 -0.2667096 -0.963777 0 -0.2667096 -0.9495282 0 -0.3136819 -0.9495281 0 -0.3136822 -0.949528 0 -0.3136823 -0.932992 0 -0.3598974 -0.9329921 0 -0.359897 -0.9329921 0 -0.359897 -0.9142115 0 -0.4052374 -0.9142116 0 -0.4052374 -0.8932235 0 -0.449613 -0.8700869 0 -0.4928983 -0.8448527 0 -0.5349989 -0.8448524 0 -0.5349994 -0.8448525 0 -0.5349995 -0.8175848 0 -0.5758085 -0.8175851 0 -0.575808 -0.8175851 0 -0.5758079 -0.7883468 0 -0.6152312 -0.7883468 0 -0.6152312 -0.7572081 0 -0.6531738 -0.757209 0 -0.6531727 -0.7572092 0 -0.6531726 -0.7242464 0 -0.6895413 -0.7242475 0 -0.6895402 -0.7242476 0 -0.68954 -0.6895421 0 -0.7242456 -0.6895409 0 -0.7242467 -0.6895408 0 -0.7242469 -0.6531696 0 -0.7572117 -0.6531696 0 -0.7572118 -0.6152312 0 -0.7883468 -0.6152312 0 -0.7883468 -0.5758064 0 -0.8175861 -0.5758064 0 -0.8175862 -0.5349979 0 -0.8448534 -0.4928951 0 -0.8700888 -0.4928951 0 -0.8700887 -0.4496093 0 -0.8932253 -0.4496093 0 -0.8932253 -0.4052431 0 -0.914209 -0.4052413 0 -0.9142099 -0.405241 0 -0.91421 -0.3598958 0 -0.9329925 -0.3598939 0 -0.9329932 -0.3598936 0 -0.9329934 -0.3136748 0 -0.9495306 -0.3136748 0 -0.9495305 -0.2667126 0 -0.9637762 -0.2667147 0 -0.9637756 -0.2667149 0 -0.9637756 -0.2190958 0 -0.9757034 -0.2190979 0 -0.9757029 -0.2190982 0 -0.9757028 -0.1709613 0 -0.9852778 -0.1709592 0 -0.9852782 -0.1709589 0 -0.9852783 -0.1224066 0 -0.9924801 -0.1224088 0 -0.9924798 -0.1224091 0 -0.9924798 -0.07356178 0 -0.9972907 -0.07356178 0 -0.9972907 -0.02453911 0 -0.9996989 -0.02454131 0 -0.9996988 -0.02454161 0 -0.9996988 -0.02453291 0 0.9996991 -0.02453291 0 0.999699 -0.07357102 0 0.99729 -0.07356876 0 0.9972902 -0.07357132 0 0.99729 -0.1224088 0 0.9924798 -0.1224088 0 0.9924798 -0.1709605 0 0.9852779 -0.1709627 0 0.9852775 -0.1709603 0 0.985278 -0.2191061 0 0.9757011 -0.219104 0 0.9757015 -0.2191064 0 0.975701 -0.2667121 0 0.9637763 -0.313673 0 0.9495311 -0.313675 0 0.9495305 -0.3136727 0 0.9495312 -0.3598929 0 0.9329937 -0.4052498 0 0.914206 -0.4052499 0 0.914206 -0.4496057 0 0.8932272 -0.4496039 0 0.8932281 -0.4496059 0 0.8932271 -0.4929023 0 0.8700848 -0.492904 0 0.8700837 -0.4929021 0 0.8700849 -0.5349941 0 0.8448559 -0.5349925 0 0.8448569 -0.5349943 0 0.8448557 -0.5758117 0 0.8175824 -0.5758102 0 0.8175834 -0.5758119 0 0.8175823 -0.6152338 0 0.7883448 -0.6152352 0 0.7883437 -0.6152336 0 0.7883449 -0.6531628 0 0.7572176 -0.6531615 0 0.7572188 -0.653163 0 0.7572175 -0.6895412 0 0.7242465 -0.6895424 0 0.7242454 -0.6895411 0 0.7242467 -0.7242459 0 0.6895418 -0.7242459 0 0.6895418 -0.7572191 0 0.6531611 -0.75722 0 0.6531599 -0.7572189 0 0.6531612 -0.7883425 0 0.6152368 -0.7883433 0 0.6152358 -0.7883422 0 0.6152369 -0.8175827 0 0.5758112 -0.8175832 0 0.5758107 -0.8175827 0 0.5758113 -0.8448587 0 0.5349897 -0.8448584 0 0.5349902 -0.8448587 0 0.5349896 -0.8700824 0 0.4929063 -0.8700821 0 0.4929068 -0.8700826 0 0.4929063 -0.8932288 0 0.4496026 -0.8932288 0 0.4496026 -0.9142066 0 0.4052486 -0.9142065 0 0.4052485 -0.9329923 0 0.3598964 -0.9329922 0 0.3598968 -0.9329923 0 0.3598964 -0.9495319 0 0.3136705 -0.9495319 0 0.3136704 -0.9637763 0 0.2667122 -0.9637763 0 0.2667123 -0.9637763 0 0.2667121 -0.9757007 0 0.2191078 -0.9757007 0 0.2191078 -0.9852775 0 0.1709625 -0.9852775 0 0.1709626 -0.9852776 0 0.1709625 -0.9924799 0 0.1224077 -0.9924799 0 0.1224077 -0.9972903 0 0.07356685 -0.9972904 0 0.07356685 -0.9996991 0 0.02453291 -0.999699 0 0.02453291 -0.9996991 0 -0.02453291 -0.999699 0 -0.02453291 -0.9972901 0 -0.07356989 -0.9972901 0 -0.07356989 -0.9972901 0 -0.07356989 -0.9924798 0 -0.1224088 -0.9924798 0 -0.1224088 -0.9852778 0 -0.170961 -0.9852778 0 -0.1709611 -0.9757006 0 -0.2191084 -0.9757005 0 -0.2191085 -0.9757006 0 -0.2191084 -0.9637765 0 -0.2667115 -0.9637765 0 -0.2667114 -0.9637765 0 -0.2667116 -0.9495308 0 -0.3136738 -0.9495308 0 -0.3136739 -0.9329923 0 -0.3598964 -0.9329922 0 -0.3598968 -0.9329923 0 -0.3598964 -0.9142062 0 -0.4052496 -0.9142061 0 -0.4052496 -0.8932288 0 -0.4496026 -0.8932288 0 -0.4496026 -0.8700827 0 -0.4929059 -0.8700826 0 -0.4929059 -0.8448562 0 -0.5349935 -0.8448566 0 -0.534993 -0.8448562 0 -0.5349935 -0.8175835 0 -0.5758101 -0.8175832 0 -0.5758107 -0.8175836 0 -0.5758101 -0.7883427 0 -0.6152364 -0.7883436 0 -0.6152353 -0.7883426 0 -0.6152366 -0.75722 0 -0.6531599 -0.7572191 0 -0.6531611 -0.7572201 0 -0.6531598 -0.7242459 0 -0.6895418 -0.7242459 0 -0.6895418 -0.6895395 0 -0.7242481 -0.6895396 0 -0.7242481 -0.6531644 0 -0.7572163 -0.6531644 0 -0.7572162 -0.6152366 0 -0.7883425 -0.6152352 0 -0.7883437 -0.6152368 0 -0.7883424 -0.5758119 0 -0.8175823 -0.5758134 0 -0.8175812 -0.5758117 0 -0.8175824 -0.534992 0 -0.8448572 -0.5349904 0 -0.8448582 -0.5349922 0 -0.844857 -0.4929053 0 -0.870083 -0.4929035 0 -0.8700841 -0.4929054 0 -0.8700829 -0.4496051 0 -0.8932275 -0.4496051 0 -0.8932275 -0.4052518 0 -0.9142051 -0.4052498 0 -0.914206 -0.405252 0 -0.9142051 -0.3598976 0 -0.9329919 -0.3598976 0 -0.9329919 -0.3136711 0 -0.9495318 -0.3136731 0 -0.949531 -0.3136708 0 -0.9495318 -0.2667122 0 -0.9637762 -0.2667122 0 -0.9637762 -0.2191101 0 -0.9757002 -0.2191122 0 -0.9756997 -0.2191098 0 -0.9757003 -0.1709627 0 -0.9852775 -0.1709605 0 -0.9852779 -0.170963 0 -0.9852774 -0.1224066 0 -0.9924801 -0.1224089 0 -0.9924798 -0.1224064 0 -0.9924802 -0.07357436 0 -0.9972898 -0.02453297 0 -0.999699 0.02453005 0 -0.9996991 0.02453005 0 -0.9996992 0.07356613 0 -0.9972904 0.0735684 0 -0.9972903 0.07356584 0 -0.9972904 0.1224061 0 -0.9924802 0.1224039 0 -0.9924805 0.1224064 0 -0.9924802 0.170963 0 -0.9852774 0.2191016 0 -0.9757021 0.2191016 0 -0.9757021 0.2667124 0 -0.9637762 0.2667145 0 -0.9637756 0.2667121 0 -0.9637763 0.3136675 0 -0.9495329 0.3136675 0 -0.9495329 0.3598917 0 -0.9329942 0.3598917 0 -0.9329942 0.4052472 0 -0.9142072 0.4052473 0 -0.9142072 0.4496034 0 -0.8932283 0.4496016 0 -0.8932292 0.4496036 0 -0.8932282 0.4929017 0 -0.8700851 0.4929034 0 -0.8700841 0.4929015 0 -0.8700852 0.5349917 0 -0.8448573 0.5349901 0 -0.8448584 0.5349919 0 -0.8448572 0.5758066 0 -0.817586 0.5758066 0 -0.8175861 0.6152336 0 -0.7883449 0.6531597 0 -0.7572202 0.6531585 0 -0.7572214 0.6531599 0 -0.75722 0.689538 0 -0.7242495 0.724254 0 -0.6895334 0.7242528 0 -0.6895346 0.724254 0 -0.6895333 0.7572098 0 -0.6531718 0.757209 0 -0.6531729 0.75721 0 -0.6531715 0.7883391 0 -0.6152411 0.788339 0 -0.615241 0.8175815 0 -0.5758131 0.8175818 0 -0.5758126 0.8175814 0 -0.5758132 0.8448562 0 -0.5349937 0.8448561 0 -0.5349937 0.8700808 0 -0.492909 0.8932214 0 -0.4496173 0.8932214 0 -0.4496173 0.9142103 0 -0.4052402 0.9142103 0 -0.4052402 0.9329922 0 -0.3598967 0.9329921 0 -0.3598971 0.9329922 0 -0.3598966 0.9495304 0 -0.3136751 0.9495304 0 -0.3136749 0.9495304 0 -0.3136752 0.9637715 0 -0.2667292 0.9637716 0 -0.2667292 0.9757038 0 -0.2190942 0.9852779 0 -0.1709606 0.985278 0 -0.1709606 0.9924796 0 -0.1224102 0.9924796 0 -0.1224102 0.9972898 0 -0.07357394 0.9972898 0 -0.07357394 0.9972898 0 -0.07357394 0.9996991 0 -0.02453285 0.9996991 0 -0.02453285 0.999699 0 -0.02453285 0.9996991 0 0.02452999 0.9996992 0 0.02452999 0.9972901 0 0.07356965 0.99248 0 0.122407 0.99248 0 0.122407 0.9852777 0 0.170962 0.9757013 0 0.219105 0.9757013 0 0.2191051 0.9757013 0 0.219105 0.9637767 0 0.2667105 0.9637767 0 0.2667106 0.9495311 0 0.313673 0.9329926 0 0.3598959 0.9329926 0 0.3598955 0.9329925 0 0.3598959 0.9142066 0 0.4052486 0.9142065 0 0.4052485 0.8932282 0 0.4496036 0.8932282 0 0.4496036 0.8700829 0 0.4929056 0.8700832 0 0.4929051 0.8700828 0 0.4929056 0.8448571 0 0.5349922 0.8448574 0 0.5349918 0.844857 0 0.5349923 0.8175827 0 0.5758112 0.8175824 0 0.5758118 0.8175827 0 0.5758112 0.7883433 0 0.6152358 0.7883425 0 0.6152368 0.7883433 0 0.6152356 0.7572181 0 0.6531621 0.7572191 0 0.653161 0.757218 0 0.6531623 0.7242466 0 0.6895411 0.6895412 0 0.7242465 0.6895425 0 0.7242453 0.6895411 0 0.7242466 0.6531576 0 0.757222 0.6531563 0 0.7572231 0.6531578 0 0.7572219 0.615239 0 0.7883407 0.5758073 0 0.8175855 0.5758088 0 0.8175845 0.5758071 0 0.8175857 0.5349912 0 0.8448577 0.5349895 0 0.8448587 0.5349913 0 0.8448575 0.4929062 0 0.8700826 0.4929046 0 0.8700835 0.4929064 0 0.8700824 0.4496002 0 0.8932299 0.4052478 0 0.9142069 0.4052497 0 0.9142061 0.4052475 0 0.9142071 0.3598909 0 0.9329944 0.3598929 0 0.9329937 0.3598906 0 0.9329945 0.3136693 0 0.9495323 0.3136713 0 0.9495316 0.313669 0 0.9495325 0.266713 0 0.9637761 0.2667109 0 0.9637767 0.2667133 0 0.9637759 0.219103 0 0.9757018 0.219103 0 0.9757018 0.1709598 0 0.9852781 0.1709598 0 0.985278 0.1224082 0 0.9924799 0.1224059 0 0.9924801 0.1224085 0 0.9924799 0.07356286 0 0.9972907 0.07356512 0 0.9972905 0.07356256 0 0.9972907 0.02453154 0 0.9996991 0.02453154 0 0.9996991 0 -1 0 0 1 0 0.02454012 0 -0.9996989 0.3136842 0 -0.9495275 0.3598921 0 -0.932994 0.4929009 0 -0.8700856 0.5349949 0 -0.8448554 0.6531749 0 -0.7572072 0.724249 0 -0.6895386 0.7572061 0 -0.6531761 0.8175854 0 -0.5758073 0.870086 0 -0.4929001 0.8932246 0 -0.4496108 0.914211 0 -0.4052384 0.9329926 0 -0.3598955 0.9495278 0 -0.3136831 0.9637768 0 -0.2667103 0.9852781 0 -0.1709594 0.9924798 0 -0.1224091 0.9996989 0 -0.02454149 0.9996989 0 0.02454149 0.9757021 0 0.2191016 0.9495278 0 0.3136831 0.9329931 0 0.3598946 0.9142096 0 0.4052416 0.8448551 0 0.5349951 0.8175851 0 0.5758081 0.7572087 0 0.6531732 0.7242476 0 0.68954 0.4929 0 0.870086 0.4496119 0 0.8932241 0.4052431 0 0.9142091 0.3598945 0 0.932993 0.2667112 0 0.9637766 0.02454292 0 0.9996988 -0.02454018 0 0.9996989 -0.1224039 0 0.9924805 -0.1709599 0 0.9852781 -0.2190995 0 0.9757026 -0.2667105 0 0.9637767 -0.3598898 0 0.9329949 -0.405242 0 0.9142094 -0.4496061 0 0.893227 -0.4928946 0 0.8700891 -0.5349945 0 0.8448557 -0.6895378 0 0.7242497 -0.7572092 0 0.6531726 -0.7883445 0 0.6152343 -0.8448516 0 0.5350008 -0.9142085 0 0.4052442 -0.9495278 0 0.3136831 -0.975702 0 0.2191021 -0.9924792 0 0.1224145 -0.9972903 0 0.0735675 -0.9996989 0 0.02454143 -0.9996989 0 -0.02453863 -0.9924794 0 -0.1224117 -0.9852781 0 -0.170959 -0.9757023 0 -0.219101 -0.9495282 0 -0.3136819 -0.9329919 0 -0.3598974 -0.8448528 0 -0.5349988 -0.8175846 0 -0.5758085 -0.7572079 0 -0.653174 -0.7242463 0 -0.6895415 -0.6895423 0 -0.7242455 -0.4052433 0 -0.9142089 -0.359896 0 -0.9329924 -0.2667124 0 -0.9637763 -0.2190956 0 -0.9757035 -0.1709616 0 -0.9852777 -0.1224063 0 -0.9924802 -0.02453881 0 -0.9996989 -0.07356846 0 0.9972903 -0.170963 0 0.9852774 -0.2191037 0 0.9757016 -0.3136752 0 0.9495304 -0.4496036 0 0.8932282 -0.4929043 0 0.8700836 -0.5349922 0 0.844857 -0.57581 0 0.8175836 -0.6152354 0 0.7883435 -0.6531613 0 0.7572188 -0.6895425 0 0.7242453 -0.7572201 0 0.6531598 -0.7883433 0 0.6152356 -0.8175832 0 0.5758106 -0.8448583 0 0.5349903 -0.8700821 0 0.4929068 -0.9329922 0 0.3598968 -0.999699 0 0.02453291 -0.999699 0 -0.02453291 -0.9972901 0 -0.07356989 -0.9852778 0 -0.1709611 -0.9757005 0 -0.2191085 -0.9329922 0 -0.3598968 -0.8448566 0 -0.5349929 -0.8175832 0 -0.5758107 -0.7883437 0 -0.6152352 -0.7572189 0 -0.6531612 -0.615235 0 -0.7883439 -0.5758136 0 -0.8175811 -0.5349902 0 -0.8448583 -0.4929033 0 -0.8700841 -0.4052496 0 -0.9142061 -0.3136734 0 -0.949531 -0.2191125 0 -0.9756996 -0.1709603 0 -0.985278 -0.1224092 0 -0.9924798 0.0735687 0 -0.9972903 0.1224036 0 -0.9924805 0.2667148 0 -0.9637755 0.4496014 0 -0.8932293 0.4929036 0 -0.8700839 0.5349899 0 -0.8448586 0.6531583 0 -0.7572215 0.7242527 0 -0.6895347 0.7572088 0 -0.653173 0.8175818 0 -0.5758125 0.932992 0 -0.3598971 0.999699 0 -0.02453285 0.9996992 0 0.02452999 0.99248 0 0.122407 0.9757013 0 0.2191052 0.9637767 0 0.2667106 0.9329927 0 0.3598954 0.8700832 0 0.492905 0.8448574 0 0.5349916 0.8175823 0 0.5758119 0.7883422 0 0.6152369 0.7572193 0 0.6531609 0.6895426 0 0.7242452 0.6531562 0 0.7572233 0.575809 0 0.8175843 0.5349894 0 0.8448589 0.4929043 0 0.8700836 0.4052499 0 0.914206 0.3598932 0 0.9329935 0.3136716 0 0.9495315 0.2667106 0 0.9637767 0.1224056 0 0.9924802 0.07356542 0 0.9972904</float_array>
          <technique_common>
            <accessor source="#Cylinder_002_Cylinder_003-mesh-normals-array" count="761" stride="3">
              <param name="X" type="float"/>
              <param name="Y" type="float"/>
              <param name="Z" type="float"/>
            </accessor>
          </technique_common>
        </source>
        <source id="Cylinder_002_Cylinder_003-mesh-map-0">
          <float_array id="Cylinder_002_Cylinder_003-mesh-map-0-array" count="6144">1 1 0.992188 0 1 0 0.992188 1 0.984375 0 0.992188 0 0.984375 1 0.976562 0 0.984375 0 0.976562 1 0.96875 0 0.976562 0 0.96875 1 0.960938 0 0.96875 0 0.960938 1 0.953125 0 0.960938 0 0.953125 1 0.945312 0 0.953125 0 0.945312 1 0.9375 0 0.945312 0 0.9375 1 0.929688 0 0.9375 0 0.929688 1 0.921875 0 0.929688 0 0.921875 1 0.914062 0 0.921875 0 0.914062 1 0.90625 0 0.914062 0 0.90625 1 0.898438 0 0.90625 0 0.898438 1 0.890625 0 0.898438 0 0.890625 1 0.882812 0 0.890625 0 0.882812 1 0.875 0 0.882812 0 0.875 1 0.867188 0 0.875 0 0.867188 1 0.859375 0 0.867188 0 0.859375 1 0.851562 0 0.859375 0 0.851562 1 0.84375 0 0.851562 0 0.84375 1 0.835938 0 0.84375 0 0.835938 1 0.828125 0 0.835938 0 0.828125 1 0.820312 0 0.828125 0 0.820312 1 0.8125 0 0.820312 0 0.8125 1 0.804688 0 0.8125 0 0.804688 1 0.796875 0 0.804688 0 0.796875 1 0.789062 0 0.796875 0 0.789062 1 0.78125 0 0.789062 0 0.78125 1 0.773438 0 0.78125 0 0.773438 1 0.765625 0 0.773438 0 0.765625 1 0.757812 0 0.765625 0 0.757812 1 0.75 0 0.757812 0 0.75 1 0.742188 0 0.75 0 0.742188 1 0.734375 0 0.742188 0 0.734375 1 0.726562 0 0.734375 0 0.726562 1 0.71875 0 0.726562 0 0.71875 1 0.710938 0 0.71875 0 0.710938 1 0.703125 0 0.710938 0 0.703125 1 0.695312 0 0.703125 0 0.695312 1 0.6875 0 0.695312 0 0.6875 1 0.679688 0 0.6875 0 0.679688 1 0.671875 0 0.679688 0 0.671875 1 0.664062 0 0.671875 0 0.664062 1 0.65625 0 0.664062 0 0.65625 1 0.648438 0 0.65625 0 0.648438 1 0.640625 0 0.648438 0 0.640625 1 0.632812 0 0.640625 0 0.632812 1 0.625 0 0.632812 0 0.625 1 0.617188 0 0.625 0 0.617188 1 0.609375 0 0.617188 0 0.609375 1 0.601562 0 0.609375 0 0.601562 1 0.59375 0 0.601562 0 0.59375 1 0.585938 0 0.59375 0 0.585938 1 0.578125 0 0.585938 0 0.578125 1 0.570312 0 0.578125 0 0.570312 1 0.5625 0 0.570312 0 0.5625 1 0.554688 0 0.5625 0 0.554688 1 0.546875 0 0.554688 0 0.546875 1 0.539062 0 0.546875 0 0.539062 1 0.53125 0 0.539062 0 0.53125 1 0.523438 0 0.53125 0 0.523438 1 0.515625 0 0.523438 0 0.515625 1 0.507812 0 0.515625 0 0.507812 1 0.5 0 0.507812 0 0.5 1 0.492188 0 0.5 0 0.492188 1 0.484375 0 0.492188 0 0.484375 1 0.476562 0 0.484375 0 0.476562 1 0.46875 0 0.476562 0 0.46875 1 0.460938 0 0.46875 0 0.460938 1 0.453125 0 0.460938 0 0.453125 1 0.445312 0 0.453125 0 0.445312 1 0.4375 0 0.445312 0 0.4375 1 0.429688 0 0.4375 0 0.429688 1 0.421875 0 0.429688 0 0.421875 1 0.414062 0 0.421875 0 0.414062 1 0.40625 0 0.414062 0 0.40625 1 0.398438 0 0.40625 0 0.398438 1 0.390625 0 0.398438 0 0.390625 1 0.382812 0 0.390625 0 0.382812 1 0.375 0 0.382812 0 0.375 1 0.367188 0 0.375 0 0.367188 1 0.359375 0 0.367188 0 0.359375 1 0.351562 0 0.359375 0 0.351562 1 0.34375 0 0.351562 0 0.34375 1 0.335938 0 0.34375 0 0.335938 1 0.328125 0 0.335938 0 0.328125 1 0.320312 0 0.328125 0 0.320312 1 0.3125 0 0.320312 0 0.3125 1 0.304688 0 0.3125 0 0.304688 1 0.296875 0 0.304688 0 0.296875 1 0.289062 0 0.296875 0 0.289062 1 0.28125 0 0.289062 0 0.28125 1 0.273438 0 0.28125 0 0.273438 1 0.265625 0 0.273438 0 0.265625 1 0.257812 0 0.265625 0 0.257812 1 0.25 0 0.257812 0 0.25 1 0.242188 0 0.25 0 0.242188 1 0.234375 0 0.242188 0 0.234375 1 0.226562 0 0.234375 0 0.226562 1 0.21875 0 0.226562 0 0.21875 1 0.210938 0 0.21875 0 0.210938 1 0.203125 0 0.210938 0 0.203125 1 0.195312 0 0.203125 0 0.195312 1 0.1875 0 0.195312 0 0.1875 1 0.179688 0 0.1875 0 0.179688 1 0.171875 0 0.179688 0 0.171875 1 0.164062 0 0.171875 0 0.164062 1 0.15625 0 0.164062 0 0.15625 1 0.148438 0 0.15625 0 0.148438 1 0.140625 0 0.148438 0 0.140625 1 0.132812 0 0.140625 0 0.132812 1 0.125 0 0.132812 0 0.125 1 0.117188 0 0.125 0 0.117188 1 0.109375 0 0.117188 0 0.109375 1 0.101562 0 0.109375 0 0.101562 1 0.09375 0 0.101562 0 0.09375 1 0.08593797 0 0.09375 0 0.08593797 1 0.078125 0 0.08593797 0 0.078125 1 0.07031196 0 0.078125 0 0.07031196 1 0.0625 0 0.07031196 0 0.0625 1 0.05468797 0 0.0625 0 0.05468797 1 0.046875 0 0.05468797 0 0.046875 1 0.03906196 0 0.046875 0 0.03906196 1 0.03125 0 0.03906196 0 0.03125 1 0.02343797 0 0.03125 0 0.02343797 1 0.015625 0 0.02343797 0 0.015625 1 0.007811963 0 0.015625 0 0.007811963 1 0 0 0.007811963 0 0.992188 0 1 1 1 0 0.984375 0 0.992188 1 0.992188 0 0.976562 0 0.984375 1 0.984375 0 0.96875 0 0.976562 1 0.976562 0 0.960938 0 0.96875 1 0.96875 0 0.953125 0 0.960938 1 0.960938 0 0.945312 0 0.953125 1 0.953125 0 0.9375 0 0.945312 1 0.945312 0 0.929688 0 0.9375 1 0.9375 0 0.921875 0 0.929688 1 0.929688 0 0.914062 0 0.921875 1 0.921875 0 0.90625 0 0.914062 1 0.914062 0 0.898438 0 0.90625 1 0.90625 0 0.890625 0 0.898438 1 0.898438 0 0.882812 0 0.890625 1 0.890625 0 0.875 0 0.882812 1 0.882812 0 0.867188 0 0.875 1 0.875 0 0.859375 0 0.867188 1 0.867188 0 0.851562 0 0.859375 1 0.859375 0 0.84375 0 0.851562 1 0.851562 0 0.835938 0 0.84375 1 0.84375 0 0.828125 0 0.835938 1 0.835938 0 0.820312 0 0.828125 1 0.828125 0 0.8125 0 0.820312 1 0.820312 0 0.804688 0 0.8125 1 0.8125 0 0.796875 0 0.804688 1 0.804688 0 0.789062 0 0.796875 1 0.796875 0 0.78125 0 0.789062 1 0.789062 0 0.773438 0 0.78125 1 0.78125 0 0.765625 0 0.773438 1 0.773438 0 0.757812 0 0.765625 1 0.765625 0 0.75 0 0.757812 1 0.757812 0 0.742188 0 0.75 1 0.75 0 0.734375 0 0.742188 1 0.742188 0 0.726562 0 0.734375 1 0.734375 0 0.71875 0 0.726562 1 0.726562 0 0.710938 0 0.71875 1 0.71875 0 0.703125 0 0.710938 1 0.710938 0 0.695312 0 0.703125 1 0.703125 0 0.6875 0 0.695312 1 0.695312 0 0.679688 0 0.6875 1 0.6875 0 0.671875 0 0.679688 1 0.679688 0 0.664062 0 0.671875 1 0.671875 0 0.65625 0 0.664062 1 0.664062 0 0.648438 0 0.65625 1 0.65625 0 0.640625 0 0.648438 1 0.648438 0 0.632812 0 0.640625 1 0.640625 0 0.625 0 0.632812 1 0.632812 0 0.617188 0 0.625 1 0.625 0 0.609375 0 0.617188 1 0.617188 0 0.601562 0 0.609375 1 0.609375 0 0.59375 0 0.601562 1 0.601562 0 0.585938 0 0.59375 1 0.59375 0 0.578125 0 0.585938 1 0.585938 0 0.570312 0 0.578125 1 0.578125 0 0.5625 0 0.570312 1 0.570312 0 0.554688 0 0.5625 1 0.5625 0 0.546875 0 0.554688 1 0.554688 0 0.539062 0 0.546875 1 0.546875 0 0.53125 0 0.539062 1 0.539062 0 0.523438 0 0.53125 1 0.53125 0 0.515625 0 0.523438 1 0.523438 0 0.507812 0 0.515625 1 0.515625 0 0.5 0 0.507812 1 0.507812 0 0.492188 0 0.5 1 0.5 0 0.484375 0 0.492188 1 0.492188 0 0.476562 0 0.484375 1 0.484375 0 0.46875 0 0.476562 1 0.476562 0 0.460938 0 0.46875 1 0.46875 0 0.453125 0 0.460938 1 0.460938 0 0.445312 0 0.453125 1 0.453125 0 0.4375 0 0.445312 1 0.445312 0 0.429688 0 0.4375 1 0.4375 0 0.421875 0 0.429688 1 0.429688 0 0.414062 0 0.421875 1 0.421875 0 0.40625 0 0.414062 1 0.414062 0 0.398438 0 0.40625 1 0.40625 0 0.390625 0 0.398438 1 0.398438 0 0.382812 0 0.390625 1 0.390625 0 0.375 0 0.382812 1 0.382812 0 0.367188 0 0.375 1 0.375 0 0.359375 0 0.367188 1 0.367188 0 0.351562 0 0.359375 1 0.359375 0 0.34375 0 0.351562 1 0.351562 0 0.335938 0 0.34375 1 0.34375 0 0.328125 0 0.335938 1 0.335938 0 0.320312 0 0.328125 1 0.328125 0 0.3125 0 0.320312 1 0.320312 0 0.304688 0 0.3125 1 0.3125 0 0.296875 0 0.304688 1 0.304688 0 0.289062 0 0.296875 1 0.296875 0 0.28125 0 0.289062 1 0.289062 0 0.273438 0 0.28125 1 0.28125 0 0.265625 0 0.273438 1 0.273438 0 0.257812 0 0.265625 1 0.265625 0 0.25 0 0.257812 1 0.257812 0 0.242188 0 0.25 1 0.25 0 0.234375 0 0.242188 1 0.242188 0 0.226562 0 0.234375 1 0.234375 0 0.21875 0 0.226562 1 0.226562 0 0.210938 0 0.21875 1 0.21875 0 0.203125 0 0.210938 1 0.210938 0 0.195312 0 0.203125 1 0.203125 0 0.1875 0 0.195312 1 0.195312 0 0.179688 0 0.1875 1 0.1875 0 0.171875 0 0.179688 1 0.179688 0 0.164062 0 0.171875 1 0.171875 0 0.15625 0 0.164062 1 0.164062 0 0.148438 0 0.15625 1 0.15625 0 0.140625 0 0.148438 1 0.148438 0 0.132812 0 0.140625 1 0.140625 0 0.125 0 0.132812 1 0.132812 0 0.117188 0 0.125 1 0.125 0 0.109375 0 0.117188 1 0.117188 0 0.101562 0 0.109375 1 0.109375 0 0.09375 0 0.101562 1 0.101562 0 0.08593797 0 0.09375 1 0.09375 0 0.078125 0 0.08593797 1 0.08593797 0 0.07031196 0 0.078125 1 0.078125 0 0.0625 0 0.07031196 1 0.07031196 0 0.05468797 0 0.0625 1 0.0625 0 0.046875 0 0.05468797 1 0.05468797 0 0.03906196 0 0.046875 1 0.046875 0 0.03125 0 0.03906196 1 0.03906196 0 0.02343797 0 0.03125 1 0.03125 0 0.015625 0 0.02343797 1 0.02343797 0 0.007811963 0 0.015625 1 0.015625 0 0 0 0.007811963 1 0.007811963 0 0.992188 0 1 0 1 0 0.992188 1 1 1 0.992188 1 0.984375 0 0.992188 0 0.992188 0 0.984375 1 0.992188 1 0.984375 1 0.976562 0 0.984375 0 0.984375 0 0.976562 1 0.984375 1 0.976562 1 0.96875 0 0.976562 0 0.976562 0 0.96875 1 0.976562 1 0.96875 1 0.960938 0 0.96875 0 0.96875 0 0.960938 1 0.96875 1 0.960938 1 0.953125 0 0.960938 0 0.960938 0 0.953125 1 0.960938 1 0.953125 1 0.945312 0 0.953125 0 0.953125 0 0.945312 1 0.953125 1 0.945312 1 0.9375 0 0.945312 0 0.945312 0 0.9375 1 0.945312 1 0.9375 1 0.929688 0 0.9375 0 0.9375 0 0.929688 1 0.9375 1 0.929688 1 0.921875 0 0.929688 0 0.929688 0 0.921875 1 0.929688 1 0.921875 1 0.914062 0 0.921875 0 0.921875 0 0.914062 1 0.921875 1 0.914062 1 0.90625 0 0.914062 0 0.914062 0 0.90625 1 0.914062 1 0.90625 1 0.90625 0 0.898438 0 0.90625 0 0.90625 1 0.898438 1 0.898438 1 0.890625 0 0.898438 0 0.898438 0 0.890625 1 0.898438 1 0.890625 1 0.890625 0 0.882812 0 0.890625 0 0.890625 1 0.882812 1 0.882812 1 0.882812 0 0.875 0 0.882812 0 0.882812 1 0.875 1 0.875 1 0.875 0 0.867188 0 0.875 0 0.875 1 0.867188 1 0.867188 1 0.859375 0 0.867188 0 0.867188 0 0.859375 1 0.867188 1 0.859375 1 0.859375 0 0.851562 0 0.859375 0 0.859375 1 0.851562 1 0.851562 1 0.84375 0 0.851562 0 0.851562 0 0.84375 1 0.851562 1 0.84375 1 0.835938 0 0.84375 0 0.84375 0 0.835938 1 0.84375 1 0.835938 1 0.835938 0 0.828125 0 0.835938 0 0.835938 1 0.828125 1 0.828125 1 0.828125 0 0.820312 0 0.828125 0 0.828125 1 0.820312 1 0.820312 1 0.820312 0 0.8125 0 0.820312 0 0.820312 1 0.8125 1 0.8125 1 0.8125 0 0.804688 0 0.8125 0 0.8125 1 0.804688 1 0.804688 1 0.804688 0 0.796875 0 0.804688 0 0.804688 1 0.796875 1 0.796875 1 0.796875 0 0.789062 0 0.796875 0 0.796875 1 0.789062 1 0.789062 1 0.789062 0 0.78125 0 0.789062 0 0.789062 1 0.78125 1 0.78125 1 0.78125 0 0.773438 0 0.78125 0 0.78125 1 0.773438 1 0.773438 1 0.773438 0 0.765625 0 0.773438 0 0.773438 1 0.765625 1 0.765625 1 0.765625 0 0.757812 0 0.765625 0 0.765625 1 0.757812 1 0.757812 1 0.757812 0 0.75 0 0.757812 0 0.757812 1 0.75 1 0.75 1 0.742188 0 0.75 0 0.75 0 0.742188 1 0.75 1 0.742188 1 0.734375 0 0.742188 0 0.742188 0 0.734375 1 0.742188 1 0.734375 1 0.726562 0 0.734375 0 0.734375 0 0.726562 1 0.734375 1 0.726562 1 0.71875 0 0.726562 0 0.726562 0 0.71875 1 0.726562 1 0.71875 1 0.710938 0 0.71875 0 0.71875 0 0.710938 1 0.71875 1 0.710938 1 0.703125 0 0.710938 0 0.710938 0 0.703125 1 0.710938 1 0.703125 1 0.695312 0 0.703125 0 0.703125 0 0.695312 1 0.703125 1 0.695312 1 0.6875 0 0.695312 0 0.695312 0 0.6875 1 0.695312 1 0.6875 1 0.679688 0 0.6875 0 0.6875 0 0.679688 1 0.6875 1 0.679688 1 0.671875 0 0.679688 0 0.679688 0 0.671875 1 0.679688 1 0.671875 1 0.664062 0 0.671875 0 0.671875 0 0.664062 1 0.671875 1 0.664062 1 0.65625 0 0.664062 0 0.664062 0 0.65625 1 0.664062 1 0.65625 1 0.65625 0 0.648438 0 0.65625 0 0.65625 1 0.648438 1 0.648438 1 0.648438 0 0.640625 0 0.648438 0 0.648438 1 0.640625 1 0.640625 1 0.640625 0 0.632812 0 0.640625 0 0.640625 1 0.632812 1 0.632812 1 0.625 0 0.632812 0 0.632812 0 0.625 1 0.632812 1 0.625 1 0.625 0 0.617188 0 0.625 0 0.625 1 0.617188 1 0.617188 1 0.609375 0 0.617188 0 0.617188 0 0.609375 1 0.617188 1 0.609375 1 0.601562 0 0.609375 0 0.609375 0 0.601562 1 0.609375 1 0.601562 1 0.59375 0 0.601562 0 0.601562 0 0.59375 1 0.601562 1 0.59375 1 0.59375 0 0.585938 0 0.59375 0 0.59375 1 0.585938 1 0.585938 1 0.585938 0 0.578125 0 0.585938 0 0.585938 1 0.578125 1 0.578125 1 0.578125 0 0.570312 0 0.578125 0 0.578125 1 0.570312 1 0.570312 1 0.570312 0 0.5625 0 0.570312 0 0.570312 1 0.5625 1 0.5625 1 0.5625 0 0.554688 0 0.5625 0 0.5625 1 0.554688 1 0.554688 1 0.554688 0 0.546875 0 0.554688 0 0.554688 1 0.546875 1 0.546875 1 0.546875 0 0.539062 0 0.546875 0 0.546875 1 0.539062 1 0.539062 1 0.539062 0 0.53125 0 0.539062 0 0.539062 1 0.53125 1 0.53125 1 0.53125 0 0.523438 0 0.53125 0 0.53125 1 0.523438 1 0.523438 1 0.523438 0 0.515625 0 0.523438 0 0.523438 1 0.515625 1 0.515625 1 0.515625 0 0.507812 0 0.515625 0 0.515625 1 0.507812 1 0.507812 1 0.507812 0 0.5 0 0.507812 0 0.507812 1 0.5 1 0.5 1 0.492188 0 0.5 0 0.5 0 0.492188 1 0.5 1 0.492188 1 0.484375 0 0.492188 0 0.492188 0 0.484375 1 0.492188 1 0.484375 1 0.476562 0 0.484375 0 0.484375 0 0.476562 1 0.484375 1 0.476562 1 0.46875 0 0.476562 0 0.476562 0 0.46875 1 0.476562 1 0.46875 1 0.460938 0 0.46875 0 0.46875 0 0.460938 1 0.46875 1 0.460938 1 0.453125 0 0.460938 0 0.460938 0 0.453125 1 0.460938 1 0.453125 1 0.445312 0 0.453125 0 0.453125 0 0.445312 1 0.453125 1 0.445312 1 0.4375 0 0.445312 0 0.445312 0 0.4375 1 0.445312 1 0.4375 1 0.429688 0 0.4375 0 0.4375 0 0.429688 1 0.4375 1 0.429688 1 0.429688 0 0.421875 0 0.429688 0 0.429688 1 0.421875 1 0.421875 1 0.414062 0 0.421875 0 0.421875 0 0.414062 1 0.421875 1 0.414062 1 0.40625 0 0.414062 0 0.414062 0 0.40625 1 0.414062 1 0.40625 1 0.40625 0 0.398438 0 0.40625 0 0.40625 1 0.398438 1 0.398438 1 0.398438 0 0.390625 0 0.398438 0 0.398438 1 0.390625 1 0.390625 1 0.390625 0 0.382812 0 0.390625 0 0.390625 1 0.382812 1 0.382812 1 0.382812 0 0.375 0 0.382812 0 0.382812 1 0.375 1 0.375 1 0.367188 0 0.375 0 0.375 0 0.367188 1 0.375 1 0.367188 1 0.359375 0 0.367188 0 0.367188 0 0.359375 1 0.367188 1 0.359375 1 0.359375 0 0.351562 0 0.359375 0 0.359375 1 0.351562 1 0.351562 1 0.34375 0 0.351562 0 0.351562 0 0.34375 1 0.351562 1 0.34375 1 0.34375 0 0.335938 0 0.34375 0 0.34375 1 0.335938 1 0.335938 1 0.335938 0 0.328125 0 0.335938 0 0.335938 1 0.328125 1 0.328125 1 0.328125 0 0.320312 0 0.328125 0 0.328125 1 0.320312 1 0.320312 1 0.320312 0 0.3125 0 0.320312 0 0.320312 1 0.3125 1 0.3125 1 0.3125 0 0.304688 0 0.3125 0 0.3125 1 0.304688 1 0.304688 1 0.304688 0 0.296875 0 0.304688 0 0.304688 1 0.296875 1 0.296875 1 0.296875 0 0.289062 0 0.296875 0 0.296875 1 0.289062 1 0.289062 1 0.289062 0 0.28125 0 0.289062 0 0.289062 1 0.28125 1 0.28125 1 0.28125 0 0.273438 0 0.28125 0 0.28125 1 0.273438 1 0.273438 1 0.273438 0 0.265625 0 0.273438 0 0.273438 1 0.265625 1 0.265625 1 0.265625 0 0.257812 0 0.265625 0 0.265625 1 0.257812 1 0.257812 1 0.257812 0 0.25 0 0.257812 0 0.257812 1 0.25 1 0.25 1 0.242188 0 0.25 0 0.25 0 0.242188 1 0.25 1 0.242188 1 0.234375 0 0.242188 0 0.242188 0 0.234375 1 0.242188 1 0.234375 1 0.226562 0 0.234375 0 0.234375 0 0.226562 1 0.234375 1 0.226562 1 0.21875 0 0.226562 0 0.226562 0 0.21875 1 0.226562 1 0.21875 1 0.210938 0 0.21875 0 0.21875 0 0.210938 1 0.21875 1 0.210938 1 0.203125 0 0.210938 0 0.210938 0 0.203125 1 0.210938 1 0.203125 1 0.195312 0 0.203125 0 0.203125 0 0.195312 1 0.203125 1 0.195312 1 0.1875 0 0.195312 0 0.195312 0 0.1875 1 0.195312 1 0.1875 1 0.179688 0 0.1875 0 0.1875 0 0.179688 1 0.1875 1 0.179688 1 0.171875 0 0.179688 0 0.179688 0 0.171875 1 0.179688 1 0.171875 1 0.164062 0 0.171875 0 0.171875 0 0.164062 1 0.171875 1 0.164062 1 0.15625 0 0.164062 0 0.164062 0 0.15625 1 0.164062 1 0.15625 1 0.15625 0 0.148438 0 0.15625 0 0.15625 1 0.148438 1 0.148438 1 0.148438 0 0.140625 0 0.148438 0 0.148438 1 0.140625 1 0.140625 1 0.140625 0 0.132812 0 0.140625 0 0.140625 1 0.132812 1 0.132812 1 0.125 0 0.132812 0 0.132812 0 0.125 1 0.132812 1 0.125 1 0.125 0 0.117188 0 0.125 0 0.125 1 0.117188 1 0.117188 1 0.109375 0 0.117188 0 0.117188 0 0.109375 1 0.117188 1 0.109375 1 0.109375 0 0.101562 0 0.109375 0 0.109375 1 0.101562 1 0.101562 1 0.09375 0 0.101562 0 0.101562 0 0.09375 1 0.101562 1 0.09375 1 0.09375 0 0.08593797 0 0.09375 0 0.09375 1 0.08593797 1 0.08593797 1 0.08593797 0 0.078125 0 0.08593797 0 0.08593797 1 0.078125 1 0.078125 1 0.07031196 0 0.078125 0 0.078125 0 0.07031196 1 0.078125 1 0.07031196 1 0.07031196 0 0.0625 0 0.07031196 0 0.07031196 1 0.0625 1 0.0625 1 0.0625 0 0.05468797 0 0.0625 0 0.0625 1 0.05468797 1 0.05468797 1 0.05468797 0 0.046875 0 0.05468797 0 0.05468797 1 0.046875 1 0.046875 1 0.046875 0 0.03906196 0 0.046875 0 0.046875 1 0.03906196 1 0.03906196 1 0.03906196 0 0.03125 0 0.03906196 0 0.03906196 1 0.03125 1 0.03125 1 0.03125 0 0.02343797 0 0.03125 0 0.03125 1 0.02343797 1 0.02343797 1 0.02343797 0 0.015625 0 0.02343797 0 0.02343797 1 0.015625 1 0.015625 1 0.015625 0 0.007811963 0 0.015625 0 0.015625 1 0.007811963 1 0.007811963 1 0.007811963 0 0 0 0.007811963 0 0.007811963 1 0 1 0 1 1 1 0.992188 1 0.992188 0 0.992188 1 0.984375 1 0.984375 0 0.984375 1 0.976562 1 0.976562 0 0.976562 1 0.96875 1 0.96875 0 0.96875 1 0.960938 1 0.960938 0 0.960938 1 0.953125 1 0.953125 0 0.953125 1 0.945312 1 0.945312 0 0.945312 1 0.9375 1 0.9375 0 0.9375 1 0.929688 1 0.929688 0 0.929688 1 0.921875 1 0.921875 0 0.921875 1 0.914062 1 0.914062 0 0.914062 1 0.90625 1 0.90625 0 0.90625 1 0.898438 1 0.898438 0 0.898438 1 0.890625 1 0.890625 0 0.890625 1 0.882812 1 0.882812 0 0.882812 1 0.875 1 0.875 0 0.875 1 0.867188 1 0.867188 0 0.867188 1 0.859375 1 0.859375 0 0.859375 1 0.851562 1 0.851562 0 0.851562 1 0.84375 1 0.84375 0 0.84375 1 0.835938 1 0.835938 0 0.835938 1 0.828125 1 0.828125 0 0.828125 1 0.820312 1 0.820312 0 0.820312 1 0.8125 1 0.8125 0 0.8125 1 0.804688 1 0.804688 0 0.804688 1 0.796875 1 0.796875 0 0.796875 1 0.789062 1 0.789062 0 0.789062 1 0.78125 1 0.78125 0 0.78125 1 0.773438 1 0.773438 0 0.773438 1 0.765625 1 0.765625 0 0.765625 1 0.757812 1 0.757812 0 0.757812 1 0.75 1 0.75 0 0.75 1 0.742188 1 0.742188 0 0.742188 1 0.734375 1 0.734375 0 0.734375 1 0.726562 1 0.726562 0 0.726562 1 0.71875 1 0.71875 0 0.71875 1 0.710938 1 0.710938 0 0.710938 1 0.703125 1 0.703125 0 0.703125 1 0.695312 1 0.695312 0 0.695312 1 0.6875 1 0.6875 0 0.6875 1 0.679688 1 0.679688 0 0.679688 1 0.671875 1 0.671875 0 0.671875 1 0.664062 1 0.664062 0 0.664062 1 0.65625 1 0.65625 0 0.65625 1 0.648438 1 0.648438 0 0.648438 1 0.640625 1 0.640625 0 0.640625 1 0.632812 1 0.632812 0 0.632812 1 0.625 1 0.625 0 0.625 1 0.617188 1 0.617188 0 0.617188 1 0.609375 1 0.609375 0 0.609375 1 0.601562 1 0.601562 0 0.601562 1 0.59375 1 0.59375 0 0.59375 1 0.585938 1 0.585938 0 0.585938 1 0.578125 1 0.578125 0 0.578125 1 0.570312 1 0.570312 0 0.570312 1 0.5625 1 0.5625 0 0.5625 1 0.554688 1 0.554688 0 0.554688 1 0.546875 1 0.546875 0 0.546875 1 0.539062 1 0.539062 0 0.539062 1 0.53125 1 0.53125 0 0.53125 1 0.523438 1 0.523438 0 0.523438 1 0.515625 1 0.515625 0 0.515625 1 0.507812 1 0.507812 0 0.507812 1 0.5 1 0.5 0 0.5 1 0.492188 1 0.492188 0 0.492188 1 0.484375 1 0.484375 0 0.484375 1 0.476562 1 0.476562 0 0.476562 1 0.46875 1 0.46875 0 0.46875 1 0.460938 1 0.460938 0 0.460938 1 0.453125 1 0.453125 0 0.453125 1 0.445312 1 0.445312 0 0.445312 1 0.4375 1 0.4375 0 0.4375 1 0.429688 1 0.429688 0 0.429688 1 0.421875 1 0.421875 0 0.421875 1 0.414062 1 0.414062 0 0.414062 1 0.40625 1 0.40625 0 0.40625 1 0.398438 1 0.398438 0 0.398438 1 0.390625 1 0.390625 0 0.390625 1 0.382812 1 0.382812 0 0.382812 1 0.375 1 0.375 0 0.375 1 0.367188 1 0.367188 0 0.367188 1 0.359375 1 0.359375 0 0.359375 1 0.351562 1 0.351562 0 0.351562 1 0.34375 1 0.34375 0 0.34375 1 0.335938 1 0.335938 0 0.335938 1 0.328125 1 0.328125 0 0.328125 1 0.320312 1 0.320312 0 0.320312 1 0.3125 1 0.3125 0 0.3125 1 0.304688 1 0.304688 0 0.304688 1 0.296875 1 0.296875 0 0.296875 1 0.289062 1 0.289062 0 0.289062 1 0.28125 1 0.28125 0 0.28125 1 0.273438 1 0.273438 0 0.273438 1 0.265625 1 0.265625 0 0.265625 1 0.257812 1 0.257812 0 0.257812 1 0.25 1 0.25 0 0.25 1 0.242188 1 0.242188 0 0.242188 1 0.234375 1 0.234375 0 0.234375 1 0.226562 1 0.226562 0 0.226562 1 0.21875 1 0.21875 0 0.21875 1 0.210938 1 0.210938 0 0.210938 1 0.203125 1 0.203125 0 0.203125 1 0.195312 1 0.195312 0 0.195312 1 0.1875 1 0.1875 0 0.1875 1 0.179688 1 0.179688 0 0.179688 1 0.171875 1 0.171875 0 0.171875 1 0.164062 1 0.164062 0 0.164062 1 0.15625 1 0.15625 0 0.15625 1 0.148438 1 0.148438 0 0.148438 1 0.140625 1 0.140625 0 0.140625 1 0.132812 1 0.132812 0 0.132812 1 0.125 1 0.125 0 0.125 1 0.117188 1 0.117188 0 0.117188 1 0.109375 1 0.109375 0 0.109375 1 0.101562 1 0.101562 0 0.101562 1 0.09375 1 0.09375 0 0.09375 1 0.08593797 1 0.08593797 0 0.08593797 1 0.078125 1 0.078125 0 0.078125 1 0.07031196 1 0.07031196 0 0.07031196 1 0.0625 1 0.0625 0 0.0625 1 0.05468797 1 0.05468797 0 0.05468797 1 0.046875 1 0.046875 0 0.046875 1 0.03906196 1 0.03906196 0 0.03906196 1 0.03125 1 0.03125 0 0.03125 1 0.02343797 1 0.02343797 0 0.02343797 1 0.015625 1 0.015625 0 0.015625 1 0.007811963 1 0.007811963 0 0.007811963 1 0 1 0 0 0.992188 0 0.992188 1 1 1 0.984375 0 0.984375 1 0.992188 1 0.976562 0 0.976562 1 0.984375 1 0.96875 0 0.96875 1 0.976562 1 0.960938 0 0.960938 1 0.96875 1 0.953125 0 0.953125 1 0.960938 1 0.945312 0 0.945312 1 0.953125 1 0.9375 0 0.9375 1 0.945312 1 0.929688 0 0.929688 1 0.9375 1 0.921875 0 0.921875 1 0.929688 1 0.914062 0 0.914062 1 0.921875 1 0.90625 0 0.90625 1 0.914062 1 0.898438 0 0.898438 1 0.90625 1 0.890625 0 0.890625 1 0.898438 1 0.882812 0 0.882812 1 0.890625 1 0.875 0 0.875 1 0.882812 1 0.867188 0 0.867188 1 0.875 1 0.859375 0 0.859375 1 0.867188 1 0.851562 0 0.851562 1 0.859375 1 0.84375 0 0.84375 1 0.851562 1 0.835938 0 0.835938 1 0.84375 1 0.828125 0 0.828125 1 0.835938 1 0.820312 0 0.820312 1 0.828125 1 0.8125 0 0.8125 1 0.820312 1 0.804688 0 0.804688 1 0.8125 1 0.796875 0 0.796875 1 0.804688 1 0.789062 0 0.789062 1 0.796875 1 0.78125 0 0.78125 1 0.789062 1 0.773438 0 0.773438 1 0.78125 1 0.765625 0 0.765625 1 0.773438 1 0.757812 0 0.757812 1 0.765625 1 0.75 0 0.75 1 0.757812 1 0.742188 0 0.742188 1 0.75 1 0.734375 0 0.734375 1 0.742188 1 0.726562 0 0.726562 1 0.734375 1 0.71875 0 0.71875 1 0.726562 1 0.710938 0 0.710938 1 0.71875 1 0.703125 0 0.703125 1 0.710938 1 0.695312 0 0.695312 1 0.703125 1 0.6875 0 0.6875 1 0.695312 1 0.679688 0 0.679688 1 0.6875 1 0.671875 0 0.671875 1 0.679688 1 0.664062 0 0.664062 1 0.671875 1 0.65625 0 0.65625 1 0.664062 1 0.648438 0 0.648438 1 0.65625 1 0.640625 0 0.640625 1 0.648438 1 0.632812 0 0.632812 1 0.640625 1 0.625 0 0.625 1 0.632812 1 0.617188 0 0.617188 1 0.625 1 0.609375 0 0.609375 1 0.617188 1 0.601562 0 0.601562 1 0.609375 1 0.59375 0 0.59375 1 0.601562 1 0.585938 0 0.585938 1 0.59375 1 0.578125 0 0.578125 1 0.585938 1 0.570312 0 0.570312 1 0.578125 1 0.5625 0 0.5625 1 0.570312 1 0.554688 0 0.554688 1 0.5625 1 0.546875 0 0.546875 1 0.554688 1 0.539062 0 0.539062 1 0.546875 1 0.53125 0 0.53125 1 0.539062 1 0.523438 0 0.523438 1 0.53125 1 0.515625 0 0.515625 1 0.523438 1 0.507812 0 0.507812 1 0.515625 1 0.5 0 0.5 1 0.507812 1 0.492188 0 0.492188 1 0.5 1 0.484375 0 0.484375 1 0.492188 1 0.476562 0 0.476562 1 0.484375 1 0.46875 0 0.46875 1 0.476562 1 0.460938 0 0.460938 1 0.46875 1 0.453125 0 0.453125 1 0.460938 1 0.445312 0 0.445312 1 0.453125 1 0.4375 0 0.4375 1 0.445312 1 0.429688 0 0.429688 1 0.4375 1 0.421875 0 0.421875 1 0.429688 1 0.414062 0 0.414062 1 0.421875 1 0.40625 0 0.40625 1 0.414062 1 0.398438 0 0.398438 1 0.40625 1 0.390625 0 0.390625 1 0.398438 1 0.382812 0 0.382812 1 0.390625 1 0.375 0 0.375 1 0.382812 1 0.367188 0 0.367188 1 0.375 1 0.359375 0 0.359375 1 0.367188 1 0.351562 0 0.351562 1 0.359375 1 0.34375 0 0.34375 1 0.351562 1 0.335938 0 0.335938 1 0.34375 1 0.328125 0 0.328125 1 0.335938 1 0.320312 0 0.320312 1 0.328125 1 0.3125 0 0.3125 1 0.320312 1 0.304688 0 0.304688 1 0.3125 1 0.296875 0 0.296875 1 0.304688 1 0.289062 0 0.289062 1 0.296875 1 0.28125 0 0.28125 1 0.289062 1 0.273438 0 0.273438 1 0.28125 1 0.265625 0 0.265625 1 0.273438 1 0.257812 0 0.257812 1 0.265625 1 0.25 0 0.25 1 0.257812 1 0.242188 0 0.242188 1 0.25 1 0.234375 0 0.234375 1 0.242188 1 0.226562 0 0.226562 1 0.234375 1 0.21875 0 0.21875 1 0.226562 1 0.210938 0 0.210938 1 0.21875 1 0.203125 0 0.203125 1 0.210938 1 0.195312 0 0.195312 1 0.203125 1 0.1875 0 0.1875 1 0.195312 1 0.179688 0 0.179688 1 0.1875 1 0.171875 0 0.171875 1 0.179688 1 0.164062 0 0.164062 1 0.171875 1 0.15625 0 0.15625 1 0.164062 1 0.148438 0 0.148438 1 0.15625 1 0.140625 0 0.140625 1 0.148438 1 0.132812 0 0.132812 1 0.140625 1 0.125 0 0.125 1 0.132812 1 0.117188 0 0.117188 1 0.125 1 0.109375 0 0.109375 1 0.117188 1 0.101562 0 0.101562 1 0.109375 1 0.09375 0 0.09375 1 0.101562 1 0.08593797 0 0.08593797 1 0.09375 1 0.078125 0 0.078125 1 0.08593797 1 0.07031196 0 0.07031196 1 0.078125 1 0.0625 0 0.0625 1 0.07031196 1 0.05468797 0 0.05468797 1 0.0625 1 0.046875 0 0.046875 1 0.05468797 1 0.03906196 0 0.03906196 1 0.046875 1 0.03125 0 0.03125 1 0.03906196 1 0.02343797 0 0.02343797 1 0.03125 1 0.015625 0 0.015625 1 0.02343797 1 0.007811963 0 0.007811963 1 0.015625 1 0 0 0 1 0.007811963 1 0.992188 0 0.992188 0 1 0 0.992188 1 1 1 1 1 0.984375 0 0.984375 0 0.992188 0 0.984375 1 0.992188 1 0.992188 1 0.976562 0 0.976562 0 0.984375 0 0.976562 1 0.984375 1 0.984375 1 0.96875 0 0.96875 0 0.976562 0 0.96875 1 0.976562 1 0.976562 1 0.960938 0 0.960938 0 0.96875 0 0.960938 1 0.96875 1 0.96875 1 0.953125 0 0.953125 0 0.960938 0 0.953125 1 0.960938 1 0.960938 1 0.945312 0 0.945312 0 0.953125 0 0.945312 1 0.953125 1 0.953125 1 0.9375 0 0.9375 0 0.945312 0 0.9375 1 0.945312 1 0.945312 1 0.929688 0 0.929688 0 0.9375 0 0.929688 1 0.9375 1 0.9375 1 0.921875 0 0.921875 0 0.929688 0 0.921875 1 0.929688 1 0.929688 1 0.914062 0 0.914062 0 0.921875 0 0.914062 1 0.921875 1 0.921875 1 0.90625 0 0.90625 0 0.914062 0 0.90625 1 0.914062 1 0.914062 1 0.90625 0 0.898438 0 0.898438 0 0.90625 1 0.90625 1 0.898438 1 0.890625 0 0.890625 0 0.898438 0 0.890625 1 0.898438 1 0.898438 1 0.890625 0 0.882812 0 0.882812 0 0.890625 1 0.890625 1 0.882812 1 0.882812 0 0.875 0 0.875 0 0.882812 1 0.882812 1 0.875 1 0.875 0 0.867188 0 0.867188 0 0.875 1 0.875 1 0.867188 1 0.859375 0 0.859375 0 0.867188 0 0.859375 1 0.867188 1 0.867188 1 0.859375 0 0.851562 0 0.851562 0 0.859375 1 0.859375 1 0.851562 1 0.84375 0 0.84375 0 0.851562 0 0.84375 1 0.851562 1 0.851562 1 0.835938 0 0.835938 0 0.84375 0 0.835938 1 0.84375 1 0.84375 1 0.835938 0 0.828125 0 0.828125 0 0.835938 1 0.835938 1 0.828125 1 0.828125 0 0.820312 0 0.820312 0 0.828125 1 0.828125 1 0.820312 1 0.820312 0 0.8125 0 0.8125 0 0.820312 1 0.820312 1 0.8125 1 0.8125 0 0.804688 0 0.804688 0 0.8125 1 0.8125 1 0.804688 1 0.804688 0 0.796875 0 0.796875 0 0.804688 1 0.804688 1 0.796875 1 0.796875 0 0.789062 0 0.789062 0 0.796875 1 0.796875 1 0.789062 1 0.789062 0 0.78125 0 0.78125 0 0.789062 1 0.789062 1 0.78125 1 0.78125 0 0.773438 0 0.773438 0 0.78125 1 0.78125 1 0.773438 1 0.773438 0 0.765625 0 0.765625 0 0.773438 1 0.773438 1 0.765625 1 0.765625 0 0.757812 0 0.757812 0 0.765625 1 0.765625 1 0.757812 1 0.757812 0 0.75 0 0.75 0 0.757812 1 0.757812 1 0.75 1 0.742188 0 0.742188 0 0.75 0 0.742188 1 0.75 1 0.75 1 0.734375 0 0.734375 0 0.742188 0 0.734375 1 0.742188 1 0.742188 1 0.726562 0 0.726562 0 0.734375 0 0.726562 1 0.734375 1 0.734375 1 0.71875 0 0.71875 0 0.726562 0 0.71875 1 0.726562 1 0.726562 1 0.710938 0 0.710938 0 0.71875 0 0.710938 1 0.71875 1 0.71875 1 0.703125 0 0.703125 0 0.710938 0 0.703125 1 0.710938 1 0.710938 1 0.695312 0 0.695312 0 0.703125 0 0.695312 1 0.703125 1 0.703125 1 0.6875 0 0.6875 0 0.695312 0 0.6875 1 0.695312 1 0.695312 1 0.679688 0 0.679688 0 0.6875 0 0.679688 1 0.6875 1 0.6875 1 0.671875 0 0.671875 0 0.679688 0 0.671875 1 0.679688 1 0.679688 1 0.664062 0 0.664062 0 0.671875 0 0.664062 1 0.671875 1 0.671875 1 0.65625 0 0.65625 0 0.664062 0 0.65625 1 0.664062 1 0.664062 1 0.65625 0 0.648438 0 0.648438 0 0.65625 1 0.65625 1 0.648438 1 0.648438 0 0.640625 0 0.640625 0 0.648438 1 0.648438 1 0.640625 1 0.640625 0 0.632812 0 0.632812 0 0.640625 1 0.640625 1 0.632812 1 0.625 0 0.625 0 0.632812 0 0.625 1 0.632812 1 0.632812 1 0.625 0 0.617188 0 0.617188 0 0.625 1 0.625 1 0.617188 1 0.609375 0 0.609375 0 0.617188 0 0.609375 1 0.617188 1 0.617188 1 0.601562 0 0.601562 0 0.609375 0 0.601562 1 0.609375 1 0.609375 1 0.59375 0 0.59375 0 0.601562 0 0.59375 1 0.601562 1 0.601562 1 0.59375 0 0.585938 0 0.585938 0 0.59375 1 0.59375 1 0.585938 1 0.585938 0 0.578125 0 0.578125 0 0.585938 1 0.585938 1 0.578125 1 0.578125 0 0.570312 0 0.570312 0 0.578125 1 0.578125 1 0.570312 1 0.570312 0 0.5625 0 0.5625 0 0.570312 1 0.570312 1 0.5625 1 0.5625 0 0.554688 0 0.554688 0 0.5625 1 0.5625 1 0.554688 1 0.554688 0 0.546875 0 0.546875 0 0.554688 1 0.554688 1 0.546875 1 0.546875 0 0.539062 0 0.539062 0 0.546875 1 0.546875 1 0.539062 1 0.539062 0 0.53125 0 0.53125 0 0.539062 1 0.539062 1 0.53125 1 0.53125 0 0.523438 0 0.523438 0 0.53125 1 0.53125 1 0.523438 1 0.523438 0 0.515625 0 0.515625 0 0.523438 1 0.523438 1 0.515625 1 0.515625 0 0.507812 0 0.507812 0 0.515625 1 0.515625 1 0.507812 1 0.507812 0 0.5 0 0.5 0 0.507812 1 0.507812 1 0.5 1 0.492188 0 0.492188 0 0.5 0 0.492188 1 0.5 1 0.5 1 0.484375 0 0.484375 0 0.492188 0 0.484375 1 0.492188 1 0.492188 1 0.476562 0 0.476562 0 0.484375 0 0.476562 1 0.484375 1 0.484375 1 0.46875 0 0.46875 0 0.476562 0 0.46875 1 0.476562 1 0.476562 1 0.460938 0 0.460938 0 0.46875 0 0.460938 1 0.46875 1 0.46875 1 0.453125 0 0.453125 0 0.460938 0 0.453125 1 0.460938 1 0.460938 1 0.445312 0 0.445312 0 0.453125 0 0.445312 1 0.453125 1 0.453125 1 0.4375 0 0.4375 0 0.445312 0 0.4375 1 0.445312 1 0.445312 1 0.429688 0 0.429688 0 0.4375 0 0.429688 1 0.4375 1 0.4375 1 0.429688 0 0.421875 0 0.421875 0 0.429688 1 0.429688 1 0.421875 1 0.414062 0 0.414062 0 0.421875 0 0.414062 1 0.421875 1 0.421875 1 0.40625 0 0.40625 0 0.414062 0 0.40625 1 0.414062 1 0.414062 1 0.40625 0 0.398438 0 0.398438 0 0.40625 1 0.40625 1 0.398438 1 0.398438 0 0.390625 0 0.390625 0 0.398438 1 0.398438 1 0.390625 1 0.390625 0 0.382812 0 0.382812 0 0.390625 1 0.390625 1 0.382812 1 0.382812 0 0.375 0 0.375 0 0.382812 1 0.382812 1 0.375 1 0.367188 0 0.367188 0 0.375 0 0.367188 1 0.375 1 0.375 1 0.359375 0 0.359375 0 0.367188 0 0.359375 1 0.367188 1 0.367188 1 0.359375 0 0.351562 0 0.351562 0 0.359375 1 0.359375 1 0.351562 1 0.34375 0 0.34375 0 0.351562 0 0.34375 1 0.351562 1 0.351562 1 0.34375 0 0.335938 0 0.335938 0 0.34375 1 0.34375 1 0.335938 1 0.335938 0 0.328125 0 0.328125 0 0.335938 1 0.335938 1 0.328125 1 0.328125 0 0.320312 0 0.320312 0 0.328125 1 0.328125 1 0.320312 1 0.320312 0 0.3125 0 0.3125 0 0.320312 1 0.320312 1 0.3125 1 0.3125 0 0.304688 0 0.304688 0 0.3125 1 0.3125 1 0.304688 1 0.304688 0 0.296875 0 0.296875 0 0.304688 1 0.304688 1 0.296875 1 0.296875 0 0.289062 0 0.289062 0 0.296875 1 0.296875 1 0.289062 1 0.289062 0 0.28125 0 0.28125 0 0.289062 1 0.289062 1 0.28125 1 0.28125 0 0.273438 0 0.273438 0 0.28125 1 0.28125 1 0.273438 1 0.273438 0 0.265625 0 0.265625 0 0.273438 1 0.273438 1 0.265625 1 0.265625 0 0.257812 0 0.257812 0 0.265625 1 0.265625 1 0.257812 1 0.257812 0 0.25 0 0.25 0 0.257812 1 0.257812 1 0.25 1 0.242188 0 0.242188 0 0.25 0 0.242188 1 0.25 1 0.25 1 0.234375 0 0.234375 0 0.242188 0 0.234375 1 0.242188 1 0.242188 1 0.226562 0 0.226562 0 0.234375 0 0.226562 1 0.234375 1 0.234375 1 0.21875 0 0.21875 0 0.226562 0 0.21875 1 0.226562 1 0.226562 1 0.210938 0 0.210938 0 0.21875 0 0.210938 1 0.21875 1 0.21875 1 0.203125 0 0.203125 0 0.210938 0 0.203125 1 0.210938 1 0.210938 1 0.195312 0 0.195312 0 0.203125 0 0.195312 1 0.203125 1 0.203125 1 0.1875 0 0.1875 0 0.195312 0 0.1875 1 0.195312 1 0.195312 1 0.179688 0 0.179688 0 0.1875 0 0.179688 1 0.1875 1 0.1875 1 0.171875 0 0.171875 0 0.179688 0 0.171875 1 0.179688 1 0.179688 1 0.164062 0 0.164062 0 0.171875 0 0.164062 1 0.171875 1 0.171875 1 0.15625 0 0.15625 0 0.164062 0 0.15625 1 0.164062 1 0.164062 1 0.15625 0 0.148438 0 0.148438 0 0.15625 1 0.15625 1 0.148438 1 0.148438 0 0.140625 0 0.140625 0 0.148438 1 0.148438 1 0.140625 1 0.140625 0 0.132812 0 0.132812 0 0.140625 1 0.140625 1 0.132812 1 0.125 0 0.125 0 0.132812 0 0.125 1 0.132812 1 0.132812 1 0.125 0 0.117188 0 0.117188 0 0.125 1 0.125 1 0.117188 1 0.109375 0 0.109375 0 0.117188 0 0.109375 1 0.117188 1 0.117188 1 0.109375 0 0.101562 0 0.101562 0 0.109375 1 0.109375 1 0.101562 1 0.09375 0 0.09375 0 0.101562 0 0.09375 1 0.101562 1 0.101562 1 0.09375 0 0.08593797 0 0.08593797 0 0.09375 1 0.09375 1 0.08593797 1 0.08593797 0 0.078125 0 0.078125 0 0.08593797 1 0.08593797 1 0.078125 1 0.07031196 0 0.07031196 0 0.078125 0 0.07031196 1 0.078125 1 0.078125 1 0.07031196 0 0.0625 0 0.0625 0 0.07031196 1 0.07031196 1 0.0625 1 0.0625 0 0.05468797 0 0.05468797 0 0.0625 1 0.0625 1 0.05468797 1 0.05468797 0 0.046875 0 0.046875 0 0.05468797 1 0.05468797 1 0.046875 1 0.046875 0 0.03906196 0 0.03906196 0 0.046875 1 0.046875 1 0.03906196 1 0.03906196 0 0.03125 0 0.03125 0 0.03906196 1 0.03906196 1 0.03125 1 0.03125 0 0.02343797 0 0.02343797 0 0.03125 1 0.03125 1 0.02343797 1 0.02343797 0 0.015625 0 0.015625 0 0.02343797 1 0.02343797 1 0.015625 1 0.015625 0 0.007811963 0 0.007811963 0 0.015625 1 0.015625 1 0.007811963 1 0.007811963 0 0 0 0 0 0.007811963 1 0.007811963 1 0 1</float_array>
          <technique_common>
            <accessor source="#Cylinder_002_Cylinder_003-mesh-map-0-array" count="3072" stride="2">
              <param name="S" type="float"/>
              <param name="T" type="float"/>
            </accessor>
          </technique_common>
        </source>
        <vertices id="Cylinder_002_Cylinder_003-mesh-vertices">
          <input semantic="POSITION" source="#Cylinder_002_Cylinder_003-mesh-positions"/>
        </vertices>
        <triangles material="None-material" count="1024">
          <input semantic="VERTEX" source="#Cylinder_002_Cylinder_003-mesh-vertices" offset="0"/>
          <input semantic="NORMAL" source="#Cylinder_002_Cylinder_003-mesh-normals" offset="1"/>
          <input semantic="TEXCOORD" source="#Cylinder_002_Cylinder_003-mesh-map-0" offset="2" set="0"/>
          <p>1 0 0 3 1 1 0 2 2 2 3 3 5 3 4 3 4 5 4 5 6 7 5 7 5 6 8 6 7 9 9 7 10 7 8 11 8 9 12 11 9 13 9 10 14 10 11 15 13 11 16 11 12 17 12 13 18 15 14 19 13 15 20 14 16 21 17 17 22 15 18 23 16 19 24 19 19 25 17 20 26 18 21 27 21 21 28 19 21 29 20 22 30 23 23 31 21 24 32 22 25 33 25 26 34 23 27 35 24 28 36 27 28 37 25 29 38 26 30 39 29 30 40 27 31 41 28 32 42 31 33 43 29 34 44 30 35 45 33 35 46 31 36 47 32 37 48 35 38 49 33 39 50 34 40 51 37 41 52 35 42 53 36 43 54 39 43 55 37 44 56 38 45 57 41 46 58 39 47 59 40 48 60 43 48 61 41 49 62 42 50 63 45 51 64 43 52 65 44 53 66 47 54 67 45 55 68 46 56 69 49 57 70 47 58 71 48 59 72 51 60 73 49 61 74 50 62 75 53 63 76 51 64 77 52 65 78 55 66 79 53 67 80 54 68 81 57 68 82 55 69 83 56 70 84 59 71 85 57 72 86 58 73 87 61 74 88 59 75 89 60 76 90 63 76 91 61 77 92 62 78 93 65 79 94 63 80 95 64 81 96 67 82 97 65 83 98 66 84 99 69 84 100 67 84 101 68 85 102 71 85 103 69 86 104 70 87 105 73 88 106 71 89 107 72 90 108 75 91 109 73 92 110 74 93 111 77 93 112 75 94 113 76 95 114 79 96 115 77 97 116 78 98 117 81 99 118 79 100 119 80 101 120 83 102 121 81 103 122 82 104 123 85 104 124 83 105 125 84 106 126 87 106 127 85 107 128 86 108 129 89 109 130 87 110 131 88 111 132 91 112 133 89 113 134 90 114 135 93 114 136 91 114 137 92 115 138 95 116 139 93 117 140 94 118 141 97 119 142 95 120 143 96 121 144 99 121 145 97 122 146 98 123 147 101 123 148 99 124 149 100 125 150 103 125 151 101 125 152 102 126 153 105 126 154 103 127 155 104 128 156 107 128 157 105 129 158 106 130 159 109 131 160 107 132 161 108 133 162 111 134 163 109 135 164 110 136 165 113 137 166 111 138 167 112 139 168 115 140 169 113 141 170 114 142 171 117 142 172 115 142 173 116 143 174 119 144 175 117 145 176 118 146 177 121 146 178 119 147 179 120 148 180 123 148 181 121 149 182 122 150 183 125 150 184 123 151 185 124 152 186 127 152 187 125 152 188 126 153 189 129 154 190 127 155 191 128 156 192 131 157 193 129 158 194 130 159 195 133 159 196 131 160 197 132 161 198 135 162 199 133 163 200 134 164 201 137 165 202 135 166 203 136 167 204 139 168 205 137 169 206 138 170 207 141 171 208 139 172 209 140 173 210 143 173 211 141 173 212 142 174 213 145 175 214 143 176 215 144 177 216 147 178 217 145 179 218 146 180 219 149 181 220 147 182 221 148 183 222 151 184 223 149 185 224 150 186 225 153 187 226 151 188 227 152 189 228 155 189 229 153 190 230 154 191 231 157 191 232 155 191 233 156 192 234 159 192 235 157 193 236 158 194 237 161 195 238 159 196 239 160 197 240 163 197 241 161 197 242 162 198 243 165 199 244 163 200 245 164 201 246 167 202 247 165 203 248 166 204 249 169 204 250 167 205 251 168 206 252 171 207 253 169 208 254 170 209 255 173 209 256 171 210 257 172 211 258 175 211 259 173 212 260 174 213 261 177 214 262 175 215 263 176 216 264 179 216 265 177 217 266 178 218 267 181 219 268 179 220 269 180 221 270 183 221 271 181 221 272 182 222 273 185 223 274 183 224 275 184 225 276 187 225 277 185 225 278 186 226 279 189 227 280 187 227 281 188 228 282 191 229 283 189 229 284 190 230 285 193 231 286 191 232 287 192 233 288 195 233 289 193 234 290 194 235 291 197 236 292 195 236 293 196 237 294 199 238 295 197 239 296 198 240 297 201 241 298 199 242 299 200 243 300 203 244 301 201 244 302 202 245 303 205 245 304 203 246 305 204 247 306 207 248 307 205 249 308 206 250 309 209 251 310 207 252 311 208 253 312 211 253 313 209 254 314 210 255 315 213 255 316 211 255 317 212 256 318 215 256 319 213 256 320 214 257 321 217 258 322 215 259 323 216 260 324 219 261 325 217 262 326 218 263 327 221 263 328 219 264 329 220 265 330 223 266 331 221 267 332 222 268 333 225 269 334 223 270 335 224 271 336 227 272 337 225 273 338 226 274 339 229 274 340 227 275 341 228 276 342 231 276 343 229 277 344 230 278 345 233 278 346 231 279 347 232 280 348 235 280 349 233 280 350 234 281 351 237 281 352 235 282 353 236 283 354 239 283 355 237 284 356 238 285 357 241 286 358 239 287 359 240 288 360 243 289 361 241 290 362 242 291 363 245 291 364 243 292 365 244 293 366 247 294 367 245 295 368 246 296 369 249 297 370 247 298 371 248 299 372 251 300 373 249 301 374 250 302 375 253 303 376 251 304 377 252 305 378 255 305 379 253 306 380 254 307 381 0 308 382 255 309 383 257 310 384 259 310 385 256 311 386 260 312 387 258 313 388 257 314 389 262 315 390 261 315 391 260 316 392 264 317 393 263 318 394 262 319 395 266 320 396 265 321 397 264 322 398 268 323 399 267 323 400 266 323 401 270 324 402 269 325 403 268 326 404 272 327 405 271 327 406 270 327 407 274 328 408 273 328 409 272 329 410 276 330 411 275 331 412 274 332 413 278 333 414 277 334 415 276 335 416 280 336 417 279 337 418 278 338 419 282 339 420 281 340 421 280 341 422 284 342 423 283 343 424 282 344 425 286 345 426 285 346 427 284 347 428 288 348 429 287 349 430 286 350 431 290 351 432 289 351 433 288 352 434 292 353 435 291 354 436 290 355 437 294 356 438 293 357 439 292 358 440 296 359 441 295 360 442 294 361 443 298 362 444 297 363 445 296 364 446 300 365 447 299 366 448 298 367 449 302 368 450 301 368 451 300 369 452 304 370 453 303 370 454 302 371 455 306 372 456 305 373 457 304 374 458 308 375 459 307 375 460 306 376 461 310 377 462 309 378 463 308 379 464 312 380 465 311 380 466 310 381 467 314 382 468 313 383 469 312 384 470 316 385 471 315 385 472 314 386 473 318 387 474 317 388 475 316 387 476 320 389 477 319 389 478 318 390 479 322 391 480 321 391 481 320 392 482 324 393 483 323 394 484 322 395 485 326 396 486 325 396 487 324 397 488 328 398 489 327 399 490 326 398 491 330 400 492 329 401 493 328 402 494 332 403 495 331 404 496 330 405 497 334 406 498 333 406 499 332 407 500 336 408 501 335 409 502 334 410 503 338 411 504 337 411 505 336 412 506 340 413 507 339 413 508 338 414 509 342 415 510 341 415 511 340 416 512 344 417 513 343 418 514 342 419 515 346 420 516 345 421 517 344 422 518 348 423 519 347 424 520 346 425 521 350 426 522 349 427 523 348 428 524 352 429 525 351 429 526 350 430 527 354 431 528 353 431 529 352 432 530 356 433 531 355 433 532 354 434 533 358 435 534 357 436 535 356 437 536 360 438 537 359 439 538 358 440 539 362 441 540 361 442 541 360 443 542 364 444 543 363 445 544 362 446 545 366 447 546 365 447 547 364 448 548 368 449 549 367 450 550 366 451 551 370 452 552 369 452 553 368 453 554 372 454 555 371 455 556 370 456 557 374 457 558 373 457 559 372 458 560 376 459 561 375 460 562 374 461 563 378 462 564 377 463 565 376 464 566 380 465 567 379 466 568 378 467 569 382 468 570 381 468 571 380 468 572 384 469 573 383 469 574 382 469 575 386 470 576 385 470 577 384 471 578 388 472 579 387 473 580 386 474 581 390 475 582 389 476 583 388 477 584 392 478 585 391 478 586 390 478 587 394 479 588 393 479 589 392 480 590 396 481 591 395 482 592 394 483 593 398 484 594 397 484 595 396 485 596 400 486 597 399 486 598 398 487 599 402 488 600 401 488 601 400 489 602 404 490 603 403 491 604 402 492 605 406 493 606 405 494 607 404 495 608 408 496 609 407 497 610 406 498 611 410 499 612 409 499 613 408 500 614 412 501 615 411 501 616 410 501 617 414 502 618 413 503 619 412 504 620 416 505 621 415 505 622 414 505 623 418 506 624 417 507 625 416 508 626 420 509 627 419 510 628 418 511 629 422 512 630 421 512 631 420 513 632 424 514 633 423 515 634 422 516 635 426 517 636 425 517 637 424 518 638 428 519 639 427 519 640 426 519 641 430 520 642 429 520 643 428 521 644 432 522 645 431 522 646 430 523 647 434 524 648 433 525 649 432 526 650 436 527 651 435 528 652 434 529 653 438 530 654 437 530 655 436 531 656 440 532 657 439 532 658 438 532 659 442 533 660 441 533 661 440 534 662 444 535 663 443 535 664 442 536 665 446 537 666 445 538 667 444 539 668 448 540 669 447 541 670 446 542 671 450 543 672 449 543 673 448 544 674 452 545 675 451 545 676 450 545 677 454 546 678 453 547 679 452 546 680 456 548 681 455 548 682 454 548 683 458 549 684 457 550 685 456 551 686 460 552 687 459 553 688 458 552 689 462 554 690 461 554 691 460 554 692 464 555 693 463 556 694 462 557 695 466 558 696 465 558 697 464 559 698 468 560 699 467 560 700 466 561 701 470 562 702 469 563 703 468 564 704 472 565 705 471 566 706 470 567 707 474 568 708 473 569 709 472 570 710 476 571 711 475 572 712 474 573 713 478 574 714 477 575 715 476 576 716 480 577 717 479 577 718 478 577 719 482 578 720 481 579 721 480 580 722 484 581 723 483 582 724 482 583 725 486 584 726 485 584 727 484 584 728 488 585 729 487 586 730 486 587 731 490 588 732 489 589 733 488 590 734 492 591 735 491 592 736 490 593 737 494 594 738 493 594 739 492 594 740 496 595 741 495 596 742 494 597 743 498 598 744 497 599 745 496 600 746 500 601 747 499 602 748 498 603 749 502 604 750 501 605 751 500 606 752 504 607 753 503 607 754 502 608 755 506 609 756 505 609 757 504 610 758 508 611 759 507 612 760 506 613 761 510 614 762 509 615 763 508 616 764 256 617 765 511 617 766 510 618 767 3 619 768 256 619 769 0 619 770 2 620 771 259 620 772 258 620 773 5 619 774 257 619 775 3 619 776 4 620 777 258 620 778 261 620 779 7 619 780 260 619 781 5 619 782 6 620 783 261 620 784 263 620 785 9 619 786 262 619 787 7 619 788 8 620 789 263 620 790 265 620 791 11 619 792 264 619 793 9 619 794 10 620 795 265 620 796 267 620 797 13 619 798 266 619 799 11 619 800 12 620 801 267 620 802 269 620 803 15 619 804 268 619 805 13 619 806 14 620 807 269 620 808 271 620 809 17 619 810 270 619 811 15 619 812 16 620 813 271 620 814 273 620 815 19 619 816 272 619 817 17 619 818 18 620 819 273 620 820 275 620 821 21 619 822 274 619 823 19 619 824 20 620 825 275 620 826 277 620 827 23 619 828 276 619 829 21 619 830 22 620 831 277 620 832 279 620 833 25 619 834 278 619 835 23 619 836 24 620 837 279 620 838 281 620 839 25 619 840 282 619 841 280 619 842 24 620 843 283 620 844 26 620 845 29 619 846 282 619 847 27 619 848 28 620 849 283 620 850 285 620 851 29 619 852 286 619 853 284 619 854 28 620 855 287 620 856 30 620 857 31 619 858 288 619 859 286 619 860 30 620 861 289 620 862 32 620 863 33 619 864 290 619 865 288 619 866 32 620 867 291 620 868 34 620 869 37 619 870 290 619 871 35 619 872 36 620 873 291 620 874 293 620 875 37 619 876 294 619 877 292 619 878 36 620 879 295 620 880 38 620 881 41 619 882 294 619 883 39 619 884 40 620 885 295 620 886 297 620 887 43 619 888 296 619 889 41 619 890 42 620 891 297 620 892 299 620 893 43 619 894 300 619 895 298 619 896 42 620 897 301 620 898 44 620 899 45 619 900 302 619 901 300 619 902 44 620 903 303 620 904 46 620 905 47 619 906 304 619 907 302 619 908 46 620 909 305 620 910 48 620 911 49 619 912 306 619 913 304 619 914 48 620 915 307 620 916 50 620 917 51 619 918 308 619 919 306 619 920 50 620 921 309 620 922 52 620 923 53 619 924 310 619 925 308 619 926 52 620 927 311 620 928 54 620 929 55 619 930 312 619 931 310 619 932 54 620 933 313 620 934 56 620 935 57 619 936 314 619 937 312 619 938 56 620 939 315 620 940 58 620 941 59 619 942 316 619 943 314 619 944 58 620 945 317 620 946 60 620 947 61 619 948 318 619 949 316 619 950 60 620 951 319 620 952 62 620 953 63 619 954 320 619 955 318 619 956 62 620 957 321 620 958 64 620 959 67 619 960 320 619 961 65 619 962 66 620 963 321 620 964 323 620 965 69 619 966 322 619 967 67 619 968 68 620 969 323 620 970 325 620 971 71 619 972 324 619 973 69 619 974 70 620 975 325 620 976 327 620 977 73 619 978 326 619 979 71 619 980 72 620 981 327 620 982 329 620 983 75 619 984 328 619 985 73 619 986 74 620 987 329 620 988 331 620 989 77 619 990 330 619 991 75 619 992 76 620 993 331 620 994 333 620 995 79 619 996 332 619 997 77 619 998 78 620 999 333 620 1000 335 620 1001 81 619 1002 334 619 1003 79 619 1004 80 620 1005 335 620 1006 337 620 1007 83 619 1008 336 619 1009 81 619 1010 82 620 1011 337 620 1012 339 620 1013 85 619 1014 338 619 1015 83 619 1016 84 620 1017 339 620 1018 341 620 1019 87 619 1020 340 619 1021 85 619 1022 86 620 1023 341 620 1024 343 620 1025 89 619 1026 342 619 1027 87 619 1028 88 620 1029 343 620 1030 345 620 1031 89 619 1032 346 619 1033 344 619 1034 88 620 1035 347 620 1036 90 620 1037 91 619 1038 348 619 1039 346 619 1040 90 620 1041 349 620 1042 92 620 1043 93 619 1044 350 619 1045 348 619 1046 92 620 1047 351 620 1048 94 620 1049 97 619 1050 350 619 1051 95 619 1052 96 620 1053 351 620 1054 353 620 1055 97 619 1056 354 619 1057 352 619 1058 96 620 1059 355 620 1060 98 620 1061 101 619 1062 354 619 1063 99 619 1064 100 620 1065 355 620 1066 357 620 1067 103 619 1068 356 619 1069 101 619 1070 102 620 1071 357 620 1072 359 620 1073 105 619 1074 358 619 1075 103 619 1076 104 620 1077 359 620 1078 361 620 1079 105 619 1080 362 619 1081 360 619 1082 104 620 1083 363 620 1084 106 620 1085 107 619 1086 364 619 1087 362 619 1088 106 620 1089 365 620 1090 108 620 1091 109 619 1092 366 619 1093 364 619 1094 108 620 1095 367 620 1096 110 620 1097 111 619 1098 368 619 1099 366 619 1100 110 620 1101 369 620 1102 112 620 1103 113 619 1104 370 619 1105 368 619 1106 112 620 1107 371 620 1108 114 620 1109 115 619 1110 372 619 1111 370 619 1112 114 620 1113 373 620 1114 116 620 1115 117 619 1116 374 619 1117 372 619 1118 116 620 1119 375 620 1120 118 620 1121 119 619 1122 376 619 1123 374 619 1124 118 620 1125 377 620 1126 120 620 1127 121 619 1128 378 619 1129 376 619 1130 120 620 1131 379 620 1132 122 620 1133 123 619 1134 380 619 1135 378 619 1136 122 620 1137 381 620 1138 124 620 1139 125 619 1140 382 619 1141 380 619 1142 124 620 1143 383 620 1144 126 620 1145 127 619 1146 384 619 1147 382 619 1148 126 620 1149 385 620 1150 128 620 1151 131 619 1152 384 619 1153 129 619 1154 130 620 1155 385 620 1156 387 620 1157 133 619 1158 386 619 1159 131 619 1160 132 620 1161 387 620 1162 389 620 1163 135 619 1164 388 619 1165 133 619 1166 134 620 1167 389 620 1168 391 620 1169 137 619 1170 390 619 1171 135 619 1172 136 620 1173 391 620 1174 393 620 1175 139 619 1176 392 619 1177 137 619 1178 138 620 1179 393 620 1180 395 620 1181 141 619 1182 394 619 1183 139 619 1184 140 620 1185 395 620 1186 397 620 1187 143 619 1188 396 619 1189 141 619 1190 142 620 1191 397 620 1192 399 620 1193 145 619 1194 398 619 1195 143 619 1196 144 620 1197 399 620 1198 401 620 1199 147 619 1200 400 619 1201 145 619 1202 146 620 1203 401 620 1204 403 620 1205 147 619 1206 404 619 1207 402 619 1208 146 620 1209 405 620 1210 148 620 1211 151 619 1212 404 619 1213 149 619 1214 150 620 1215 405 620 1216 407 620 1217 153 619 1218 406 619 1219 151 619 1220 152 620 1221 407 620 1222 409 620 1223 153 619 1224 410 619 1225 408 619 1226 152 620 1227 411 620 1228 154 620 1229 155 619 1230 412 619 1231 410 619 1232 154 620 1233 413 620 1234 156 620 1235 157 619 1236 414 619 1237 412 619 1238 156 620 1239 415 620 1240 158 620 1241 159 619 1242 416 619 1243 414 619 1244 158 620 1245 417 620 1246 160 620 1247 163 619 1248 416 619 1249 161 619 1250 162 620 1251 417 620 1252 419 620 1253 165 619 1254 418 619 1255 163 619 1256 164 620 1257 419 620 1258 421 620 1259 165 619 1260 422 619 1261 420 619 1262 164 620 1263 423 620 1264 166 620 1265 169 619 1266 422 619 1267 167 619 1268 168 620 1269 423 620 1270 425 620 1271 169 619 1272 426 619 1273 424 619 1274 168 620 1275 427 620 1276 170 620 1277 171 619 1278 428 619 1279 426 619 1280 170 620 1281 429 620 1282 172 620 1283 173 619 1284 430 619 1285 428 619 1286 172 620 1287 431 620 1288 174 620 1289 175 619 1290 432 619 1291 430 619 1292 174 620 1293 433 620 1294 176 620 1295 177 619 1296 434 619 1297 432 619 1298 176 620 1299 435 620 1300 178 620 1301 179 619 1302 436 619 1303 434 619 1304 178 620 1305 437 620 1306 180 620 1307 181 619 1308 438 619 1309 436 619 1310 180 620 1311 439 620 1312 182 620 1313 183 619 1314 440 619 1315 438 619 1316 182 620 1317 441 620 1318 184 620 1319 185 619 1320 442 619 1321 440 619 1322 184 620 1323 443 620 1324 186 620 1325 187 619 1326 444 619 1327 442 619 1328 186 620 1329 445 620 1330 188 620 1331 189 619 1332 446 619 1333 444 619 1334 188 620 1335 447 620 1336 190 620 1337 191 619 1338 448 619 1339 446 619 1340 190 620 1341 449 620 1342 192 620 1343 195 619 1344 448 619 1345 193 619 1346 194 620 1347 449 620 1348 451 620 1349 197 619 1350 450 619 1351 195 619 1352 196 620 1353 451 620 1354 453 620 1355 199 619 1356 452 619 1357 197 619 1358 198 620 1359 453 620 1360 455 620 1361 201 619 1362 454 619 1363 199 619 1364 200 620 1365 455 620 1366 457 620 1367 203 619 1368 456 619 1369 201 619 1370 202 620 1371 457 620 1372 459 620 1373 205 619 1374 458 619 1375 203 619 1376 204 620 1377 459 620 1378 461 620 1379 207 619 1380 460 619 1381 205 619 1382 206 620 1383 461 620 1384 463 620 1385 209 619 1386 462 619 1387 207 619 1388 208 620 1389 463 620 1390 465 620 1391 211 619 1392 464 619 1393 209 619 1394 210 620 1395 465 620 1396 467 620 1397 213 619 1398 466 619 1399 211 619 1400 212 620 1401 467 620 1402 469 620 1403 215 619 1404 468 619 1405 213 619 1406 214 620 1407 469 620 1408 471 620 1409 217 619 1410 470 619 1411 215 619 1412 216 620 1413 471 620 1414 473 620 1415 217 619 1416 474 619 1417 472 619 1418 216 620 1419 475 620 1420 218 620 1421 219 619 1422 476 619 1423 474 619 1424 218 620 1425 477 620 1426 220 620 1427 221 619 1428 478 619 1429 476 619 1430 220 620 1431 479 620 1432 222 620 1433 225 619 1434 478 619 1435 223 619 1436 224 620 1437 479 620 1438 481 620 1439 225 619 1440 482 619 1441 480 619 1442 224 620 1443 483 620 1444 226 620 1445 229 619 1446 482 619 1447 227 619 1448 228 620 1449 483 620 1450 485 620 1451 229 619 1452 486 619 1453 484 619 1454 228 620 1455 487 620 1456 230 620 1457 233 619 1458 486 619 1459 231 619 1460 232 620 1461 487 620 1462 489 620 1463 233 619 1464 490 619 1465 488 619 1466 232 620 1467 491 620 1468 234 620 1469 235 619 1470 492 619 1471 490 619 1472 234 620 1473 493 620 1474 236 620 1475 239 619 1476 492 619 1477 237 619 1478 238 620 1479 493 620 1480 495 620 1481 239 619 1482 496 619 1483 494 619 1484 238 620 1485 497 620 1486 240 620 1487 241 619 1488 498 619 1489 496 619 1490 240 620 1491 499 620 1492 242 620 1493 243 619 1494 500 619 1495 498 619 1496 242 620 1497 501 620 1498 244 620 1499 245 619 1500 502 619 1501 500 619 1502 244 620 1503 503 620 1504 246 620 1505 247 619 1506 504 619 1507 502 619 1508 246 620 1509 505 620 1510 248 620 1511 249 619 1512 506 619 1513 504 619 1514 248 620 1515 507 620 1516 250 620 1517 251 619 1518 508 619 1519 506 619 1520 250 620 1521 509 620 1522 252 620 1523 253 619 1524 510 619 1525 508 619 1526 252 620 1527 511 620 1528 254 620 1529 255 619 1530 256 619 1531 510 619 1532 254 620 1533 259 620 1534 1 620 1535 1 0 1536 2 621 1537 3 1 1538 2 3 1539 4 4 1540 5 3 1541 4 5 1542 6 6 1543 7 5 1544 6 7 1545 8 8 1546 9 7 1547 8 9 1548 10 10 1549 11 9 1550 10 11 1551 12 12 1552 13 11 1553 12 13 1554 14 622 1555 15 14 1556 14 16 1557 16 623 1558 17 17 1559 16 19 1560 18 20 1561 19 19 1562 18 21 1563 20 21 1564 21 21 1565 20 22 1566 22 624 1567 23 23 1568 22 25 1569 24 625 1570 25 26 1571 24 28 1572 26 29 1573 27 28 1574 26 30 1575 28 31 1576 29 30 1577 28 32 1578 30 626 1579 31 33 1580 30 35 1581 32 36 1582 33 35 1583 32 37 1584 34 627 1585 35 38 1586 34 40 1587 36 628 1588 37 41 1589 36 43 1590 38 44 1591 39 43 1592 38 45 1593 40 629 1594 41 46 1595 40 48 1596 42 49 1597 43 48 1598 42 50 1599 44 630 1600 45 51 1601 44 53 1602 46 631 1603 47 54 1604 46 56 1605 48 632 1606 49 57 1607 48 59 1608 50 633 1609 51 60 1610 50 62 1611 52 634 1612 53 63 1613 52 65 1614 54 635 1615 55 66 1616 54 68 1617 56 69 1618 57 68 1619 56 70 1620 58 636 1621 59 71 1622 58 73 1623 60 637 1624 61 74 1625 60 76 1626 62 77 1627 63 76 1628 62 78 1629 64 638 1630 65 79 1631 64 81 1632 66 639 1633 67 82 1634 66 84 1635 68 84 1636 69 84 1637 68 85 1638 70 86 1639 71 85 1640 70 87 1641 72 87 1642 73 88 1643 72 90 1644 74 640 1645 75 91 1646 74 93 1647 76 94 1648 77 93 1649 76 95 1650 78 641 1651 79 96 1652 78 98 1653 80 642 1654 81 99 1655 80 101 1656 82 643 1657 83 102 1658 82 104 1659 84 105 1660 85 104 1661 84 106 1662 86 107 1663 87 106 1664 86 108 1665 88 644 1666 89 109 1667 88 111 1668 90 645 1669 91 112 1670 90 114 1671 92 114 1672 93 114 1673 92 115 1674 94 646 1675 95 116 1676 94 118 1677 96 647 1678 97 119 1679 96 121 1680 98 122 1681 99 121 1682 98 123 1683 100 124 1684 101 123 1685 100 125 1686 102 125 1687 103 125 1688 102 126 1689 104 127 1690 105 126 1691 104 128 1692 106 129 1693 107 128 1694 106 130 1695 108 648 1696 109 131 1697 108 133 1698 110 649 1699 111 134 1700 110 136 1701 112 650 1702 113 137 1703 112 139 1704 114 651 1705 115 140 1706 114 142 1707 116 142 1708 117 142 1709 116 143 1710 118 652 1711 119 144 1712 118 146 1713 120 147 1714 121 146 1715 120 148 1716 122 149 1717 123 148 1718 122 150 1719 124 151 1720 125 150 1721 124 152 1722 126 152 1723 127 152 1724 126 153 1725 128 653 1726 129 154 1727 128 156 1728 130 654 1729 131 157 1730 130 159 1731 132 160 1732 133 159 1733 132 161 1734 134 655 1735 135 162 1736 134 164 1737 136 656 1738 137 165 1739 136 167 1740 138 657 1741 139 168 1742 138 170 1743 140 658 1744 141 171 1745 140 173 1746 142 173 1747 143 173 1748 142 174 1749 144 659 1750 145 175 1751 144 177 1752 146 660 1753 147 178 1754 146 180 1755 148 661 1756 149 181 1757 148 183 1758 150 662 1759 151 184 1760 150 186 1761 152 663 1762 153 187 1763 152 189 1764 154 190 1765 155 189 1766 154 191 1767 156 191 1768 157 191 1769 156 192 1770 158 193 1771 159 192 1772 158 194 1773 160 664 1774 161 195 1775 160 197 1776 162 197 1777 163 197 1778 162 198 1779 164 665 1780 165 199 1781 164 201 1782 166 666 1783 167 202 1784 166 204 1785 168 205 1786 169 204 1787 168 206 1788 170 667 1789 171 207 1790 170 209 1791 172 210 1792 173 209 1793 172 211 1794 174 212 1795 175 211 1796 174 213 1797 176 668 1798 177 214 1799 176 216 1800 178 217 1801 179 216 1802 178 218 1803 180 669 1804 181 219 1805 180 221 1806 182 221 1807 183 221 1808 182 222 1809 184 670 1810 185 223 1811 184 225 1812 186 225 1813 187 225 1814 186 226 1815 188 671 1816 189 227 1817 188 228 1818 190 672 1819 191 229 1820 190 230 1821 192 673 1822 193 231 1823 192 233 1824 194 674 1825 195 233 1826 194 235 1827 196 235 1828 197 236 1829 196 237 1830 198 675 1831 199 238 1832 198 240 1833 200 676 1834 201 241 1835 200 243 1836 202 677 1837 203 244 1838 202 245 1839 204 246 1840 205 245 1841 204 247 1842 206 678 1843 207 248 1844 206 250 1845 208 679 1846 209 251 1847 208 253 1848 210 254 1849 211 253 1850 210 255 1851 212 255 1852 213 255 1853 212 256 1854 214 256 1855 215 256 1856 214 257 1857 216 680 1858 217 258 1859 216 260 1860 218 681 1861 219 261 1862 218 263 1863 220 264 1864 221 263 1865 220 265 1866 222 682 1867 223 266 1868 222 268 1869 224 683 1870 225 269 1871 224 271 1872 226 684 1873 227 272 1874 226 274 1875 228 275 1876 229 274 1877 228 276 1878 230 277 1879 231 276 1880 230 278 1881 232 279 1882 233 278 1883 232 280 1884 234 280 1885 235 280 1886 234 281 1887 236 282 1888 237 281 1889 236 283 1890 238 284 1891 239 283 1892 238 285 1893 240 685 1894 241 286 1895 240 288 1896 242 686 1897 243 289 1898 242 291 1899 244 292 1900 245 291 1901 244 293 1902 246 687 1903 247 294 1904 246 296 1905 248 688 1906 249 297 1907 248 299 1908 250 689 1909 251 300 1910 250 302 1911 252 690 1912 253 303 1913 252 305 1914 254 306 1915 255 305 1916 254 307 1917 1 691 1918 0 308 1919 257 310 1920 258 311 1921 259 310 1922 260 312 1923 261 692 1924 258 313 1925 262 315 1926 263 316 1927 261 315 1928 264 317 1929 265 693 1930 263 318 1931 266 320 1932 267 694 1933 265 321 1934 268 323 1935 269 323 1936 267 323 1937 270 324 1938 271 695 1939 269 325 1940 272 327 1941 273 327 1942 271 327 1943 274 328 1944 275 329 1945 273 328 1946 276 330 1947 277 696 1948 275 331 1949 278 333 1950 279 697 1951 277 334 1952 280 336 1953 281 698 1954 279 337 1955 282 339 1956 283 699 1957 281 340 1958 284 342 1959 285 700 1960 283 343 1961 286 345 1962 287 701 1963 285 346 1964 288 348 1965 289 702 1966 287 349 1967 290 351 1968 291 352 1969 289 351 1970 292 353 1971 293 703 1972 291 354 1973 294 356 1974 295 704 1975 293 357 1976 296 359 1977 297 705 1978 295 360 1979 298 362 1980 299 706 1981 297 363 1982 300 365 1983 301 707 1984 299 366 1985 302 368 1986 303 369 1987 301 368 1988 304 370 1989 305 371 1990 303 370 1991 306 372 1992 307 708 1993 305 373 1994 308 375 1995 309 376 1996 307 375 1997 310 377 1998 311 378 1999 309 378 2000 312 380 2001 313 381 2002 311 380 2003 314 382 2004 315 383 2005 313 383 2006 316 385 2007 317 386 2008 315 385 2009 318 387 2010 319 388 2011 317 388 2012 320 389 2013 321 709 2014 319 389 2015 322 391 2016 323 710 2017 321 391 2018 324 393 2019 325 711 2020 323 394 2021 326 396 2022 327 397 2023 325 396 2024 328 398 2025 329 712 2026 327 399 2027 330 400 2028 331 713 2029 329 401 2030 332 403 2031 333 404 2032 331 404 2033 334 406 2034 335 407 2035 333 406 2036 336 408 2037 337 714 2038 335 409 2039 338 411 2040 339 412 2041 337 411 2042 340 413 2043 341 414 2044 339 413 2045 342 415 2046 343 416 2047 341 415 2048 344 417 2049 345 715 2050 343 418 2051 346 420 2052 347 716 2053 345 421 2054 348 423 2055 349 717 2056 347 424 2057 350 426 2058 351 718 2059 349 427 2060 352 429 2061 353 430 2062 351 429 2063 354 431 2064 355 432 2065 353 431 2066 356 433 2067 357 434 2068 355 433 2069 358 435 2070 359 719 2071 357 436 2072 360 438 2073 361 720 2074 359 439 2075 362 441 2076 363 721 2077 361 442 2078 364 444 2079 365 722 2080 363 445 2081 366 447 2082 367 448 2083 365 447 2084 368 449 2085 369 723 2086 367 450 2087 370 452 2088 371 453 2089 369 452 2090 372 454 2091 373 724 2092 371 455 2093 374 457 2094 375 458 2095 373 457 2096 376 459 2097 377 725 2098 375 460 2099 378 462 2100 379 726 2101 377 463 2102 380 465 2103 381 727 2104 379 466 2105 382 468 2106 383 468 2107 381 468 2108 384 469 2109 385 469 2110 383 469 2111 386 470 2112 387 471 2113 385 470 2114 388 472 2115 389 728 2116 387 473 2117 390 475 2118 391 729 2119 389 476 2120 392 478 2121 393 478 2122 391 478 2123 394 479 2124 395 480 2125 393 479 2126 396 481 2127 397 730 2128 395 482 2129 398 484 2130 399 485 2131 397 484 2132 400 486 2133 401 487 2134 399 486 2135 402 488 2136 403 489 2137 401 488 2138 404 490 2139 405 731 2140 403 491 2141 406 493 2142 407 732 2143 405 494 2144 408 496 2145 409 733 2146 407 497 2147 410 499 2148 411 500 2149 409 499 2150 412 501 2151 413 501 2152 411 501 2153 414 502 2154 415 734 2155 413 503 2156 416 505 2157 417 505 2158 415 505 2159 418 506 2160 419 735 2161 417 507 2162 420 509 2163 421 736 2164 419 510 2165 422 512 2166 423 513 2167 421 512 2168 424 514 2169 425 737 2170 423 515 2171 426 517 2172 427 518 2173 425 517 2174 428 519 2175 429 519 2176 427 519 2177 430 520 2178 431 521 2179 429 520 2180 432 522 2181 433 523 2182 431 522 2183 434 524 2184 435 738 2185 433 525 2186 436 527 2187 437 528 2188 435 528 2189 438 530 2190 439 531 2191 437 530 2192 440 532 2193 441 532 2194 439 532 2195 442 533 2196 443 534 2197 441 533 2198 444 535 2199 445 536 2200 443 535 2201 446 537 2202 447 538 2203 445 538 2204 448 540 2205 449 739 2206 447 541 2207 450 543 2208 451 740 2209 449 543 2210 452 545 2211 453 545 2212 451 545 2213 454 546 2214 455 741 2215 453 547 2216 456 548 2217 457 548 2218 455 548 2219 458 549 2220 459 742 2221 457 550 2222 460 552 2223 461 743 2224 459 553 2225 462 554 2226 463 554 2227 461 554 2228 464 555 2229 465 744 2230 463 556 2231 466 558 2232 467 559 2233 465 558 2234 468 560 2235 469 561 2236 467 560 2237 470 562 2238 471 745 2239 469 563 2240 472 565 2241 473 746 2242 471 566 2243 474 568 2244 475 747 2245 473 569 2246 476 571 2247 477 748 2248 475 572 2249 478 574 2250 479 749 2251 477 575 2252 480 577 2253 481 577 2254 479 577 2255 482 578 2256 483 750 2257 481 579 2258 484 581 2259 485 751 2260 483 582 2261 486 584 2262 487 584 2263 485 584 2264 488 585 2265 489 752 2266 487 586 2267 490 588 2268 491 753 2269 489 589 2270 492 591 2271 493 754 2272 491 592 2273 494 594 2274 495 594 2275 493 594 2276 496 595 2277 497 755 2278 495 596 2279 498 598 2280 499 756 2281 497 599 2282 500 601 2283 501 757 2284 499 602 2285 502 604 2286 503 758 2287 501 605 2288 504 607 2289 505 608 2290 503 607 2291 506 609 2292 507 610 2293 505 609 2294 508 611 2295 509 759 2296 507 612 2297 510 614 2298 511 760 2299 509 615 2300 256 617 2301 259 618 2302 511 617 2303 3 619 2304 257 619 2305 256 619 2306 2 620 2307 1 620 2308 259 620 2309 5 619 2310 260 619 2311 257 619 2312 4 620 2313 2 620 2314 258 620 2315 7 619 2316 262 619 2317 260 619 2318 6 620 2319 4 620 2320 261 620 2321 9 619 2322 264 619 2323 262 619 2324 8 620 2325 6 620 2326 263 620 2327 11 619 2328 266 619 2329 264 619 2330 10 620 2331 8 620 2332 265 620 2333 13 619 2334 268 619 2335 266 619 2336 12 620 2337 10 620 2338 267 620 2339 15 619 2340 270 619 2341 268 619 2342 14 620 2343 12 620 2344 269 620 2345 17 619 2346 272 619 2347 270 619 2348 16 620 2349 14 620 2350 271 620 2351 19 619 2352 274 619 2353 272 619 2354 18 620 2355 16 620 2356 273 620 2357 21 619 2358 276 619 2359 274 619 2360 20 620 2361 18 620 2362 275 620 2363 23 619 2364 278 619 2365 276 619 2366 22 620 2367 20 620 2368 277 620 2369 25 619 2370 280 619 2371 278 619 2372 24 620 2373 22 620 2374 279 620 2375 25 619 2376 27 619 2377 282 619 2378 24 620 2379 281 620 2380 283 620 2381 29 619 2382 284 619 2383 282 619 2384 28 620 2385 26 620 2386 283 620 2387 29 619 2388 31 619 2389 286 619 2390 28 620 2391 285 620 2392 287 620 2393 31 619 2394 33 619 2395 288 619 2396 30 620 2397 287 620 2398 289 620 2399 33 619 2400 35 619 2401 290 619 2402 32 620 2403 289 620 2404 291 620 2405 37 619 2406 292 619 2407 290 619 2408 36 620 2409 34 620 2410 291 620 2411 37 619 2412 39 619 2413 294 619 2414 36 620 2415 293 620 2416 295 620 2417 41 619 2418 296 619 2419 294 619 2420 40 620 2421 38 620 2422 295 620 2423 43 619 2424 298 619 2425 296 619 2426 42 620 2427 40 620 2428 297 620 2429 43 619 2430 45 619 2431 300 619 2432 42 620 2433 299 620 2434 301 620 2435 45 619 2436 47 619 2437 302 619 2438 44 620 2439 301 620 2440 303 620 2441 47 619 2442 49 619 2443 304 619 2444 46 620 2445 303 620 2446 305 620 2447 49 619 2448 51 619 2449 306 619 2450 48 620 2451 305 620 2452 307 620 2453 51 619 2454 53 619 2455 308 619 2456 50 620 2457 307 620 2458 309 620 2459 53 619 2460 55 619 2461 310 619 2462 52 620 2463 309 620 2464 311 620 2465 55 619 2466 57 619 2467 312 619 2468 54 620 2469 311 620 2470 313 620 2471 57 619 2472 59 619 2473 314 619 2474 56 620 2475 313 620 2476 315 620 2477 59 619 2478 61 619 2479 316 619 2480 58 620 2481 315 620 2482 317 620 2483 61 619 2484 63 619 2485 318 619 2486 60 620 2487 317 620 2488 319 620 2489 63 619 2490 65 619 2491 320 619 2492 62 620 2493 319 620 2494 321 620 2495 67 619 2496 322 619 2497 320 619 2498 66 620 2499 64 620 2500 321 620 2501 69 619 2502 324 619 2503 322 619 2504 68 620 2505 66 620 2506 323 620 2507 71 619 2508 326 619 2509 324 619 2510 70 620 2511 68 620 2512 325 620 2513 73 619 2514 328 619 2515 326 619 2516 72 620 2517 70 620 2518 327 620 2519 75 619 2520 330 619 2521 328 619 2522 74 620 2523 72 620 2524 329 620 2525 77 619 2526 332 619 2527 330 619 2528 76 620 2529 74 620 2530 331 620 2531 79 619 2532 334 619 2533 332 619 2534 78 620 2535 76 620 2536 333 620 2537 81 619 2538 336 619 2539 334 619 2540 80 620 2541 78 620 2542 335 620 2543 83 619 2544 338 619 2545 336 619 2546 82 620 2547 80 620 2548 337 620 2549 85 619 2550 340 619 2551 338 619 2552 84 620 2553 82 620 2554 339 620 2555 87 619 2556 342 619 2557 340 619 2558 86 620 2559 84 620 2560 341 620 2561 89 619 2562 344 619 2563 342 619 2564 88 620 2565 86 620 2566 343 620 2567 89 619 2568 91 619 2569 346 619 2570 88 620 2571 345 620 2572 347 620 2573 91 619 2574 93 619 2575 348 619 2576 90 620 2577 347 620 2578 349 620 2579 93 619 2580 95 619 2581 350 619 2582 92 620 2583 349 620 2584 351 620 2585 97 619 2586 352 619 2587 350 619 2588 96 620 2589 94 620 2590 351 620 2591 97 619 2592 99 619 2593 354 619 2594 96 620 2595 353 620 2596 355 620 2597 101 619 2598 356 619 2599 354 619 2600 100 620 2601 98 620 2602 355 620 2603 103 619 2604 358 619 2605 356 619 2606 102 620 2607 100 620 2608 357 620 2609 105 619 2610 360 619 2611 358 619 2612 104 620 2613 102 620 2614 359 620 2615 105 619 2616 107 619 2617 362 619 2618 104 620 2619 361 620 2620 363 620 2621 107 619 2622 109 619 2623 364 619 2624 106 620 2625 363 620 2626 365 620 2627 109 619 2628 111 619 2629 366 619 2630 108 620 2631 365 620 2632 367 620 2633 111 619 2634 113 619 2635 368 619 2636 110 620 2637 367 620 2638 369 620 2639 113 619 2640 115 619 2641 370 619 2642 112 620 2643 369 620 2644 371 620 2645 115 619 2646 117 619 2647 372 619 2648 114 620 2649 371 620 2650 373 620 2651 117 619 2652 119 619 2653 374 619 2654 116 620 2655 373 620 2656 375 620 2657 119 619 2658 121 619 2659 376 619 2660 118 620 2661 375 620 2662 377 620 2663 121 619 2664 123 619 2665 378 619 2666 120 620 2667 377 620 2668 379 620 2669 123 619 2670 125 619 2671 380 619 2672 122 620 2673 379 620 2674 381 620 2675 125 619 2676 127 619 2677 382 619 2678 124 620 2679 381 620 2680 383 620 2681 127 619 2682 129 619 2683 384 619 2684 126 620 2685 383 620 2686 385 620 2687 131 619 2688 386 619 2689 384 619 2690 130 620 2691 128 620 2692 385 620 2693 133 619 2694 388 619 2695 386 619 2696 132 620 2697 130 620 2698 387 620 2699 135 619 2700 390 619 2701 388 619 2702 134 620 2703 132 620 2704 389 620 2705 137 619 2706 392 619 2707 390 619 2708 136 620 2709 134 620 2710 391 620 2711 139 619 2712 394 619 2713 392 619 2714 138 620 2715 136 620 2716 393 620 2717 141 619 2718 396 619 2719 394 619 2720 140 620 2721 138 620 2722 395 620 2723 143 619 2724 398 619 2725 396 619 2726 142 620 2727 140 620 2728 397 620 2729 145 619 2730 400 619 2731 398 619 2732 144 620 2733 142 620 2734 399 620 2735 147 619 2736 402 619 2737 400 619 2738 146 620 2739 144 620 2740 401 620 2741 147 619 2742 149 619 2743 404 619 2744 146 620 2745 403 620 2746 405 620 2747 151 619 2748 406 619 2749 404 619 2750 150 620 2751 148 620 2752 405 620 2753 153 619 2754 408 619 2755 406 619 2756 152 620 2757 150 620 2758 407 620 2759 153 619 2760 155 619 2761 410 619 2762 152 620 2763 409 620 2764 411 620 2765 155 619 2766 157 619 2767 412 619 2768 154 620 2769 411 620 2770 413 620 2771 157 619 2772 159 619 2773 414 619 2774 156 620 2775 413 620 2776 415 620 2777 159 619 2778 161 619 2779 416 619 2780 158 620 2781 415 620 2782 417 620 2783 163 619 2784 418 619 2785 416 619 2786 162 620 2787 160 620 2788 417 620 2789 165 619 2790 420 619 2791 418 619 2792 164 620 2793 162 620 2794 419 620 2795 165 619 2796 167 619 2797 422 619 2798 164 620 2799 421 620 2800 423 620 2801 169 619 2802 424 619 2803 422 619 2804 168 620 2805 166 620 2806 423 620 2807 169 619 2808 171 619 2809 426 619 2810 168 620 2811 425 620 2812 427 620 2813 171 619 2814 173 619 2815 428 619 2816 170 620 2817 427 620 2818 429 620 2819 173 619 2820 175 619 2821 430 619 2822 172 620 2823 429 620 2824 431 620 2825 175 619 2826 177 619 2827 432 619 2828 174 620 2829 431 620 2830 433 620 2831 177 619 2832 179 619 2833 434 619 2834 176 620 2835 433 620 2836 435 620 2837 179 619 2838 181 619 2839 436 619 2840 178 620 2841 435 620 2842 437 620 2843 181 619 2844 183 619 2845 438 619 2846 180 620 2847 437 620 2848 439 620 2849 183 619 2850 185 619 2851 440 619 2852 182 620 2853 439 620 2854 441 620 2855 185 619 2856 187 619 2857 442 619 2858 184 620 2859 441 620 2860 443 620 2861 187 619 2862 189 619 2863 444 619 2864 186 620 2865 443 620 2866 445 620 2867 189 619 2868 191 619 2869 446 619 2870 188 620 2871 445 620 2872 447 620 2873 191 619 2874 193 619 2875 448 619 2876 190 620 2877 447 620 2878 449 620 2879 195 619 2880 450 619 2881 448 619 2882 194 620 2883 192 620 2884 449 620 2885 197 619 2886 452 619 2887 450 619 2888 196 620 2889 194 620 2890 451 620 2891 199 619 2892 454 619 2893 452 619 2894 198 620 2895 196 620 2896 453 620 2897 201 619 2898 456 619 2899 454 619 2900 200 620 2901 198 620 2902 455 620 2903 203 619 2904 458 619 2905 456 619 2906 202 620 2907 200 620 2908 457 620 2909 205 619 2910 460 619 2911 458 619 2912 204 620 2913 202 620 2914 459 620 2915 207 619 2916 462 619 2917 460 619 2918 206 620 2919 204 620 2920 461 620 2921 209 619 2922 464 619 2923 462 619 2924 208 620 2925 206 620 2926 463 620 2927 211 619 2928 466 619 2929 464 619 2930 210 620 2931 208 620 2932 465 620 2933 213 619 2934 468 619 2935 466 619 2936 212 620 2937 210 620 2938 467 620 2939 215 619 2940 470 619 2941 468 619 2942 214 620 2943 212 620 2944 469 620 2945 217 619 2946 472 619 2947 470 619 2948 216 620 2949 214 620 2950 471 620 2951 217 619 2952 219 619 2953 474 619 2954 216 620 2955 473 620 2956 475 620 2957 219 619 2958 221 619 2959 476 619 2960 218 620 2961 475 620 2962 477 620 2963 221 619 2964 223 619 2965 478 619 2966 220 620 2967 477 620 2968 479 620 2969 225 619 2970 480 619 2971 478 619 2972 224 620 2973 222 620 2974 479 620 2975 225 619 2976 227 619 2977 482 619 2978 224 620 2979 481 620 2980 483 620 2981 229 619 2982 484 619 2983 482 619 2984 228 620 2985 226 620 2986 483 620 2987 229 619 2988 231 619 2989 486 619 2990 228 620 2991 485 620 2992 487 620 2993 233 619 2994 488 619 2995 486 619 2996 232 620 2997 230 620 2998 487 620 2999 233 619 3000 235 619 3001 490 619 3002 232 620 3003 489 620 3004 491 620 3005 235 619 3006 237 619 3007 492 619 3008 234 620 3009 491 620 3010 493 620 3011 239 619 3012 494 619 3013 492 619 3014 238 620 3015 236 620 3016 493 620 3017 239 619 3018 241 619 3019 496 619 3020 238 620 3021 495 620 3022 497 620 3023 241 619 3024 243 619 3025 498 619 3026 240 620 3027 497 620 3028 499 620 3029 243 619 3030 245 619 3031 500 619 3032 242 620 3033 499 620 3034 501 620 3035 245 619 3036 247 619 3037 502 619 3038 244 620 3039 501 620 3040 503 620 3041 247 619 3042 249 619 3043 504 619 3044 246 620 3045 503 620 3046 505 620 3047 249 619 3048 251 619 3049 506 619 3050 248 620 3051 505 620 3052 507 620 3053 251 619 3054 253 619 3055 508 619 3056 250 620 3057 507 620 3058 509 620 3059 253 619 3060 255 619 3061 510 619 3062 252 620 3063 509 620 3064 511 620 3065 255 619 3066 0 619 3067 256 619 3068 254 620 3069 511 620 3070 259 620 3071</p>
        </triangles>
      </mesh>
    </geometry>
    <geometry id="Cylinder_001_Cylinder_002-mesh" name="Cylinder.001_Cylinder.002">
      <mesh>
        <source id="Cylinder_001_Cylinder_002-mesh-positions">
          <float_array id="Cylinder_001_Cylinder_002-mesh-positions-array" count="1200">0.728941 -1 -2.910094 0.728941 1 -2.910094 0.870854 1 -2.870821 0.870854 -1 -2.870821 1.010669 1 -2.824632 1.010669 -1 -2.824632 1.14805 1 -2.771639 1.14805 -1 -2.771639 1.282665 1 -2.711968 1.282665 -1 -2.711968 1.41419 1 -2.645764 1.41419 -1 -2.645764 1.542308 1 -2.573186 1.542308 -1 -2.573186 1.666711 1 -2.494409 1.666711 -1 -2.494409 1.787098 1 -2.409623 1.787098 -1 -2.409623 1.90318 1 -2.319031 1.90318 -1 -2.319031 2.014677 1 -2.222853 2.014677 -1 -2.222853 2.12132 1 -2.12132 2.12132 -1 -2.12132 2.222854 1 -2.014677 2.222854 -1 -2.014677 2.319032 1 -1.90318 2.319032 -1 -1.90318 2.409623 1 -1.787098 2.409623 -1 -1.787098 2.494409 1 -1.66671 2.494409 -1 -1.66671 2.573186 1 -1.542308 2.573186 -1 -1.542308 2.645764 1 -1.41419 2.645764 -1 -1.41419 2.711968 1 -1.282665 2.711968 -1 -1.282665 2.771639 1 -1.14805 2.771639 -1 -1.14805 2.824633 1 -1.010669 2.824633 -1 -1.010669 2.870821 1 -0.870853 2.870821 -1 -0.870853 2.910094 1 -0.72894 2.910094 -1 -0.72894 2.910093 -1 0.728942 2.910093 1 0.728942 2.870821 1 0.870856 2.870821 -1 0.870856 2.824632 1 1.010671 2.824632 -1 1.010671 2.771638 1 1.148052 2.771638 -1 1.148052 2.711967 1 1.282666 2.711967 -1 1.282666 2.645763 1 1.414191 2.645763 -1 1.414191 2.573185 1 1.542309 2.573185 -1 1.542309 2.494409 1 1.666711 2.494409 -1 1.666711 2.409623 1 1.787098 2.409623 -1 1.787098 2.319031 1 1.90318 2.319031 -1 1.90318 2.222854 1 2.014677 2.222854 -1 2.014677 2.121321 1 2.12132 2.121321 -1 2.12132 2.014678 1 2.222853 2.014678 -1 2.222853 1.903181 1 2.319031 1.903181 -1 2.319031 1.787099 1 2.409622 1.787099 -1 2.409622 1.666712 1 2.494408 1.666712 -1 2.494408 1.54231 1 2.573185 1.54231 -1 2.573185 1.414192 1 2.645763 1.414192 -1 2.645763 1.282668 1 2.711967 1.282668 -1 2.711967 1.148053 1 2.771637 1.148053 -1 2.771637 1.010673 1 2.824631 1.010673 -1 2.824631 0.870858 1 2.87082 0.870858 -1 2.87082 0.728944 1 2.910093 0.728944 -1 2.910093 -0.728934 -1 2.910095 -0.728934 1 2.910095 -0.870847 1 2.870823 -0.870847 -1 2.870823 -1.010662 1 2.824635 -1.010662 -1 2.824635 -1.148043 1 2.771641 -1.148043 -1 2.771641 -1.282658 1 2.711971 -1.282658 -1 2.711971 -1.414183 1 2.645768 -1.414183 -1 2.645768 -1.542301 1 2.57319 -1.542301 -1 2.57319 -1.666703 1 2.494414 -1.666703 -1 2.494414 -1.78709 1 2.409628 -1.78709 -1 2.409628 -1.903172 1 2.319037 -1.903172 -1 2.319037 -2.01467 1 2.22286 -2.01467 -1 2.22286 -2.121313 1 2.121328 -2.121313 -1 2.121328 -2.222847 1 2.014685 -2.222847 -1 2.014685 -2.319025 1 1.903188 -2.319025 -1 1.903188 -2.409617 1 1.787106 -2.409617 -1 1.787106 -2.494404 1 1.666718 -2.494404 -1 1.666718 -2.573181 1 1.542316 -2.573181 -1 1.542316 -2.64576 1 1.414198 -2.64576 -1 1.414198 -2.711964 1 1.282673 -2.711964 -1 1.282673 -2.771636 1 1.148057 -2.771636 -1 1.148057 -2.82463 1 1.010676 -2.82463 -1 1.010676 -2.870819 1 0.870861 -2.870819 -1 0.870861 -2.910092 1 0.728947 -2.910092 -1 0.728947 -2.910094 -1 -0.728938 -2.910094 1 -0.728938 -2.870821 1 -0.870852 -2.870821 -1 -0.870852 -2.824633 1 -1.010668 -2.824633 -1 -1.010668 -2.771639 1 -1.148049 -2.771639 -1 -1.148049 -2.711968 1 -1.282665 -2.711968 -1 -1.282665 -2.645764 1 -1.41419 -2.645764 -1 -1.41419 -2.573186 1 -1.542308 -2.573186 -1 -1.542308 -2.494408 1 -1.666711 -2.494408 -1 -1.666711 -2.409622 1 -1.787099 -2.409622 -1 -1.787099 -2.31903 1 -1.903181 -2.31903 -1 -1.903181 -2.222852 1 -2.014678 -2.222852 -1 -2.014678 -2.121319 1 -2.121322 -2.121319 -1 -2.121322 -2.014675 1 -2.222855 -2.014675 -1 -2.222855 -1.903177 1 -2.319033 -1.903177 -1 -2.319033 -1.787095 1 -2.409625 -1.787095 -1 -2.409625 -1.666707 1 -2.494411 -1.666707 -1 -2.494411 -1.542304 1 -2.573188 -1.542304 -1 -2.573188 -1.414186 1 -2.645766 -1.414186 -1 -2.645766 -1.28266 1 -2.71197 -1.28266 -1 -2.71197 -1.148045 1 -2.771641 -1.148045 -1 -2.771641 -1.010664 1 -2.824634 -1.010664 -1 -2.824634 -0.870848 1 -2.870823 -0.870848 -1 -2.870823 -0.728934 1 -2.910095 -0.728934 -1 -2.910095 0.812802 -1 -2.679433 0.943297 -1 -2.636327 0.943297 1 -2.636327 0.812802 1 -2.679433 1.071516 -1 -2.586867 1.071516 1 -2.586867 1.197158 -1 -2.53117 1.197158 1 -2.53117 1.319912 -1 -2.469385 1.319912 1 -2.469385 1.439492 -1 -2.401641 1.439492 1 -2.401641 1.555599 -1 -2.32812 1.555599 1 -2.32812 1.66796 -1 -2.248986 1.66796 1 -2.248986 1.776302 -1 -2.164431 1.776302 1 -2.164431 1.880371 -1 -2.074667 1.880371 1 -2.074667 1.979904 -1 -1.979904 1.979904 1 -1.979904 2.074668 -1 -1.880371 2.074668 1 -1.880371 2.164431 -1 -1.776302 2.164431 1 -1.776302 2.248986 -1 -1.667959 2.248986 1 -1.667959 2.32812 -1 -1.555599 2.32812 1 -1.555599 2.401642 -1 -1.439491 2.401642 1 -1.439491 2.469385 -1 -1.319912 2.469385 1 -1.319912 2.53117 -1 -1.197158 2.53117 1 -1.197158 2.586868 -1 -1.071515 2.586868 1 -1.071515 2.636327 -1 -0.943296 2.636327 1 -0.943296 2.679434 -1 -0.812801 2.679434 1 -0.812801 2.679433 -1 0.812803 2.636326 -1 0.943298 2.636326 1 0.943298 2.679433 1 0.812803 2.586867 -1 1.071518 2.586867 1 1.071518 2.531169 -1 1.19716 2.531169 1 1.19716 2.469385 -1 1.319913 2.469385 1 1.319913 2.401641 -1 1.439492 2.401641 1 1.439492 2.328119 -1 1.555599 2.328119 1 1.555599 2.248986 -1 1.66796 2.248986 1 1.66796 2.164431 -1 1.776302 2.164431 1 1.776302 2.074668 -1 1.880371 2.074668 1 1.880371 1.979904 -1 1.979903 1.979904 1 1.979903 1.880372 -1 2.074667 1.880372 1 2.074667 1.776303 -1 2.16443 1.776303 1 2.16443 1.667961 -1 2.248985 1.667961 1 2.248985 1.555601 -1 2.328118 1.555601 1 2.328118 1.439493 -1 2.40164 1.439493 1 2.40164 1.319915 -1 2.469384 1.319915 1 2.469384 1.197161 -1 2.531169 1.197161 1 2.531169 1.071519 -1 2.586866 1.071519 1 2.586866 0.9433 -1 2.636326 0.9433 1 2.636326 0.812805 -1 2.679432 0.812805 1 2.679432 -0.812795 -1 2.679435 -0.94329 -1 2.636329 -0.94329 1 2.636329 -0.812795 1 2.679435 -1.071509 -1 2.58687 -1.071509 1 2.58687 -1.197151 -1 2.531173 -1.197151 1 2.531173 -1.319905 -1 2.469389 -1.319905 1 2.469389 -1.439484 -1 2.401646 -1.439484 1 2.401646 -1.555591 -1 2.328125 -1.555591 1 2.328125 -1.667952 -1 2.248991 -1.667952 1 2.248991 -1.776295 -1 2.164437 -1.776295 1 2.164437 -1.880364 -1 2.074674 -1.880364 1 2.074674 -1.979896 -1 1.979911 -1.979896 1 1.979911 -2.074661 -1 1.880373 -2.074661 1 1.880373 -2.164424 -1 1.77631 -2.164424 1 1.77631 -2.24898 -1 1.667967 -2.24898 1 1.667967 -2.328114 -1 1.555607 -2.328114 1 1.555607 -2.401637 -1 1.439499 -2.401637 1 1.439499 -2.469381 -1 1.31992 -2.469381 1 1.31992 -2.531173 -1 1.197166 -2.531173 1 1.197166 -2.586864 -1 1.071523 -2.586864 1 1.071523 -2.636324 -1 0.943304 -2.636324 1 0.943304 -2.679431 -1 0.812808 -2.679431 1 0.812808 -2.679434 -1 -0.8128 -2.636327 -1 -0.943296 -2.636327 1 -0.943296 -2.679434 1 -0.8128 -2.586868 -1 -1.071515 -2.586868 1 -1.071515 -2.53117 -1 -1.197158 -2.53117 1 -1.197158 -2.469385 -1 -1.319912 -2.469385 1 -1.319912 -2.401641 -1 -1.439492 -2.401641 1 -1.439492 -2.328119 -1 -1.5556 -2.328119 1 -1.5556 -2.248985 -1 -1.667961 -2.248985 1 -1.667961 -2.16443 -1 -1.776303 -2.16443 1 -1.776303 -2.074667 -1 -1.880373 -2.074667 1 -1.880373 -1.979902 -1 -1.979905 -1.979902 1 -1.979905 -1.880369 -1 -2.07467 -1.880369 1 -2.07467 -1.7763 -1 -2.164433 -1.7763 1 -2.164433 -1.667957 -1 -2.248988 -1.667957 1 -2.248988 -1.555596 -1 -2.328122 -1.555596 1 -2.328122 -1.439487 -1 -2.401644 -1.439487 1 -2.401644 -1.319908 -1 -2.469388 -1.319908 1 -2.469388 -1.197154 -1 -2.531172 -1.197154 1 -2.531172 -1.071511 -1 -2.586869 -1.071511 1 -2.586869 -0.943291 -1 -2.636329 -0.943291 1 -2.636329 -0.812795 -1 -2.679435 -0.812795 1 -2.679435 -0.7 1 2.916593 -0.7 -1 2.916593 -0.7 -1 2.794574 -0.7 -1 2.710649 -0.7 1 2.710649 -0.7 1 2.794574 0.7 -1 2.794529 0.7 -1 2.916593 0.7 1 2.916593 0.7 1 2.794529 0.7 1 2.710649 0.7 -1 2.710649 -2.916593 1 -0.7 -2.916593 -1 -0.7 -2.794555 -1 -0.7 -2.710649 -1 -0.7 -2.710649 1 -0.7 -2.794555 1 -0.7 -2.794523 -1 0.7 -2.916592 -1 0.7 -2.916592 1 0.7 -2.794523 1 0.7 -2.710655 1 0.7 -2.710655 -1 0.7 2.710281 -1 -0.70133 2.79986 -1 -0.70133 2.916294 -1 -0.70133 2.916294 1 -0.70133 2.79986 1 -0.70133 2.710281 1 -0.70133 2.916891 -1 0.69867 2.78923 -1 0.69867 2.711017 -1 0.69867 2.711017 1 0.69867 2.78923 1 0.69867 2.916891 1 0.69867 -0.7 -1 -2.710649 -0.7 -1 -2.794575 -0.7 -1 -2.916593 -0.7 1 -2.916593 -0.7 1 -2.794575 -0.7 1 -2.710649 0.7 -1 -2.916593 0.7 -1 -2.794546 0.7 -1 -2.710649 0.7 1 -2.710649 0.7 1 -2.794546 0.7 1 -2.916593</float_array>
          <technique_common>
            <accessor source="#Cylinder_001_Cylinder_002-mesh-positions-array" count="400" stride="3">
              <param name="X" type="float"/>
              <param name="Y" type="float"/>
              <param name="Z" type="float"/>
            </accessor>
          </technique_common>
        </source>
        <source id="Cylinder_001_Cylinder_002-mesh-normals">
          <float_array id="Cylinder_001_Cylinder_002-mesh-normals-array" count="1596">0.2667167 0 -0.963775 0.266714 0 -0.9637758 0.2667138 0 -0.9637758 0.3136831 0 -0.9495278 0.3136858 0 -0.9495269 0.3136859 0 -0.9495268 0.3598899 0 -0.9329948 0.3598899 0 -0.9329949 0.4052449 0 -0.9142082 0.4052425 0 -0.9142093 0.4052423 0 -0.9142093 0.4496085 0 -0.8932257 0.4496108 0 -0.8932246 0.449611 0 -0.8932246 0.4929008 0 -0.8700856 0.4928986 0 -0.8700869 0.4928985 0 -0.8700869 0.5349953 0 -0.8448551 0.5349952 0 -0.8448551 0.5758074 0 -0.8175855 0.5758094 0 -0.817584 0.5758095 0 -0.817584 0.6152344 0 -0.7883443 0.6152344 0 -0.7883443 0.653173 0 -0.7572088 0.6895421 0 -0.7242457 0.689542 0 -0.7242457 0.7242419 0 -0.6895461 0.7242432 0 -0.6895446 0.7242433 0 -0.6895446 0.7572091 0 -0.6531727 0.7572084 0 -0.6531734 0.7572084 0 -0.6531735 0.7883475 0 -0.6152304 0.7883474 0 -0.6152304 0.8175869 0 -0.5758053 0.817587 0 -0.5758053 0.8448532 0 -0.5349982 0.8448533 0 -0.5349982 0.8700863 0 -0.4928993 0.870086 0 -0.4929 0.870086 0 -0.4929 0.8932252 0 -0.4496097 0.914209 0 -0.4052434 0.9142087 0 -0.4052439 0.9142087 0 -0.4052439 0.9329928 0 -0.3598954 0.9329925 0 -0.3598958 0.9329925 0 -0.3598958 0.9495299 0 -0.3136767 0.94953 0 -0.3136765 0.94953 0 -0.3136764 0.9637753 0 -0.2667154 0.9637755 0 -0.2667153 0.9637755 0 -0.2667152 0.9637776 0 0.2667075 0.9495274 0 0.3136842 0.9495273 0 0.3136844 0.9495274 0 0.3136845 0.9329922 0 0.3598967 0.9329921 0 0.3598972 0.932992 0 0.3598973 0.9142081 0 0.405245 0.9142081 0 0.405245 0.8932245 0 0.449611 0.8932246 0 0.449611 0.8700872 0 0.4928982 0.8700871 0 0.4928981 0.8448557 0 0.5349943 0.8448562 0 0.5349935 0.8175848 0 0.5758084 0.8175848 0 0.5758084 0.7883443 0 0.6152344 0.7883443 0 0.6152344 0.7572116 0 0.6531697 0.7572123 0 0.6531689 0.7242465 0 0.6895413 0.724245 0 0.6895427 0.724245 0 0.6895428 0.6895421 0 0.7242457 0.689542 0 0.7242457 0.653173 0 0.7572088 0.6152304 0 0.7883475 0.6152304 0 0.7883474 0.5758076 0 0.8175852 0.5758076 0 0.8175852 0.5350004 0 0.8448518 0.5349983 0 0.8448532 0.5349982 0 0.8448533 0.4928982 0 0.8700872 0.4928981 0 0.8700871 0.4496139 0 0.8932231 0.4496139 0 0.8932231 0.4052371 0 0.9142117 0.4052371 0 0.9142116 0.3599004 0 0.9329908 0.3598979 0 0.9329918 0.3598977 0 0.9329918 0.3136856 0 0.949527 0.313683 0 0.9495279 0.3136829 0 0.9495278 0.2667123 0 0.9637763 0.2667149 0 0.9637755 0.2667151 0 0.9637755 -0.2667107 0 0.9637767 -0.266708 0 0.9637775 -0.2667078 0 0.9637775 -0.3136771 0 0.9495298 -0.359898 0 0.9329918 -0.3598954 0 0.9329927 -0.3598953 0 0.9329928 -0.4052371 0 0.9142117 -0.4052371 0 0.9142116 -0.4496058 0 0.8932271 -0.4928982 0 0.8700872 -0.4928981 0 0.8700871 -0.5349939 0 0.844856 -0.534994 0 0.844856 -0.5758097 0 0.8175838 -0.5758078 0 0.8175852 -0.5758076 0 0.8175852 -0.61523 0 0.7883478 -0.61523 0 0.7883477 -0.6531648 0 0.7572159 -0.6531664 0 0.7572144 -0.6531665 0 0.7572144 -0.6895378 0 0.7242498 -0.7242434 0 0.6895446 -0.7242433 0 0.6895446 -0.7572084 0 0.6531734 -0.7572084 0 0.6531735 -0.7883443 0 0.6152344 -0.7883443 0 0.6152344 -0.8175838 0 0.5758096 -0.8448532 0 0.5349982 -0.8448533 0 0.5349982 -0.8700833 0 0.4929049 -0.8700836 0 0.4929043 -0.8700836 0 0.4929042 -0.8932252 0 0.4496097 -0.9142073 0 0.405247 -0.9142075 0 0.4052464 -0.9142076 0 0.4052464 -0.9329921 0 0.3598972 -0.9329922 0 0.3598967 -0.9329922 0 0.3598967 -0.9495273 0 0.3136844 -0.9495274 0 0.3136842 -0.9495275 0 0.3136842 -0.9637759 0 0.2667136 -0.9637759 0 -0.2667136 -0.94953 0 -0.3136765 -0.94953 0 -0.3136764 -0.9329925 0 -0.3598958 -0.9329928 0 -0.3598954 -0.9329928 0 -0.3598953 -0.9142097 0 -0.4052415 -0.91421 0 -0.405241 -0.9142099 0 -0.4052409 -0.8932252 0 -0.4496097 -0.870086 0 -0.4929 -0.8700863 0 -0.4928993 -0.8700864 0 -0.4928994 -0.8448515 0 -0.535001 -0.8448514 0 -0.535001 -0.8175877 0 -0.5758042 -0.8175876 0 -0.5758042 -0.7883443 0 -0.6152344 -0.7883443 0 -0.6152344 -0.7572084 0 -0.6531734 -0.7572091 0 -0.6531727 -0.7572091 0 -0.6531727 -0.7242496 0 -0.689538 -0.7242481 0 -0.6895395 -0.7242481 0 -0.6895396 -0.689538 0 -0.7242496 -0.6895396 0 -0.7242481 -0.6895396 0 -0.724248 -0.6531684 0 -0.7572126 -0.6531702 0 -0.7572112 -0.6531702 0 -0.7572111 -0.6152359 0 -0.7883431 -0.6152341 0 -0.7883445 -0.615234 0 -0.7883446 -0.5758046 0 -0.8175873 -0.5758046 0 -0.8175874 -0.5349954 0 -0.8448551 -0.5349974 0 -0.8448537 -0.5349976 0 -0.8448537 -0.4928982 0 -0.8700872 -0.4928981 0 -0.8700871 -0.4496083 0 -0.8932259 -0.4496083 0 -0.8932258 -0.4052423 0 -0.9142094 -0.4052423 0 -0.9142093 -0.3598901 0 -0.9329947 -0.3598926 0 -0.9329938 -0.3598927 0 -0.9329937 -0.313681 0 -0.9495285 -0.2667062 0 -0.963778 -0.2667089 0 -0.9637772 -0.266709 0 -0.9637771 -0.3136578 0 0.9495361 -0.3136578 0 0.9495361 -0.3598976 0 0.9329918 -0.4052641 0 0.9141997 -0.4052667 0 0.9141985 -0.405264 0 0.9141998 -0.4495859 0 0.8932372 -0.4495884 0 0.893236 -0.4495857 0 0.8932372 -0.4929122 0 0.8700791 -0.4929146 0 0.8700777 -0.4929121 0 0.8700792 -0.5349807 0 0.8448643 -0.534983 0 0.8448629 -0.5349806 0 0.8448644 -0.5758101 0 0.8175835 -0.5758101 0 0.8175836 -0.6152508 0 0.7883314 -0.6152489 0 0.788333 -0.615251 0 0.7883314 -0.6531461 0 0.7572321 -0.6531461 0 0.757232 -0.6895385 0 0.7242491 -0.6895392 0 0.7242484 -0.6895384 0 0.7242492 -0.7242453 0 0.6895425 -0.7242453 0 0.6895425 -0.7572355 0 0.6531421 -0.7572354 0 0.6531421 -0.7883349 0 0.6152465 -0.7883355 0 0.6152457 -0.8175809 0 0.5758138 -0.8448617 0 0.5349849 -0.8700804 0 0.4929099 -0.8700804 0 0.4929099 -0.8932368 0 0.4495868 -0.8932363 0 0.4495874 -0.8932367 0 0.4495868 -0.9141979 0 0.4052683 -0.9141978 0 0.4052683 -0.9329941 0 0.3598919 -0.9329941 0 0.3598916 -0.9329941 0 0.3598918 -0.9495341 0 0.3136641 -0.9495342 0 0.3136639 -0.9495341 0 0.3136642 -0.9495341 0 -0.3136641 -0.9495342 0 -0.3136639 -0.9495341 0 -0.3136642 -0.932995 0 -0.3598895 -0.9329952 0 -0.359889 -0.932995 0 -0.3598895 -0.9141966 0 -0.4052709 -0.9141967 0 -0.4052709 -0.8932381 0 -0.4495841 -0.8932378 0 -0.4495847 -0.8932381 0 -0.449584 -0.8700767 0 -0.4929165 -0.8700763 0 -0.4929171 -0.8700767 0 -0.4929164 -0.8448604 0 -0.5349868 -0.8175866 0 -0.5758059 -0.817587 0 -0.5758051 -0.8175865 0 -0.5758059 -0.7883322 0 -0.6152498 -0.7883323 0 -0.6152499 -0.7572355 0 -0.6531421 -0.7572354 0 -0.6531421 -0.7242412 0 -0.6895467 -0.7242419 0 -0.6895461 -0.7242411 0 -0.6895468 -0.6895477 0 -0.7242404 -0.689546 0 -0.7242419 -0.6895477 0 -0.7242403 -0.6531403 0 -0.757237 -0.653142 0 -0.7572355 -0.6531401 0 -0.7572371 -0.6152505 0 -0.7883317 -0.6152505 0 -0.7883318 -0.5758091 0 -0.8175842 -0.5349844 0 -0.8448619 -0.5349822 0 -0.8448634 -0.5349845 0 -0.8448619 -0.4929214 0 -0.870074 -0.492919 0 -0.8700754 -0.4929214 0 -0.8700739 -0.449588 0 -0.8932361 -0.4495855 0 -0.8932374 -0.4495881 0 -0.8932361 -0.405264 0 -0.9141998 -0.3599005 0 -0.9329907 -0.3598977 0 -0.9329918 -0.3599006 0 -0.9329907 -0.3136548 0 -0.9495372 -0.3136577 0 -0.9495362 -0.3136547 0 -0.9495372 0.3136578 0 -0.9495361 0.3136578 0 -0.9495361 0.3598916 0 -0.9329941 0.3598915 0 -0.9329941 0.405264 0 -0.9141998 0.4495825 0 -0.8932389 0.44958 0 -0.8932401 0.4495826 0 -0.8932389 0.4929127 0 -0.8700789 0.4929103 0 -0.8700801 0.4929128 0 -0.8700787 0.534983 0 -0.8448629 0.5349807 0 -0.8448643 0.5349831 0 -0.8448628 0.5758106 0 -0.8175833 0.5758105 0 -0.8175832 0.6152408 0 -0.7883393 0.6152428 0 -0.7883378 0.6152407 0 -0.7883394 0.6531421 0 -0.7572355 0.6531421 0 -0.7572354 0.6895424 0 -0.7242454 0.6895431 0 -0.7242447 0.6895423 0 -0.7242454 0.7242582 0 -0.689529 0.7242574 0 -0.6895297 0.7242583 0 -0.6895289 0.7572177 0 -0.6531625 0.7572178 0 -0.6531626 0.7883312 0 -0.6152511 0.7883307 0 -0.6152518 0.7883313 0 -0.6152511 0.8175809 0 -0.5758138 0.8448586 0 -0.5349899 0.8700768 0 -0.4929164 0.8700767 0 -0.4929164 0.8932161 0 -0.4496275 0.8932165 0 -0.4496269 0.8932162 0 -0.4496276 0.9142171 0 -0.4052248 0.9142171 0 -0.4052248 0.9329918 0 -0.3598979 0.9329918 0 -0.3598976 0.9329917 0 -0.3598979 0.9495348 0 -0.3136619 0.9495348 0 -0.3136619 0.9495348 0 0.3136619 0.9495348 0 0.3136619 0.9329941 0 0.3598916 0.9329941 0 0.3598919 0.9329941 0 0.3598915 0.9141979 0 0.4052683 0.9141978 0 0.4052683 0.8932363 0 0.4495874 0.8932368 0 0.4495868 0.8932363 0 0.4495874 0.8700784 0 0.4929135 0.8700784 0 0.4929134 0.8448625 0 0.5349836 0.844863 0 0.5349829 0.8448624 0 0.5349836 0.8175833 0 0.5758106 0.8175832 0 0.5758105 0.7883315 0 0.6152509 0.7883321 0 0.6152501 0.7883314 0 0.615251 0.7572392 0 0.6531377 0.7572393 0 0.6531377 0.724238 0 0.6895501 0.7242373 0 0.6895509 0.724238 0 0.6895501 0.6895466 0 0.7242414 0.6895475 0 0.7242406 0.653142 0 0.7572355 0.6531403 0 0.757237 0.6531421 0 0.7572354 0.6152451 0 0.788336 0.6152471 0 0.7883344 0.6152451 0 0.788336 0.5758106 0 0.8175833 0.5758105 0 0.8175832 0.5349813 0 0.8448638 0.5349814 0 0.8448639 0.4929156 0 0.8700771 0.492918 0 0.8700758 0.4929155 0 0.8700773 0.4495803 0 0.89324 0.4495828 0 0.8932387 0.4495801 0 0.89324 0.405261 0 0.914201 0.4052611 0 0.9142011 0.3598952 0 0.9329928 0.3598951 0 0.9329928 0.3136556 0 0.9495368 0.3136556 0 0.9495369 0 -1 0 0 1 0 1 0 0 -1 0 0 0.2191219 0 0.9756976 0.2191069 0 0.9757009 0.219122 0 0.9756975 -0.2191329 0 0.9756951 -0.2191178 0 0.9756984 -0.219133 0 0.9756951 -0.2667108 0 -0.9637767 -0.2667108 0 -0.9637767 0.2667064 0 -0.9637778 0.2667099 0 -0.9637769 0.2667101 0 -0.9637769 0 0 1 0 0 -1 -0.9757058 0 0.2190852 -0.9757058 0 0.2190853 -0.9756963 0 -0.2191275 -0.9756964 0 -0.2191267 -0.9756965 0 -0.2191267 0.9637634 0 -0.2667591 0.9637633 0 -0.2667591 0.9637783 0 0.2667047 0.9637784 0 0.2667047 0.9757018 0 -0.219103 0.9757019 0 -0.2191022 0.9757018 0 -0.219103 0.9757006 0 0.2191081 0.9757005 0 0.2191089 0.9757006 0 0.2191081 -0.9637791 0 0.2667018 -0.963779 0 0.2667021 -0.9637791 0 0.2667018 -0.9637783 0 -0.2667046 -0.9637784 0 -0.2667044 -0.9637784 0 -0.2667044 0.2191128 0 -0.9756996 0.2190977 0 -0.975703 0.2190976 0 -0.975703 -0.2191329 0 -0.9756951 -0.2191178 0 -0.9756984 -0.2191177 0 -0.9756985 -0.2667061 0 0.963778 -0.2667096 0 0.963777 -0.2667098 0 0.963777 0.2667064 0 0.9637778 0.2667099 0 0.9637769 0.2667101 0 0.9637769 0.2667168 0 -0.9637749 0.313683 0 -0.9495279 0.405245 0 -0.9142082 0.4496084 0 -0.8932259 0.4929009 0 -0.8700855 0.5758073 0 -0.8175855 0.7242417 0 -0.6895462 0.7572091 0 -0.6531727 0.8700864 0 -0.4928994 0.914209 0 -0.4052434 0.9329928 0 -0.3598953 0.9495299 0 -0.3136767 0.9495275 0 0.3136842 0.9329922 0 0.3598967 0.8448557 0 0.5349943 0.7572116 0 0.6531697 0.7242465 0 0.6895412 0.5350005 0 0.8448519 0.3599005 0 0.9329907 0.3136858 0 0.9495269 0.2667121 0 0.9637764 -0.2667108 0 0.9637767 -0.3598981 0 0.9329916 -0.5758098 0 0.8175837 -0.6531646 0 0.7572159 -0.8700833 0 0.492905 -0.9142073 0 0.405247 -0.932992 0 0.3598973 -0.9495274 0 0.3136845 -0.9329925 0 -0.3598958 -0.9142097 0 -0.4052416 -0.870086 0 -0.4929 -0.7572084 0 -0.6531735 -0.7242496 0 -0.6895379 -0.6895379 0 -0.7242496 -0.6531684 0 -0.7572128 -0.6152361 0 -0.788343 -0.5349952 0 -0.8448551 -0.3598899 0 -0.9329949 -0.2667061 0 -0.963778 -0.4052668 0 0.9141985 -0.4495885 0 0.8932359 -0.4929147 0 0.8700777 -0.5349831 0 0.8448628 -0.6152488 0 0.7883331 -0.6895393 0 0.7242483 -0.7883355 0 0.6152456 -0.8932363 0 0.4495874 -0.9329941 0 0.3598915 -0.9329952 0 -0.3598889 -0.8932377 0 -0.4495847 -0.8700764 0 -0.4929172 -0.817587 0 -0.5758051 -0.724242 0 -0.689546 -0.6895459 0 -0.724242 -0.6531421 0 -0.7572354 -0.534982 0 -0.8448635 -0.4929188 0 -0.8700754 -0.4495854 0 -0.8932375 -0.3598976 0 -0.9329918 -0.3136578 0 -0.9495361 0.4495798 0 -0.8932402 0.4929102 0 -0.8700802 0.5349806 0 -0.8448644 0.6152428 0 -0.7883377 0.6895432 0 -0.7242446 0.7242574 0 -0.6895297 0.7883306 0 -0.6152519 0.8932165 0 -0.4496269 0.9329941 0 0.3598918 0.8932367 0 0.4495868 0.8448629 0 0.5349829 0.7242373 0 0.6895509 0.6895475 0 0.7242405 0.6531401 0 0.7572371 0.6152471 0 0.7883344 0.4929181 0 0.8700758 0.4495829 0 0.8932387 0.2191067 0 0.975701 -0.2191177 0 0.9756985 0.2667063 0 -0.963778 -0.9756963 0 -0.2191276 0.9757004 0 0.2191089 -0.9637791 0 0.2667021 -0.9637784 0 -0.2667046 0.2191129 0 -0.9756996 -0.219133 0 -0.9756951 -0.2667059 0 0.963778 0.2667063 0 0.963778</float_array>
          <technique_common>
            <accessor source="#Cylinder_001_Cylinder_002-mesh-normals-array" count="532" stride="3">
              <param name="X" type="float"/>
              <param name="Y" type="float"/>
              <param name="Z" type="float"/>
            </accessor>
          </technique_common>
        </source>
        <source id="Cylinder_001_Cylinder_002-mesh-map-0">
          <float_array id="Cylinder_001_Cylinder_002-mesh-map-0-array" count="4704">0.960938 1 0.953125 0 0.960938 0 0.953125 1 0.945312 0 0.953125 0 0.945312 1 0.9375 0 0.945312 0 0.9375 1 0.929688 0 0.9375 0 0.929688 1 0.921875 0 0.929688 0 0.921875 1 0.914062 0 0.921875 0 0.914062 1 0.90625 0 0.914062 0 0.90625 1 0.898438 0 0.90625 0 0.898438 1 0.890625 0 0.898438 0 0.890625 1 0.882812 0 0.890625 0 0.882812 1 0.875 0 0.882812 0 0.875 1 0.867188 0 0.875 0 0.867188 1 0.859375 0 0.867188 0 0.859375 1 0.851562 0 0.859375 0 0.851562 1 0.84375 0 0.851562 0 0.84375 1 0.835938 0 0.84375 0 0.835938 1 0.828125 0 0.835938 0 0.828125 1 0.820312 0 0.828125 0 0.820312 1 0.8125 0 0.820312 0 0.8125 1 0.804688 0 0.8125 0 0.804688 1 0.796875 0 0.804688 0 0.796875 1 0.789062 0 0.796875 0 0.710938 1 0.703125 0 0.710938 0 0.703125 1 0.695312 0 0.703125 0 0.695312 1 0.6875 0 0.695312 0 0.6875 1 0.679688 0 0.6875 0 0.679688 1 0.671875 0 0.679688 0 0.671875 1 0.664062 0 0.671875 0 0.664062 1 0.65625 0 0.664062 0 0.65625 1 0.648438 0 0.65625 0 0.648438 1 0.640625 0 0.648438 0 0.640625 1 0.632812 0 0.640625 0 0.632812 1 0.625 0 0.632812 0 0.625 1 0.617188 0 0.625 0 0.617188 1 0.609375 0 0.617188 0 0.609375 1 0.601562 0 0.609375 0 0.601562 1 0.59375 0 0.601562 0 0.59375 1 0.585938 0 0.59375 0 0.585938 1 0.578125 0 0.585938 0 0.578125 1 0.570312 0 0.578125 0 0.570312 1 0.5625 0 0.570312 0 0.5625 1 0.554688 0 0.5625 0 0.554688 1 0.546875 0 0.554688 0 0.546875 1 0.539062 0 0.546875 0 0.460938 1 0.453125 0 0.460938 0 0.453125 1 0.445312 0 0.453125 0 0.445312 1 0.4375 0 0.445312 0 0.4375 1 0.429688 0 0.4375 0 0.429688 1 0.421875 0 0.429688 0 0.421875 1 0.414062 0 0.421875 0 0.414062 1 0.40625 0 0.414062 0 0.40625 1 0.398438 0 0.40625 0 0.398438 1 0.390625 0 0.398438 0 0.390625 1 0.382812 0 0.390625 0 0.382812 1 0.375 0 0.382812 0 0.375 1 0.367188 0 0.375 0 0.367188 1 0.359375 0 0.367188 0 0.359375 1 0.351562 0 0.359375 0 0.351562 1 0.34375 0 0.351562 0 0.34375 1 0.335938 0 0.34375 0 0.335938 1 0.328125 0 0.335938 0 0.328125 1 0.320312 0 0.328125 0 0.320312 1 0.3125 0 0.320312 0 0.3125 1 0.304688 0 0.3125 0 0.304688 1 0.296875 0 0.304688 0 0.296875 1 0.289062 0 0.296875 0 0.210938 1 0.203125 0 0.210938 0 0.203125 1 0.195312 0 0.203125 0 0.195312 1 0.1875 0 0.195312 0 0.1875 1 0.179688 0 0.1875 0 0.179688 1 0.171875 0 0.179688 0 0.171875 1 0.164062 0 0.171875 0 0.164062 1 0.15625 0 0.164062 0 0.15625 1 0.148438 0 0.15625 0 0.148438 1 0.140625 0 0.148438 0 0.140625 1 0.132812 0 0.140625 0 0.132812 1 0.125 0 0.132812 0 0.125 1 0.117188 0 0.125 0 0.117188 1 0.109375 0 0.117188 0 0.109375 1 0.101562 0 0.109375 0 0.101562 1 0.09375 0 0.101562 0 0.09375 1 0.08593797 0 0.09375 0 0.08593797 1 0.078125 0 0.08593797 0 0.078125 1 0.07031196 0 0.078125 0 0.07031196 1 0.0625 0 0.07031196 0 0.0625 1 0.05468797 0 0.0625 0 0.05468797 1 0.046875 0 0.05468797 0 0.046875 1 0.03906196 0 0.046875 0 0.945312 0 0.953125 1 0.953125 0 0.9375 0 0.945312 1 0.945312 0 0.929688 0 0.9375 1 0.9375 0 0.921875 0 0.929688 1 0.929688 0 0.914062 0 0.921875 1 0.921875 0 0.90625 0 0.914062 1 0.914062 0 0.898438 0 0.90625 1 0.90625 0 0.890625 0 0.898438 1 0.898438 0 0.882812 0 0.890625 1 0.890625 0 0.875 0 0.882812 1 0.882812 0 0.867188 0 0.875 1 0.875 0 0.859375 0 0.867188 1 0.867188 0 0.851562 0 0.859375 1 0.859375 0 0.84375 0 0.851562 1 0.851562 0 0.835938 0 0.84375 1 0.84375 0 0.828125 0 0.835938 1 0.835938 0 0.820312 0 0.828125 1 0.828125 0 0.8125 0 0.820312 1 0.820312 0 0.804688 0 0.8125 1 0.8125 0 0.796875 0 0.804688 1 0.804688 0 0.695312 0 0.703125 1 0.703125 0 0.6875 0 0.695312 1 0.695312 0 0.679688 0 0.6875 1 0.6875 0 0.671875 0 0.679688 1 0.679688 0 0.664062 0 0.671875 1 0.671875 0 0.65625 0 0.664062 1 0.664062 0 0.648438 0 0.65625 1 0.65625 0 0.640625 0 0.648438 1 0.648438 0 0.632812 0 0.640625 1 0.640625 0 0.625 0 0.632812 1 0.632812 0 0.617188 0 0.625 1 0.625 0 0.609375 0 0.617188 1 0.617188 0 0.601562 0 0.609375 1 0.609375 0 0.59375 0 0.601562 1 0.601562 0 0.585938 0 0.59375 1 0.59375 0 0.578125 0 0.585938 1 0.585938 0 0.570312 0 0.578125 1 0.578125 0 0.5625 0 0.570312 1 0.570312 0 0.554688 0 0.5625 1 0.5625 0 0.546875 0 0.554688 1 0.554688 0 0.445312 0 0.453125 1 0.453125 0 0.4375 0 0.445312 1 0.445312 0 0.429688 0 0.4375 1 0.4375 0 0.421875 0 0.429688 1 0.429688 0 0.414062 0 0.421875 1 0.421875 0 0.40625 0 0.414062 1 0.414062 0 0.398438 0 0.40625 1 0.40625 0 0.390625 0 0.398438 1 0.398438 0 0.382812 0 0.390625 1 0.390625 0 0.375 0 0.382812 1 0.382812 0 0.367188 0 0.375 1 0.375 0 0.359375 0 0.367188 1 0.367188 0 0.351562 0 0.359375 1 0.359375 0 0.34375 0 0.351562 1 0.351562 0 0.335938 0 0.34375 1 0.34375 0 0.328125 0 0.335938 1 0.335938 0 0.320312 0 0.328125 1 0.328125 0 0.3125 0 0.320312 1 0.320312 0 0.304688 0 0.3125 1 0.3125 0 0.296875 0 0.304688 1 0.304688 0 0.195312 0 0.203125 1 0.203125 0 0.1875 0 0.195312 1 0.195312 0 0.179688 0 0.1875 1 0.1875 0 0.171875 0 0.179688 1 0.179688 0 0.164062 0 0.171875 1 0.171875 0 0.15625 0 0.164062 1 0.164062 0 0.148438 0 0.15625 1 0.15625 0 0.140625 0 0.148438 1 0.148438 0 0.132812 0 0.140625 1 0.140625 0 0.125 0 0.132812 1 0.132812 0 0.117188 0 0.125 1 0.125 0 0.109375 0 0.117188 1 0.117188 0 0.101562 0 0.109375 1 0.109375 0 0.09375 0 0.101562 1 0.101562 0 0.08593797 0 0.09375 1 0.09375 0 0.078125 0 0.08593797 1 0.08593797 0 0.07031196 0 0.078125 1 0.078125 0 0.0625 0 0.07031196 1 0.07031196 0 0.05468797 0 0.0625 1 0.0625 0 0.046875 0 0.05468797 1 0.05468797 0 0.945312 0 0.953125 0 0.953125 0 0.945312 1 0.953125 1 0.945312 1 0.9375 0 0.945312 0 0.945312 0 0.9375 1 0.945312 1 0.9375 1 0.929688 0 0.9375 0 0.9375 0 0.929688 1 0.9375 1 0.929688 1 0.929688 0 0.921875 0 0.929688 0 0.929688 1 0.921875 1 0.921875 1 0.914062 0 0.921875 0 0.921875 0 0.914062 1 0.921875 1 0.914062 1 0.914062 0 0.90625 0 0.914062 0 0.914062 1 0.90625 1 0.90625 1 0.90625 0 0.898438 0 0.90625 0 0.90625 1 0.898438 1 0.898438 1 0.890625 0 0.898438 0 0.898438 0 0.890625 1 0.898438 1 0.890625 1 0.890625 0 0.882812 0 0.890625 0 0.890625 1 0.882812 1 0.882812 1 0.875 0 0.882812 0 0.882812 0 0.875 1 0.882812 1 0.875 1 0.875 0 0.867188 0 0.875 0 0.875 1 0.867188 1 0.867188 1 0.859375 0 0.867188 0 0.867188 0 0.859375 1 0.867188 1 0.859375 1 0.859375 0 0.851562 0 0.859375 0 0.859375 1 0.851562 1 0.851562 1 0.84375 0 0.851562 0 0.851562 0 0.84375 1 0.851562 1 0.84375 1 0.835938 0 0.84375 0 0.84375 0 0.835938 1 0.84375 1 0.835938 1 0.835938 0 0.828125 0 0.835938 0 0.835938 1 0.828125 1 0.828125 1 0.820312 0 0.828125 0 0.828125 0 0.820312 1 0.828125 1 0.820312 1 0.820312 0 0.8125 0 0.820312 0 0.820312 1 0.8125 1 0.8125 1 0.8125 0 0.804688 0 0.8125 0 0.8125 1 0.804688 1 0.804688 1 0.804688 0 0.796875 0 0.804688 0 0.804688 1 0.796875 1 0.796875 1 0.695312 0 0.703125 0 0.703125 0 0.695312 1 0.703125 1 0.695312 1 0.6875 0 0.695312 0 0.695312 0 0.6875 1 0.695312 1 0.6875 1 0.679688 0 0.6875 0 0.6875 0 0.679688 1 0.6875 1 0.679688 1 0.679688 0 0.671875 0 0.679688 0 0.679688 1 0.671875 1 0.671875 1 0.664062 0 0.671875 0 0.671875 0 0.664062 1 0.671875 1 0.664062 1 0.664062 0 0.65625 0 0.664062 0 0.664062 1 0.65625 1 0.65625 1 0.65625 0 0.648438 0 0.65625 0 0.65625 1 0.648438 1 0.648438 1 0.640625 0 0.648438 0 0.648438 0 0.640625 1 0.648438 1 0.640625 1 0.640625 0 0.632812 0 0.640625 0 0.640625 1 0.632812 1 0.632812 1 0.625 0 0.632812 0 0.632812 0 0.625 1 0.632812 1 0.625 1 0.625 0 0.617188 0 0.625 0 0.625 1 0.617188 1 0.617188 1 0.609375 0 0.617188 0 0.617188 0 0.609375 1 0.617188 1 0.609375 1 0.609375 0 0.601562 0 0.609375 0 0.609375 1 0.601562 1 0.601562 1 0.59375 0 0.601562 0 0.601562 0 0.59375 1 0.601562 1 0.59375 1 0.59375 0 0.585938 0 0.59375 0 0.59375 1 0.585938 1 0.585938 1 0.585938 0 0.578125 0 0.585938 0 0.585938 1 0.578125 1 0.578125 1 0.570312 0 0.578125 0 0.578125 0 0.570312 1 0.578125 1 0.570312 1 0.570312 0 0.5625 0 0.570312 0 0.570312 1 0.5625 1 0.5625 1 0.5625 0 0.554688 0 0.5625 0 0.5625 1 0.554688 1 0.554688 1 0.554688 0 0.546875 0 0.554688 0 0.554688 1 0.546875 1 0.546875 1 0.445312 0 0.453125 0 0.453125 0 0.445312 1 0.453125 1 0.445312 1 0.4375 0 0.445312 0 0.445312 0 0.4375 1 0.445312 1 0.4375 1 0.429688 0 0.4375 0 0.4375 0 0.429688 1 0.4375 1 0.429688 1 0.429688 0 0.421875 0 0.429688 0 0.429688 1 0.421875 1 0.421875 1 0.414062 0 0.421875 0 0.421875 0 0.414062 1 0.421875 1 0.414062 1 0.414062 0 0.40625 0 0.414062 0 0.414062 1 0.40625 1 0.40625 1 0.40625 0 0.398438 0 0.40625 0 0.40625 1 0.398438 1 0.398438 1 0.390625 0 0.398438 0 0.398438 0 0.390625 1 0.398438 1 0.390625 1 0.390625 0 0.382812 0 0.390625 0 0.390625 1 0.382812 1 0.382812 1 0.375 0 0.382812 0 0.382812 0 0.375 1 0.382812 1 0.375 1 0.367188 0 0.375 0 0.375 0 0.367188 1 0.375 1 0.367188 1 0.359375 0 0.367188 0 0.367188 0 0.359375 1 0.367188 1 0.359375 1 0.359375 0 0.351562 0 0.359375 0 0.359375 1 0.351562 1 0.351562 1 0.34375 0 0.351562 0 0.351562 0 0.34375 1 0.351562 1 0.34375 1 0.34375 0 0.335938 0 0.34375 0 0.34375 1 0.335938 1 0.335938 1 0.335938 0 0.328125 0 0.335938 0 0.335938 1 0.328125 1 0.328125 1 0.328125 0 0.320312 0 0.328125 0 0.328125 1 0.320312 1 0.320312 1 0.3125 0 0.320312 0 0.320312 0 0.3125 1 0.320312 1 0.3125 1 0.3125 0 0.304688 0 0.3125 0 0.3125 1 0.304688 1 0.304688 1 0.304688 0 0.296875 0 0.304688 0 0.304688 1 0.296875 1 0.296875 1 0.195312 0 0.203125 0 0.203125 0 0.195312 1 0.203125 1 0.195312 1 0.1875 0 0.195312 0 0.195312 0 0.1875 1 0.195312 1 0.1875 1 0.179688 0 0.1875 0 0.1875 0 0.179688 1 0.1875 1 0.179688 1 0.179688 0 0.171875 0 0.179688 0 0.179688 1 0.171875 1 0.171875 1 0.164062 0 0.171875 0 0.171875 0 0.164062 1 0.171875 1 0.164062 1 0.15625 0 0.164062 0 0.164062 0 0.15625 1 0.164062 1 0.15625 1 0.15625 0 0.148438 0 0.15625 0 0.15625 1 0.148438 1 0.148438 1 0.140625 0 0.148438 0 0.148438 0 0.140625 1 0.148438 1 0.140625 1 0.140625 0 0.132812 0 0.140625 0 0.140625 1 0.132812 1 0.132812 1 0.125 0 0.132812 0 0.132812 0 0.125 1 0.132812 1 0.125 1 0.125 0 0.117188 0 0.125 0 0.125 1 0.117188 1 0.117188 1 0.109375 0 0.117188 0 0.117188 0 0.109375 1 0.117188 1 0.109375 1 0.109375 0 0.101562 0 0.109375 0 0.109375 1 0.101562 1 0.101562 1 0.09375 0 0.101562 0 0.101562 0 0.09375 1 0.101562 1 0.09375 1 0.08593797 0 0.09375 0 0.09375 0 0.08593797 1 0.09375 1 0.08593797 1 0.08593797 0 0.078125 0 0.08593797 0 0.08593797 1 0.078125 1 0.078125 1 0.07031196 0 0.078125 0 0.078125 0 0.07031196 1 0.078125 1 0.07031196 1 0.07031196 0 0.0625 0 0.07031196 0 0.07031196 1 0.0625 1 0.0625 1 0.0625 0 0.05468797 0 0.0625 0 0.0625 1 0.05468797 1 0.05468797 1 0.05468797 0 0.046875 0 0.05468797 0 0.05468797 1 0.046875 1 0.046875 1 0.375 0.08796697 0.625 0.09845697 0.625 0.08796697 0.625 0.662028 0.625 0.651543 0.375 0.651543 0.539062 0 0.537489 1 0.537489 0 0.460938 1 0.462511 0 0.462511 1 0.546875 1 0.540221 0 0.540221 1 0.453125 1 0.459778 0 0.453125 0 0.546875 0 0.539062 0 0.539062 0 0.546875 1 0.540221 1 0.539062 1 0.539062 0 0.539062 0 0.537489 0 0.537489 1 0.539062 1 0.539062 1 0.460938 0 0.460938 0 0.462511 0 0.460938 1 0.460938 1 0.462511 1 0.453125 0 0.459778 0 0.460938 0 0.453125 1 0.460938 1 0.460938 1 0.375 0.08147197 0.625 0.09195995 0.625 0.08147197 0.625 0.668524 0.625 0.658041 0.375 0.658041 0.289062 1 0.287488 0 0.289062 0 0.210938 0 0.212511 1 0.210938 1 0.296875 0 0.290221 1 0.296875 1 0.203125 1 0.209778 0 0.203125 0 0.296875 0 0.289062 0 0.289062 0 0.296875 1 0.290221 1 0.289062 1 0.289062 0 0.289062 0 0.287488 0 0.289062 1 0.289062 1 0.287488 1 0.210938 0 0.210938 0 0.212511 0 0.210938 1 0.212511 1 0.210938 1 0.203125 0 0.209778 0 0.210938 0 0.203125 1 0.210938 1 0.210938 1 0.375 0.171149 0.625 0.185703 0.625 0.171149 0.375 0.58018 0.625 0.589956 0.625 0.58018 0.789062 0 0.787561 1 0.787561 0 0.710938 1 0.712584 0 0.712584 1 0.796875 1 0.7903 0 0.7903 1 0.703125 1 0.709857 0 0.703125 0 0.796875 0 0.789062 0 0.789062 0 0.796875 1 0.7903 1 0.789062 1 0.789062 0 0.789062 0 0.787561 0 0.787561 1 0.789062 1 0.789062 1 0.710938 0 0.710938 0 0.712584 0 0.710938 1 0.712584 1 0.710938 1 0.703125 0 0.709857 0 0.710938 0 0.703125 1 0.710938 1 0.710938 1 0.375 0.170394 0.625 0.1856459 0.625 0.170394 0.375 0.57961 0.625 0.590097 0.625 0.57961 0.960938 0 0.962511 1 0.960938 1 0.03906196 1 0.03748899 0 0.03906196 0 0.953125 1 0.959778 0 0.953125 0 0.046875 0 0.04022198 1 0.046875 1 0.962511 0 0.960938 0 0.960938 0 0.960938 1 0.962511 1 0.960938 1 0.953125 0 0.959778 0 0.960938 0 0.953125 1 0.960938 1 0.960938 1 0.046875 0 0.03906196 0 0.03906196 0 0.046875 1 0.04022198 1 0.03906196 1 0.03906196 0 0.03906196 0 0.03748899 0 0.03748899 1 0.03906196 1 0.03906196 1 0.960938 1 0.953125 1 0.953125 0 0.953125 1 0.945312 1 0.945312 0 0.945312 1 0.9375 1 0.9375 0 0.9375 1 0.929688 1 0.929688 0 0.929688 1 0.921875 1 0.921875 0 0.921875 1 0.914062 1 0.914062 0 0.914062 1 0.90625 1 0.90625 0 0.90625 1 0.898438 1 0.898438 0 0.898438 1 0.890625 1 0.890625 0 0.890625 1 0.882812 1 0.882812 0 0.882812 1 0.875 1 0.875 0 0.875 1 0.867188 1 0.867188 0 0.867188 1 0.859375 1 0.859375 0 0.859375 1 0.851562 1 0.851562 0 0.851562 1 0.84375 1 0.84375 0 0.84375 1 0.835938 1 0.835938 0 0.835938 1 0.828125 1 0.828125 0 0.828125 1 0.820312 1 0.820312 0 0.820312 1 0.8125 1 0.8125 0 0.8125 1 0.804688 1 0.804688 0 0.804688 1 0.796875 1 0.796875 0 0.796875 1 0.789062 1 0.789062 0 0.710938 1 0.703125 1 0.703125 0 0.703125 1 0.695312 1 0.695312 0 0.695312 1 0.6875 1 0.6875 0 0.6875 1 0.679688 1 0.679688 0 0.679688 1 0.671875 1 0.671875 0 0.671875 1 0.664062 1 0.664062 0 0.664062 1 0.65625 1 0.65625 0 0.65625 1 0.648438 1 0.648438 0 0.648438 1 0.640625 1 0.640625 0 0.640625 1 0.632812 1 0.632812 0 0.632812 1 0.625 1 0.625 0 0.625 1 0.617188 1 0.617188 0 0.617188 1 0.609375 1 0.609375 0 0.609375 1 0.601562 1 0.601562 0 0.601562 1 0.59375 1 0.59375 0 0.59375 1 0.585938 1 0.585938 0 0.585938 1 0.578125 1 0.578125 0 0.578125 1 0.570312 1 0.570312 0 0.570312 1 0.5625 1 0.5625 0 0.5625 1 0.554688 1 0.554688 0 0.554688 1 0.546875 1 0.546875 0 0.546875 1 0.539062 1 0.539062 0 0.460938 1 0.453125 1 0.453125 0 0.453125 1 0.445312 1 0.445312 0 0.445312 1 0.4375 1 0.4375 0 0.4375 1 0.429688 1 0.429688 0 0.429688 1 0.421875 1 0.421875 0 0.421875 1 0.414062 1 0.414062 0 0.414062 1 0.40625 1 0.40625 0 0.40625 1 0.398438 1 0.398438 0 0.398438 1 0.390625 1 0.390625 0 0.390625 1 0.382812 1 0.382812 0 0.382812 1 0.375 1 0.375 0 0.375 1 0.367188 1 0.367188 0 0.367188 1 0.359375 1 0.359375 0 0.359375 1 0.351562 1 0.351562 0 0.351562 1 0.34375 1 0.34375 0 0.34375 1 0.335938 1 0.335938 0 0.335938 1 0.328125 1 0.328125 0 0.328125 1 0.320312 1 0.320312 0 0.320312 1 0.3125 1 0.3125 0 0.3125 1 0.304688 1 0.304688 0 0.304688 1 0.296875 1 0.296875 0 0.296875 1 0.289062 1 0.289062 0 0.210938 1 0.203125 1 0.203125 0 0.203125 1 0.195312 1 0.195312 0 0.195312 1 0.1875 1 0.1875 0 0.1875 1 0.179688 1 0.179688 0 0.179688 1 0.171875 1 0.171875 0 0.171875 1 0.164062 1 0.164062 0 0.164062 1 0.15625 1 0.15625 0 0.15625 1 0.148438 1 0.148438 0 0.148438 1 0.140625 1 0.140625 0 0.140625 1 0.132812 1 0.132812 0 0.132812 1 0.125 1 0.125 0 0.125 1 0.117188 1 0.117188 0 0.117188 1 0.109375 1 0.109375 0 0.109375 1 0.101562 1 0.101562 0 0.101562 1 0.09375 1 0.09375 0 0.09375 1 0.08593797 1 0.08593797 0 0.08593797 1 0.078125 1 0.078125 0 0.078125 1 0.07031196 1 0.07031196 0 0.07031196 1 0.0625 1 0.0625 0 0.0625 1 0.05468797 1 0.05468797 0 0.05468797 1 0.046875 1 0.046875 0 0.046875 1 0.03906196 1 0.03906196 0 0.945312 0 0.945312 1 0.953125 1 0.9375 0 0.9375 1 0.945312 1 0.929688 0 0.929688 1 0.9375 1 0.921875 0 0.921875 1 0.929688 1 0.914062 0 0.914062 1 0.921875 1 0.90625 0 0.90625 1 0.914062 1 0.898438 0 0.898438 1 0.90625 1 0.890625 0 0.890625 1 0.898438 1 0.882812 0 0.882812 1 0.890625 1 0.875 0 0.875 1 0.882812 1 0.867188 0 0.867188 1 0.875 1 0.859375 0 0.859375 1 0.867188 1 0.851562 0 0.851562 1 0.859375 1 0.84375 0 0.84375 1 0.851562 1 0.835938 0 0.835938 1 0.84375 1 0.828125 0 0.828125 1 0.835938 1 0.820312 0 0.820312 1 0.828125 1 0.8125 0 0.8125 1 0.820312 1 0.804688 0 0.804688 1 0.8125 1 0.796875 0 0.796875 1 0.804688 1 0.695312 0 0.695312 1 0.703125 1 0.6875 0 0.6875 1 0.695312 1 0.679688 0 0.679688 1 0.6875 1 0.671875 0 0.671875 1 0.679688 1 0.664062 0 0.664062 1 0.671875 1 0.65625 0 0.65625 1 0.664062 1 0.648438 0 0.648438 1 0.65625 1 0.640625 0 0.640625 1 0.648438 1 0.632812 0 0.632812 1 0.640625 1 0.625 0 0.625 1 0.632812 1 0.617188 0 0.617188 1 0.625 1 0.609375 0 0.609375 1 0.617188 1 0.601562 0 0.601562 1 0.609375 1 0.59375 0 0.59375 1 0.601562 1 0.585938 0 0.585938 1 0.59375 1 0.578125 0 0.578125 1 0.585938 1 0.570312 0 0.570312 1 0.578125 1 0.5625 0 0.5625 1 0.570312 1 0.554688 0 0.554688 1 0.5625 1 0.546875 0 0.546875 1 0.554688 1 0.445312 0 0.445312 1 0.453125 1 0.4375 0 0.4375 1 0.445312 1 0.429688 0 0.429688 1 0.4375 1 0.421875 0 0.421875 1 0.429688 1 0.414062 0 0.414062 1 0.421875 1 0.40625 0 0.40625 1 0.414062 1 0.398438 0 0.398438 1 0.40625 1 0.390625 0 0.390625 1 0.398438 1 0.382812 0 0.382812 1 0.390625 1 0.375 0 0.375 1 0.382812 1 0.367188 0 0.367188 1 0.375 1 0.359375 0 0.359375 1 0.367188 1 0.351562 0 0.351562 1 0.359375 1 0.34375 0 0.34375 1 0.351562 1 0.335938 0 0.335938 1 0.34375 1 0.328125 0 0.328125 1 0.335938 1 0.320312 0 0.320312 1 0.328125 1 0.3125 0 0.3125 1 0.320312 1 0.304688 0 0.304688 1 0.3125 1 0.296875 0 0.296875 1 0.304688 1 0.195312 0 0.195312 1 0.203125 1 0.1875 0 0.1875 1 0.195312 1 0.179688 0 0.179688 1 0.1875 1 0.171875 0 0.171875 1 0.179688 1 0.164062 0 0.164062 1 0.171875 1 0.15625 0 0.15625 1 0.164062 1 0.148438 0 0.148438 1 0.15625 1 0.140625 0 0.140625 1 0.148438 1 0.132812 0 0.132812 1 0.140625 1 0.125 0 0.125 1 0.132812 1 0.117188 0 0.117188 1 0.125 1 0.109375 0 0.109375 1 0.117188 1 0.101562 0 0.101562 1 0.109375 1 0.09375 0 0.09375 1 0.101562 1 0.08593797 0 0.08593797 1 0.09375 1 0.078125 0 0.078125 1 0.08593797 1 0.07031196 0 0.07031196 1 0.078125 1 0.0625 0 0.0625 1 0.07031196 1 0.05468797 0 0.05468797 1 0.0625 1 0.046875 0 0.046875 1 0.05468797 1 0.945312 0 0.945312 0 0.953125 0 0.945312 1 0.953125 1 0.953125 1 0.9375 0 0.9375 0 0.945312 0 0.9375 1 0.945312 1 0.945312 1 0.929688 0 0.929688 0 0.9375 0 0.929688 1 0.9375 1 0.9375 1 0.929688 0 0.921875 0 0.921875 0 0.929688 1 0.929688 1 0.921875 1 0.914062 0 0.914062 0 0.921875 0 0.914062 1 0.921875 1 0.921875 1 0.914062 0 0.90625 0 0.90625 0 0.914062 1 0.914062 1 0.90625 1 0.90625 0 0.898438 0 0.898438 0 0.90625 1 0.90625 1 0.898438 1 0.890625 0 0.890625 0 0.898438 0 0.890625 1 0.898438 1 0.898438 1 0.890625 0 0.882812 0 0.882812 0 0.890625 1 0.890625 1 0.882812 1 0.875 0 0.875 0 0.882812 0 0.875 1 0.882812 1 0.882812 1 0.875 0 0.867188 0 0.867188 0 0.875 1 0.875 1 0.867188 1 0.859375 0 0.859375 0 0.867188 0 0.859375 1 0.867188 1 0.867188 1 0.859375 0 0.851562 0 0.851562 0 0.859375 1 0.859375 1 0.851562 1 0.84375 0 0.84375 0 0.851562 0 0.84375 1 0.851562 1 0.851562 1 0.835938 0 0.835938 0 0.84375 0 0.835938 1 0.84375 1 0.84375 1 0.835938 0 0.828125 0 0.828125 0 0.835938 1 0.835938 1 0.828125 1 0.820312 0 0.820312 0 0.828125 0 0.820312 1 0.828125 1 0.828125 1 0.820312 0 0.8125 0 0.8125 0 0.820312 1 0.820312 1 0.8125 1 0.8125 0 0.804688 0 0.804688 0 0.8125 1 0.8125 1 0.804688 1 0.804688 0 0.796875 0 0.796875 0 0.804688 1 0.804688 1 0.796875 1 0.695312 0 0.695312 0 0.703125 0 0.695312 1 0.703125 1 0.703125 1 0.6875 0 0.6875 0 0.695312 0 0.6875 1 0.695312 1 0.695312 1 0.679688 0 0.679688 0 0.6875 0 0.679688 1 0.6875 1 0.6875 1 0.679688 0 0.671875 0 0.671875 0 0.679688 1 0.679688 1 0.671875 1 0.664062 0 0.664062 0 0.671875 0 0.664062 1 0.671875 1 0.671875 1 0.664062 0 0.65625 0 0.65625 0 0.664062 1 0.664062 1 0.65625 1 0.65625 0 0.648438 0 0.648438 0 0.65625 1 0.65625 1 0.648438 1 0.640625 0 0.640625 0 0.648438 0 0.640625 1 0.648438 1 0.648438 1 0.640625 0 0.632812 0 0.632812 0 0.640625 1 0.640625 1 0.632812 1 0.625 0 0.625 0 0.632812 0 0.625 1 0.632812 1 0.632812 1 0.625 0 0.617188 0 0.617188 0 0.625 1 0.625 1 0.617188 1 0.609375 0 0.609375 0 0.617188 0 0.609375 1 0.617188 1 0.617188 1 0.609375 0 0.601562 0 0.601562 0 0.609375 1 0.609375 1 0.601562 1 0.59375 0 0.59375 0 0.601562 0 0.59375 1 0.601562 1 0.601562 1 0.59375 0 0.585938 0 0.585938 0 0.59375 1 0.59375 1 0.585938 1 0.585938 0 0.578125 0 0.578125 0 0.585938 1 0.585938 1 0.578125 1 0.570312 0 0.570312 0 0.578125 0 0.570312 1 0.578125 1 0.578125 1 0.570312 0 0.5625 0 0.5625 0 0.570312 1 0.570312 1 0.5625 1 0.5625 0 0.554688 0 0.554688 0 0.5625 1 0.5625 1 0.554688 1 0.554688 0 0.546875 0 0.546875 0 0.554688 1 0.554688 1 0.546875 1 0.445312 0 0.445312 0 0.453125 0 0.445312 1 0.453125 1 0.453125 1 0.4375 0 0.4375 0 0.445312 0 0.4375 1 0.445312 1 0.445312 1 0.429688 0 0.429688 0 0.4375 0 0.429688 1 0.4375 1 0.4375 1 0.429688 0 0.421875 0 0.421875 0 0.429688 1 0.429688 1 0.421875 1 0.414062 0 0.414062 0 0.421875 0 0.414062 1 0.421875 1 0.421875 1 0.414062 0 0.40625 0 0.40625 0 0.414062 1 0.414062 1 0.40625 1 0.40625 0 0.398438 0 0.398438 0 0.40625 1 0.40625 1 0.398438 1 0.390625 0 0.390625 0 0.398438 0 0.390625 1 0.398438 1 0.398438 1 0.390625 0 0.382812 0 0.382812 0 0.390625 1 0.390625 1 0.382812 1 0.375 0 0.375 0 0.382812 0 0.375 1 0.382812 1 0.382812 1 0.367188 0 0.367188 0 0.375 0 0.367188 1 0.375 1 0.375 1 0.359375 0 0.359375 0 0.367188 0 0.359375 1 0.367188 1 0.367188 1 0.359375 0 0.351562 0 0.351562 0 0.359375 1 0.359375 1 0.351562 1 0.34375 0 0.34375 0 0.351562 0 0.34375 1 0.351562 1 0.351562 1 0.34375 0 0.335938 0 0.335938 0 0.34375 1 0.34375 1 0.335938 1 0.335938 0 0.328125 0 0.328125 0 0.335938 1 0.335938 1 0.328125 1 0.328125 0 0.320312 0 0.320312 0 0.328125 1 0.328125 1 0.320312 1 0.3125 0 0.3125 0 0.320312 0 0.3125 1 0.320312 1 0.320312 1 0.3125 0 0.304688 0 0.304688 0 0.3125 1 0.3125 1 0.304688 1 0.304688 0 0.296875 0 0.296875 0 0.304688 1 0.304688 1 0.296875 1 0.195312 0 0.195312 0 0.203125 0 0.195312 1 0.203125 1 0.203125 1 0.1875 0 0.1875 0 0.195312 0 0.1875 1 0.195312 1 0.195312 1 0.179688 0 0.179688 0 0.1875 0 0.179688 1 0.1875 1 0.1875 1 0.179688 0 0.171875 0 0.171875 0 0.179688 1 0.179688 1 0.171875 1 0.164062 0 0.164062 0 0.171875 0 0.164062 1 0.171875 1 0.171875 1 0.15625 0 0.15625 0 0.164062 0 0.15625 1 0.164062 1 0.164062 1 0.15625 0 0.148438 0 0.148438 0 0.15625 1 0.15625 1 0.148438 1 0.140625 0 0.140625 0 0.148438 0 0.140625 1 0.148438 1 0.148438 1 0.140625 0 0.132812 0 0.132812 0 0.140625 1 0.140625 1 0.132812 1 0.125 0 0.125 0 0.132812 0 0.125 1 0.132812 1 0.132812 1 0.125 0 0.117188 0 0.117188 0 0.125 1 0.125 1 0.117188 1 0.109375 0 0.109375 0 0.117188 0 0.109375 1 0.117188 1 0.117188 1 0.109375 0 0.101562 0 0.101562 0 0.109375 1 0.109375 1 0.101562 1 0.09375 0 0.09375 0 0.101562 0 0.09375 1 0.101562 1 0.101562 1 0.08593797 0 0.08593797 0 0.09375 0 0.08593797 1 0.09375 1 0.09375 1 0.08593797 0 0.078125 0 0.078125 0 0.08593797 1 0.08593797 1 0.078125 1 0.07031196 0 0.07031196 0 0.078125 0 0.07031196 1 0.078125 1 0.078125 1 0.07031196 0 0.0625 0 0.0625 0 0.07031196 1 0.07031196 1 0.0625 1 0.0625 0 0.05468797 0 0.05468797 0 0.0625 1 0.0625 1 0.05468797 1 0.05468797 0 0.046875 0 0.046875 0 0.05468797 1 0.05468797 1 0.046875 1 0.625 0.08796697 0.625 0.07271498 0.375 0.07271498 0.375 0.08796697 0.375 0.09845697 0.625 0.09845697 0.625 0.08796697 0.375 0.07271498 0.375 0.08796697 0.375 0.651543 0.375 0.662028 0.625 0.662028 0.375 0.662028 0.375 0.677285 0.625 0.662028 0.375 0.677285 0.625 0.677285 0.625 0.662028 0.539062 0 0.539062 1 0.537489 1 0.460938 1 0.460938 0 0.462511 0 0.546875 1 0.546875 0 0.540221 0 0.453125 1 0.459778 1 0.459778 0 0.539062 0 0.540221 0 0.546875 0 0.546875 0 0.546875 0 0.539062 0 0.539062 1 0.539062 1 0.546875 1 0.546875 1 0.546875 1 0.539062 1 0.460938 0 0.453125 0 0.460938 0 0.453125 0 0.453125 0 0.460938 0 0.460938 1 0.459778 1 0.453125 1 0.453125 1 0.453125 1 0.460938 1 0.625 0.08147197 0.625 0.066217 0.375 0.066217 0.375 0.08147197 0.375 0.09195995 0.625 0.09195995 0.625 0.08147197 0.375 0.066217 0.375 0.08147197 0.375 0.658041 0.375 0.668524 0.625 0.668524 0.375 0.668524 0.375 0.683783 0.625 0.668524 0.375 0.683783 0.625 0.683783 0.625 0.668524 0.289062 1 0.287488 1 0.287488 0 0.210938 0 0.212511 0 0.212511 1 0.296875 0 0.290221 0 0.290221 1 0.203125 1 0.209778 1 0.209778 0 0.290221 0 0.296875 0 0.289062 0 0.296875 0 0.296875 0 0.289062 0 0.289062 1 0.289062 1 0.296875 1 0.296875 1 0.296875 1 0.289062 1 0.210938 0 0.203125 0 0.210938 0 0.203125 0 0.203125 0 0.210938 0 0.210938 1 0.209778 1 0.203125 1 0.203125 1 0.203125 1 0.210938 1 0.625 0.159952 0.375 0.159952 0.375 0.171149 0.375 0.171149 0.375 0.185703 0.625 0.185703 0.625 0.171149 0.625 0.159952 0.375 0.171149 0.625 0.564222 0.375 0.564222 0.375 0.58018 0.375 0.58018 0.375 0.589956 0.625 0.589956 0.625 0.58018 0.625 0.564222 0.375 0.58018 0.789062 0 0.789062 1 0.787561 1 0.710938 1 0.710938 0 0.712584 0 0.796875 1 0.796875 0 0.7903 0 0.703125 1 0.709857 1 0.709857 0 0.7903 0 0.796875 0 0.789062 0 0.796875 0 0.796875 0 0.789062 0 0.789062 1 0.789062 1 0.796875 1 0.796875 1 0.796875 1 0.789062 1 0.710938 0 0.703125 0 0.710938 0 0.703125 0 0.703125 0 0.710938 0 0.710938 1 0.709857 1 0.703125 1 0.703125 1 0.703125 1 0.710938 1 0.625 0.159903 0.375 0.159903 0.375 0.170394 0.375 0.170394 0.375 0.1856459 0.625 0.1856459 0.625 0.170394 0.625 0.159903 0.375 0.170394 0.625 0.564354 0.375 0.564354 0.375 0.57961 0.375 0.57961 0.375 0.590097 0.625 0.590097 0.625 0.57961 0.625 0.564354 0.375 0.57961 0.960938 0 0.962511 0 0.962511 1 0.03906196 1 0.03748899 1 0.03748899 0 0.953125 1 0.959778 1 0.959778 0 0.046875 0 0.04022198 0 0.04022198 1 0.960938 0 0.953125 0 0.960938 0 0.953125 0 0.953125 0 0.960938 0 0.960938 1 0.959778 1 0.953125 1 0.953125 1 0.953125 1 0.960938 1 0.04022198 0 0.046875 0 0.03906196 0 0.046875 0 0.046875 0 0.03906196 0 0.03906196 1 0.03906196 1 0.046875 1 0.046875 1 0.046875 1 0.03906196 1</float_array>
          <technique_common>
            <accessor source="#Cylinder_001_Cylinder_002-mesh-map-0-array" count="2352" stride="2">
              <param name="S" type="float"/>
              <param name="T" type="float"/>
            </accessor>
          </technique_common>
        </source>
        <vertices id="Cylinder_001_Cylinder_002-mesh-vertices">
          <input semantic="POSITION" source="#Cylinder_001_Cylinder_002-mesh-positions"/>
        </vertices>
        <triangles material="None-material" count="784">
          <input semantic="VERTEX" source="#Cylinder_001_Cylinder_002-mesh-vertices" offset="0"/>
          <input semantic="NORMAL" source="#Cylinder_001_Cylinder_002-mesh-normals" offset="1"/>
          <input semantic="TEXCOORD" source="#Cylinder_001_Cylinder_002-mesh-map-0" offset="2" set="0"/>
          <p>1 0 0 3 1 1 0 2 2 2 3 3 5 4 4 3 5 5 4 6 6 7 6 7 5 7 8 6 8 9 9 9 10 7 10 11 8 11 12 11 12 13 9 13 14 10 14 15 13 15 16 11 16 17 12 17 18 15 17 19 13 18 20 14 19 21 17 20 22 15 21 23 16 22 24 19 22 25 17 23 26 18 24 27 21 24 28 19 24 29 20 25 30 23 25 31 21 26 32 22 27 33 25 28 34 23 29 35 24 30 36 27 31 37 25 32 38 26 33 39 29 33 40 27 34 41 28 35 42 31 35 43 29 36 44 30 37 45 33 37 46 31 38 47 32 39 48 35 40 49 33 41 50 34 42 51 37 42 52 35 42 53 36 43 54 39 44 55 37 45 56 38 46 57 41 47 58 39 48 59 40 49 60 43 50 61 41 51 62 42 52 63 45 53 64 43 54 65 47 55 66 49 55 67 46 55 68 48 56 69 51 57 70 49 58 71 50 59 72 53 60 73 51 61 74 52 62 75 55 62 76 53 63 77 54 64 78 57 64 79 55 65 80 56 66 81 59 66 82 57 67 83 58 68 84 61 69 85 59 69 86 60 70 87 63 70 88 61 71 89 62 72 90 65 72 91 63 73 92 64 74 93 67 75 94 65 75 95 66 76 96 69 77 97 67 78 98 68 79 99 71 79 100 69 80 101 70 81 102 73 81 103 71 81 104 72 82 105 75 82 106 73 83 107 74 84 108 77 84 109 75 85 110 76 86 111 79 87 112 77 88 113 78 89 114 81 89 115 79 90 116 80 91 117 83 91 118 81 92 119 82 93 120 85 93 121 83 94 122 84 95 123 87 96 124 85 97 125 86 98 126 89 99 127 87 100 128 88 101 129 91 102 130 89 103 131 93 104 132 95 105 133 92 106 134 94 107 135 97 107 136 95 107 137 96 108 138 99 109 139 97 110 140 98 111 141 101 111 142 99 112 143 100 113 144 103 113 145 101 113 146 102 114 147 105 114 148 103 115 149 104 116 150 107 116 151 105 117 152 106 118 153 109 119 154 107 120 155 108 121 156 111 121 157 109 122 158 110 123 159 113 124 160 111 125 161 112 126 162 115 126 163 113 126 164 114 127 165 117 127 166 115 128 167 116 129 168 119 129 169 117 130 170 118 131 171 121 131 172 119 132 173 120 133 174 123 133 175 121 133 176 122 134 177 125 134 178 123 135 179 124 136 180 127 137 181 125 138 182 126 139 183 129 139 184 127 139 185 128 140 186 131 141 187 129 142 188 130 143 189 133 144 190 131 145 191 132 146 192 135 147 193 133 148 194 134 149 195 137 149 196 135 149 197 139 150 198 141 150 199 138 150 200 140 151 201 143 151 202 141 152 203 142 153 204 145 154 205 143 155 206 144 156 207 147 157 208 145 158 209 146 159 210 149 159 211 147 159 212 148 160 213 151 161 214 149 162 215 150 163 216 153 163 217 151 164 218 152 165 219 155 165 220 153 166 221 154 167 222 157 167 223 155 168 224 156 169 225 159 170 226 157 171 227 158 172 228 161 173 229 159 174 230 160 175 231 163 176 232 161 177 233 162 178 234 165 179 235 163 180 236 164 181 237 167 182 238 165 183 239 166 184 240 169 184 241 167 185 242 168 186 243 171 187 244 169 188 245 170 189 246 173 189 247 171 190 248 172 191 249 175 191 250 173 192 251 174 193 252 177 193 253 175 194 254 176 195 255 179 196 256 177 197 257 178 198 258 181 198 259 179 198 260 180 199 261 183 200 262 181 201 263 185 202 264 187 202 265 184 203 266 188 204 267 186 204 268 185 204 269 190 205 270 189 206 271 188 207 272 192 208 273 191 209 274 190 210 275 194 211 276 193 212 277 192 213 278 196 214 279 195 215 280 194 216 281 198 217 282 197 217 283 196 218 284 200 219 285 199 220 286 198 221 287 202 222 288 201 222 289 200 223 290 204 224 291 203 225 292 202 226 293 206 227 294 205 227 295 204 228 296 208 229 297 207 229 298 206 230 299 210 231 300 209 232 301 208 231 302 212 233 303 211 233 304 210 233 305 214 234 306 213 234 307 212 234 308 216 235 309 215 235 310 214 236 311 218 237 312 217 238 313 216 239 314 220 240 315 219 240 316 218 241 317 222 242 318 221 243 319 220 244 320 224 245 321 223 246 322 222 247 323 227 248 324 229 249 325 226 250 326 230 251 327 228 252 328 227 253 329 232 254 330 231 254 331 230 255 332 234 256 333 233 257 334 232 258 335 236 259 336 235 260 337 234 261 338 238 262 339 237 262 340 236 262 341 240 263 342 239 264 343 238 265 344 242 266 345 241 266 346 240 267 347 244 268 348 243 268 349 242 269 350 246 270 351 245 271 352 244 272 353 248 273 354 247 274 355 246 275 356 250 276 357 249 277 358 248 278 359 252 279 360 251 279 361 250 280 362 254 281 363 253 281 364 252 281 365 256 282 366 255 283 367 254 284 368 258 285 369 257 286 370 256 287 371 260 288 372 259 289 373 258 290 374 262 291 375 261 291 376 260 291 377 264 292 378 263 293 379 262 294 380 266 295 381 265 296 382 264 297 383 269 298 384 271 298 385 268 299 386 272 300 387 270 300 388 269 301 389 274 302 390 273 302 391 272 302 392 276 303 393 275 304 394 274 305 395 278 306 396 277 307 397 276 308 398 280 309 399 279 310 400 278 311 401 282 312 402 281 312 403 280 313 404 284 314 405 283 315 406 282 316 407 286 317 408 285 317 409 284 318 410 288 319 411 287 320 412 286 321 413 290 322 414 289 323 415 288 324 416 292 325 417 291 325 418 290 326 419 294 327 420 293 328 421 292 329 422 296 330 423 295 330 424 294 330 425 298 331 426 297 331 427 296 331 428 300 332 429 299 332 430 298 333 431 302 334 432 301 335 433 300 336 434 304 337 435 303 337 436 302 338 437 306 339 438 305 340 439 304 341 440 308 342 441 307 342 442 306 343 443 311 344 444 313 344 445 310 345 446 314 346 447 312 347 448 311 348 449 316 349 450 315 349 451 314 350 452 318 351 453 317 352 454 316 353 455 320 354 456 319 354 457 318 355 458 322 356 459 321 357 460 320 358 461 324 359 462 323 359 463 322 360 464 326 361 465 325 362 466 324 363 467 328 364 468 327 364 469 326 365 470 330 366 471 329 367 472 328 368 473 332 369 474 331 370 475 330 369 476 334 371 477 333 372 478 332 373 479 336 374 480 335 375 481 334 376 482 338 377 483 337 377 484 336 378 485 340 379 486 339 379 487 338 380 488 342 381 489 341 382 490 340 383 491 344 384 492 343 385 493 342 386 494 346 387 495 345 387 496 344 388 497 348 389 498 347 389 499 346 390 500 350 391 501 349 391 502 348 392 503 5 393 504 184 393 505 3 393 506 4 394 507 187 394 508 186 394 509 7 393 510 185 393 511 5 393 512 6 394 513 186 394 514 189 394 515 9 393 516 188 393 517 7 393 518 8 394 519 189 394 520 191 394 521 9 393 522 192 393 523 190 393 524 8 394 525 193 394 526 10 394 527 13 393 528 192 393 529 11 393 530 12 394 531 193 394 532 195 394 533 13 393 534 196 393 535 194 393 536 12 394 537 197 394 538 14 394 539 15 393 540 198 393 541 196 393 542 14 394 543 199 394 544 16 394 545 19 393 546 198 393 547 17 393 548 18 394 549 199 394 550 201 394 551 19 393 552 202 393 553 200 393 554 18 394 555 203 394 556 20 394 557 23 393 558 202 393 559 21 393 560 22 394 561 203 394 562 205 394 563 23 393 564 206 393 565 204 393 566 22 394 567 207 394 568 24 394 569 27 393 570 206 393 571 25 393 572 26 394 573 207 394 574 209 394 575 27 393 576 210 393 577 208 393 578 26 394 579 211 394 580 28 394 581 31 393 582 210 393 583 29 393 584 30 394 585 211 394 586 213 394 587 33 393 588 212 393 589 31 393 590 32 394 591 213 394 592 215 394 593 33 393 594 216 393 595 214 393 596 32 394 597 217 394 598 34 394 599 37 393 600 216 393 601 35 393 602 36 394 603 217 394 604 219 394 605 37 393 606 220 393 607 218 393 608 36 394 609 221 394 610 38 394 611 39 393 612 222 393 613 220 393 614 38 394 615 223 394 616 40 394 617 41 393 618 224 393 619 222 393 620 40 394 621 225 394 622 42 394 623 51 393 624 226 393 625 49 393 626 50 394 627 229 394 628 228 394 629 53 393 630 227 393 631 51 393 632 52 394 633 228 394 634 231 394 635 55 393 636 230 393 637 53 393 638 54 394 639 231 394 640 233 394 641 55 393 642 234 393 643 232 393 644 54 394 645 235 394 646 56 394 647 59 393 648 234 393 649 57 393 650 58 394 651 235 394 652 237 394 653 59 393 654 238 393 655 236 393 656 58 394 657 239 394 658 60 394 659 61 393 660 240 393 661 238 393 662 60 394 663 241 394 664 62 394 665 65 393 666 240 393 667 63 393 668 64 394 669 241 394 670 243 394 671 65 393 672 244 393 673 242 393 674 64 394 675 245 394 676 66 394 677 69 393 678 244 393 679 67 393 680 68 394 681 245 394 682 247 394 683 69 393 684 248 393 685 246 393 686 68 394 687 249 394 688 70 394 689 73 393 690 248 393 691 71 393 692 72 394 693 249 394 694 251 394 695 73 393 696 252 393 697 250 393 698 72 394 699 253 394 700 74 394 701 77 393 702 252 393 703 75 393 704 76 394 705 253 394 706 255 394 707 77 393 708 256 393 709 254 393 710 76 394 711 257 394 712 78 394 713 79 393 714 258 393 715 256 393 716 78 394 717 259 394 718 80 394 719 83 393 720 258 393 721 81 393 722 82 394 723 259 394 724 261 394 725 83 393 726 262 393 727 260 393 728 82 394 729 263 394 730 84 394 731 85 393 732 264 393 733 262 393 734 84 394 735 265 394 736 86 394 737 87 393 738 266 393 739 264 393 740 86 394 741 267 394 742 88 394 743 97 393 744 268 393 745 95 393 746 96 394 747 271 394 748 270 394 749 99 393 750 269 393 751 97 393 752 98 394 753 270 394 754 273 394 755 101 393 756 272 393 757 99 393 758 100 394 759 273 394 760 275 394 761 101 393 762 276 393 763 274 393 764 100 394 765 277 394 766 102 394 767 105 393 768 276 393 769 103 393 770 104 394 771 277 394 772 279 394 773 105 393 774 280 393 775 278 393 776 104 394 777 281 394 778 106 394 779 107 393 780 282 393 781 280 393 782 106 394 783 283 394 784 108 394 785 111 393 786 282 393 787 109 393 788 110 394 789 283 394 790 285 394 791 111 393 792 286 393 793 284 393 794 110 394 795 287 394 796 112 394 797 115 393 798 286 393 799 113 393 800 114 394 801 287 394 802 289 394 803 117 393 804 288 393 805 115 393 806 116 394 807 289 394 808 291 394 809 119 393 810 290 393 811 117 393 812 118 394 813 291 394 814 293 394 815 119 393 816 294 393 817 292 393 818 118 394 819 295 394 820 120 394 821 123 393 822 294 393 823 121 393 824 122 394 825 295 394 826 297 394 827 123 393 828 298 393 829 296 393 830 122 394 831 299 394 832 124 394 833 125 393 834 300 393 835 298 393 836 124 394 837 301 394 838 126 394 839 127 393 840 302 393 841 300 393 842 126 394 843 303 394 844 128 394 845 131 393 846 302 393 847 129 393 848 130 394 849 303 394 850 305 394 851 131 393 852 306 393 853 304 393 854 130 394 855 307 394 856 132 394 857 133 393 858 308 393 859 306 393 860 132 394 861 309 394 862 134 394 863 143 393 864 310 393 865 141 393 866 142 394 867 313 394 868 312 394 869 145 393 870 311 393 871 143 393 872 144 394 873 312 394 874 315 394 875 147 393 876 314 393 877 145 393 878 146 394 879 315 394 880 317 394 881 147 393 882 318 393 883 316 393 884 146 394 885 319 394 886 148 394 887 151 393 888 318 393 889 149 393 890 150 394 891 319 394 892 321 394 893 153 393 894 320 393 895 151 393 896 152 394 897 321 394 898 323 394 899 153 393 900 324 393 901 322 393 902 152 394 903 325 394 904 154 394 905 157 393 906 324 393 907 155 393 908 156 394 909 325 394 910 327 394 911 157 393 912 328 393 913 326 393 914 156 394 915 329 394 916 158 394 917 161 393 918 328 393 919 159 393 920 160 394 921 329 394 922 331 394 923 161 393 924 332 393 925 330 393 926 160 394 927 333 394 928 162 394 929 165 393 930 332 393 931 163 393 932 164 394 933 333 394 934 335 394 935 165 393 936 336 393 937 334 393 938 164 394 939 337 394 940 166 394 941 169 393 942 336 393 943 167 393 944 168 394 945 337 394 946 339 394 947 171 393 948 338 393 949 169 393 950 170 394 951 339 394 952 341 394 953 171 393 954 342 393 955 340 393 956 170 394 957 343 394 958 172 394 959 175 393 960 342 393 961 173 393 962 174 394 963 343 394 964 345 394 965 175 393 966 346 393 967 344 393 968 174 394 969 347 394 970 176 394 971 177 393 972 348 393 973 346 393 974 176 394 975 349 394 976 178 394 977 179 393 978 350 393 979 348 393 980 178 394 981 351 394 982 180 394 983 354 395 984 356 395 985 357 395 986 361 396 987 362 396 988 363 396 989 91 397 990 360 398 991 359 399 992 93 400 993 353 401 994 352 402 995 267 403 996 363 403 997 362 404 998 271 405 999 355 406 1000 268 407 1001 89 393 1002 91 393 1003 358 393 1004 267 394 1005 362 394 1006 361 394 1007 358 393 1008 91 393 1009 359 393 1010 360 394 1011 90 394 1012 361 394 1013 92 393 1014 354 393 1015 353 393 1016 357 394 1017 93 394 1018 352 394 1019 268 393 1020 355 393 1021 354 393 1022 94 394 1023 93 394 1024 357 394 1025 366 408 1026 368 408 1027 369 408 1028 373 409 1029 374 409 1030 375 409 1031 136 410 1032 371 410 1033 137 411 1034 138 412 1035 364 413 1036 139 414 1037 308 415 1038 374 415 1039 309 416 1040 313 417 1041 367 417 1042 310 418 1043 135 393 1044 137 393 1045 370 393 1046 309 394 1047 374 394 1048 373 394 1049 370 393 1050 137 393 1051 371 393 1052 136 394 1053 373 394 1054 372 394 1055 138 393 1056 366 393 1057 365 393 1058 139 394 1059 364 394 1060 369 394 1061 310 393 1062 367 393 1063 366 393 1064 140 394 1065 139 394 1066 369 394 1067 377 408 1068 379 408 1069 380 408 1070 383 409 1071 385 409 1072 386 409 1073 45 419 1074 379 420 1075 378 421 1076 47 422 1077 382 423 1078 387 424 1079 225 425 1080 376 426 1081 381 427 1082 229 428 1083 384 429 1084 226 430 1085 43 393 1086 45 393 1087 377 393 1088 225 394 1089 381 394 1090 380 394 1091 377 393 1092 45 393 1093 378 393 1094 379 394 1095 44 394 1096 380 394 1097 46 393 1098 383 393 1099 382 393 1100 47 394 1101 387 394 1102 386 394 1103 226 393 1104 384 393 1105 383 393 1106 48 394 1107 47 394 1108 386 394 1109 389 395 1110 391 395 1111 392 395 1112 395 396 1113 397 396 1114 398 396 1115 0 431 1116 399 432 1117 1 433 1118 182 434 1119 390 435 1120 183 436 1121 187 437 1122 396 438 1123 184 439 1124 350 440 1125 393 441 1126 351 442 1127 394 393 1128 0 393 1129 395 393 1130 1 394 1131 399 394 1132 398 394 1133 184 393 1134 396 393 1135 395 393 1136 2 394 1137 1 394 1138 398 394 1139 181 393 1140 183 393 1141 389 393 1142 351 394 1143 393 394 1144 392 394 1145 389 393 1146 183 393 1147 390 393 1148 391 394 1149 182 394 1150 392 394 1151 1 0 1152 2 443 1153 3 1 1154 2 3 1155 4 444 1156 5 4 1157 4 6 1158 6 7 1159 7 6 1160 6 8 1161 8 445 1162 9 9 1163 8 11 1164 10 446 1165 11 12 1166 10 14 1167 12 447 1168 13 15 1169 12 17 1170 14 18 1171 15 17 1172 14 19 1173 16 448 1174 17 20 1175 16 22 1176 18 23 1177 19 22 1178 18 24 1179 20 24 1180 21 24 1181 20 25 1182 22 26 1183 23 25 1184 22 27 1185 24 449 1186 25 28 1187 24 30 1188 26 450 1189 27 31 1190 26 33 1191 28 34 1192 29 33 1193 28 35 1194 30 36 1195 31 35 1196 30 37 1197 32 38 1198 33 37 1199 32 39 1200 34 451 1201 35 40 1202 34 42 1203 36 42 1204 37 42 1205 36 43 1206 38 452 1207 39 44 1208 38 46 1209 40 453 1210 41 47 1211 40 49 1212 42 454 1213 43 50 1214 42 52 1215 44 52 1216 45 53 1217 47 55 1218 48 55 1219 49 55 1220 48 56 1221 50 455 1222 51 57 1223 50 59 1224 52 456 1225 53 60 1226 52 62 1227 54 63 1228 55 62 1229 54 64 1230 56 65 1231 57 64 1232 56 66 1233 58 67 1234 59 66 1235 58 68 1236 60 457 1237 61 69 1238 60 70 1239 62 71 1240 63 70 1241 62 72 1242 64 73 1243 65 72 1244 64 74 1245 66 458 1246 67 75 1247 66 76 1248 68 459 1249 69 77 1250 68 79 1251 70 80 1252 71 79 1253 70 81 1254 72 81 1255 73 81 1256 72 82 1257 74 83 1258 75 82 1259 74 84 1260 76 85 1261 77 84 1262 76 86 1263 78 460 1264 79 87 1265 78 89 1266 80 90 1267 81 89 1268 80 91 1269 82 92 1270 83 91 1271 82 93 1272 84 94 1273 85 93 1274 84 95 1275 86 461 1276 87 96 1277 86 98 1278 88 462 1279 89 99 1280 88 101 1281 90 463 1282 91 102 1283 93 104 1284 94 464 1285 95 105 1286 94 107 1287 96 107 1288 97 107 1289 96 108 1290 98 465 1291 99 109 1292 98 111 1293 100 112 1294 101 111 1295 100 113 1296 102 113 1297 103 113 1298 102 114 1299 104 115 1300 105 114 1301 104 116 1302 106 117 1303 107 116 1304 106 118 1305 108 466 1306 109 119 1307 108 121 1308 110 122 1309 111 121 1310 110 123 1311 112 467 1312 113 124 1313 112 126 1314 114 126 1315 115 126 1316 114 127 1317 116 128 1318 117 127 1319 116 129 1320 118 130 1321 119 129 1322 118 131 1323 120 132 1324 121 131 1325 120 133 1326 122 133 1327 123 133 1328 122 134 1329 124 135 1330 125 134 1331 124 136 1332 126 468 1333 127 137 1334 126 139 1335 128 139 1336 129 139 1337 128 140 1338 130 469 1339 131 141 1340 130 143 1341 132 470 1342 133 144 1343 132 146 1344 134 471 1345 135 147 1346 134 149 1347 136 149 1348 137 149 1349 139 150 1350 140 150 1351 141 150 1352 140 151 1353 142 152 1354 143 151 1355 142 153 1356 144 472 1357 145 154 1358 144 156 1359 146 473 1360 147 157 1361 146 159 1362 148 159 1363 149 159 1364 148 160 1365 150 474 1366 151 161 1367 150 163 1368 152 164 1369 153 163 1370 152 165 1371 154 166 1372 155 165 1373 154 167 1374 156 168 1375 157 167 1376 156 169 1377 158 475 1378 159 170 1379 158 172 1380 160 476 1381 161 173 1382 160 175 1383 162 477 1384 163 176 1385 162 178 1386 164 478 1387 165 179 1388 164 181 1389 166 479 1390 167 182 1391 166 184 1392 168 185 1393 169 184 1394 168 186 1395 170 480 1396 171 187 1397 170 189 1398 172 190 1399 173 189 1400 172 191 1401 174 192 1402 175 191 1403 174 193 1404 176 194 1405 177 193 1406 176 195 1407 178 481 1408 179 196 1409 178 198 1410 180 198 1411 181 198 1412 180 199 1413 182 482 1414 183 200 1415 185 202 1416 186 203 1417 187 202 1418 188 204 1419 189 204 1420 186 204 1421 190 205 1422 191 483 1423 189 206 1424 192 208 1425 193 484 1426 191 209 1427 194 211 1428 195 485 1429 193 212 1430 196 214 1431 197 486 1432 195 215 1433 198 217 1434 199 218 1435 197 217 1436 200 219 1437 201 487 1438 199 220 1439 202 222 1440 203 223 1441 201 222 1442 204 224 1443 205 488 1444 203 225 1445 206 227 1446 207 228 1447 205 227 1448 208 229 1449 209 230 1450 207 229 1451 210 231 1452 211 489 1453 209 232 1454 212 233 1455 213 233 1456 211 233 1457 214 234 1458 215 234 1459 213 234 1460 216 235 1461 217 236 1462 215 235 1463 218 237 1464 219 490 1465 217 238 1466 220 240 1467 221 241 1468 219 240 1469 222 242 1470 223 491 1471 221 243 1472 224 245 1473 225 246 1474 223 246 1475 227 248 1476 228 249 1477 229 249 1478 230 251 1479 231 492 1480 228 252 1481 232 254 1482 233 255 1483 231 254 1484 234 256 1485 235 493 1486 233 257 1487 236 259 1488 237 494 1489 235 260 1490 238 262 1491 239 262 1492 237 262 1493 240 263 1494 241 495 1495 239 264 1496 242 266 1497 243 267 1498 241 266 1499 244 268 1500 245 269 1501 243 268 1502 246 270 1503 247 496 1504 245 271 1505 248 273 1506 249 497 1507 247 274 1508 250 276 1509 251 498 1510 249 277 1511 252 279 1512 253 280 1513 251 279 1514 254 281 1515 255 281 1516 253 281 1517 256 282 1518 257 499 1519 255 283 1520 258 285 1521 259 500 1522 257 286 1523 260 288 1524 261 501 1525 259 289 1526 262 291 1527 263 291 1528 261 291 1529 264 292 1530 265 502 1531 263 293 1532 266 295 1533 267 503 1534 265 296 1535 269 298 1536 270 299 1537 271 298 1538 272 300 1539 273 301 1540 270 300 1541 274 302 1542 275 302 1543 273 302 1544 276 303 1545 277 504 1546 275 304 1547 278 306 1548 279 505 1549 277 307 1550 280 309 1551 281 506 1552 279 310 1553 282 312 1554 283 313 1555 281 312 1556 284 314 1557 285 507 1558 283 315 1559 286 317 1560 287 318 1561 285 317 1562 288 319 1563 289 508 1564 287 320 1565 290 322 1566 291 509 1567 289 323 1568 292 325 1569 293 326 1570 291 325 1571 294 327 1572 295 510 1573 293 328 1574 296 330 1575 297 330 1576 295 330 1577 298 331 1578 299 331 1579 297 331 1580 300 332 1581 301 333 1582 299 332 1583 302 334 1584 303 511 1585 301 335 1586 304 337 1587 305 338 1588 303 337 1589 306 339 1590 307 340 1591 305 340 1592 308 342 1593 309 343 1594 307 342 1595 311 344 1596 312 345 1597 313 344 1598 314 346 1599 315 512 1600 312 347 1601 316 349 1602 317 350 1603 315 349 1604 318 351 1605 319 513 1606 317 352 1607 320 354 1608 321 355 1609 319 354 1610 322 356 1611 323 514 1612 321 357 1613 324 359 1614 325 360 1615 323 359 1616 326 361 1617 327 362 1618 325 362 1619 328 364 1620 329 365 1621 327 364 1622 330 366 1623 331 515 1624 329 367 1625 332 369 1626 333 516 1627 331 370 1628 334 371 1629 335 517 1630 333 372 1631 336 374 1632 337 518 1633 335 375 1634 338 377 1635 339 378 1636 337 377 1637 340 379 1638 341 380 1639 339 379 1640 342 381 1641 343 519 1642 341 382 1643 344 384 1644 345 520 1645 343 385 1646 346 387 1647 347 388 1648 345 387 1649 348 389 1650 349 390 1651 347 389 1652 350 391 1653 351 392 1654 349 391 1655 5 393 1656 185 393 1657 184 393 1658 4 394 1659 2 394 1660 187 394 1661 7 393 1662 188 393 1663 185 393 1664 6 394 1665 4 394 1666 186 394 1667 9 393 1668 190 393 1669 188 393 1670 8 394 1671 6 394 1672 189 394 1673 9 393 1674 11 393 1675 192 393 1676 8 394 1677 191 394 1678 193 394 1679 13 393 1680 194 393 1681 192 393 1682 12 394 1683 10 394 1684 193 394 1685 13 393 1686 15 393 1687 196 393 1688 12 394 1689 195 394 1690 197 394 1691 15 393 1692 17 393 1693 198 393 1694 14 394 1695 197 394 1696 199 394 1697 19 393 1698 200 393 1699 198 393 1700 18 394 1701 16 394 1702 199 394 1703 19 393 1704 21 393 1705 202 393 1706 18 394 1707 201 394 1708 203 394 1709 23 393 1710 204 393 1711 202 393 1712 22 394 1713 20 394 1714 203 394 1715 23 393 1716 25 393 1717 206 393 1718 22 394 1719 205 394 1720 207 394 1721 27 393 1722 208 393 1723 206 393 1724 26 394 1725 24 394 1726 207 394 1727 27 393 1728 29 393 1729 210 393 1730 26 394 1731 209 394 1732 211 394 1733 31 393 1734 212 393 1735 210 393 1736 30 394 1737 28 394 1738 211 394 1739 33 393 1740 214 393 1741 212 393 1742 32 394 1743 30 394 1744 213 394 1745 33 393 1746 35 393 1747 216 393 1748 32 394 1749 215 394 1750 217 394 1751 37 393 1752 218 393 1753 216 393 1754 36 394 1755 34 394 1756 217 394 1757 37 393 1758 39 393 1759 220 393 1760 36 394 1761 219 394 1762 221 394 1763 39 393 1764 41 393 1765 222 393 1766 38 394 1767 221 394 1768 223 394 1769 41 393 1770 43 393 1771 224 393 1772 40 394 1773 223 394 1774 225 394 1775 51 393 1776 227 393 1777 226 393 1778 50 394 1779 48 394 1780 229 394 1781 53 393 1782 230 393 1783 227 393 1784 52 394 1785 50 394 1786 228 394 1787 55 393 1788 232 393 1789 230 393 1790 54 394 1791 52 394 1792 231 394 1793 55 393 1794 57 393 1795 234 393 1796 54 394 1797 233 394 1798 235 394 1799 59 393 1800 236 393 1801 234 393 1802 58 394 1803 56 394 1804 235 394 1805 59 393 1806 61 393 1807 238 393 1808 58 394 1809 237 394 1810 239 394 1811 61 393 1812 63 393 1813 240 393 1814 60 394 1815 239 394 1816 241 394 1817 65 393 1818 242 393 1819 240 393 1820 64 394 1821 62 394 1822 241 394 1823 65 393 1824 67 393 1825 244 393 1826 64 394 1827 243 394 1828 245 394 1829 69 393 1830 246 393 1831 244 393 1832 68 394 1833 66 394 1834 245 394 1835 69 393 1836 71 393 1837 248 393 1838 68 394 1839 247 394 1840 249 394 1841 73 393 1842 250 393 1843 248 393 1844 72 394 1845 70 394 1846 249 394 1847 73 393 1848 75 393 1849 252 393 1850 72 394 1851 251 394 1852 253 394 1853 77 393 1854 254 393 1855 252 393 1856 76 394 1857 74 394 1858 253 394 1859 77 393 1860 79 393 1861 256 393 1862 76 394 1863 255 394 1864 257 394 1865 79 393 1866 81 393 1867 258 393 1868 78 394 1869 257 394 1870 259 394 1871 83 393 1872 260 393 1873 258 393 1874 82 394 1875 80 394 1876 259 394 1877 83 393 1878 85 393 1879 262 393 1880 82 394 1881 261 394 1882 263 394 1883 85 393 1884 87 393 1885 264 393 1886 84 394 1887 263 394 1888 265 394 1889 87 393 1890 89 393 1891 266 393 1892 86 394 1893 265 394 1894 267 394 1895 97 393 1896 269 393 1897 268 393 1898 96 394 1899 94 394 1900 271 394 1901 99 393 1902 272 393 1903 269 393 1904 98 394 1905 96 394 1906 270 394 1907 101 393 1908 274 393 1909 272 393 1910 100 394 1911 98 394 1912 273 394 1913 101 393 1914 103 393 1915 276 393 1916 100 394 1917 275 394 1918 277 394 1919 105 393 1920 278 393 1921 276 393 1922 104 394 1923 102 394 1924 277 394 1925 105 393 1926 107 393 1927 280 393 1928 104 394 1929 279 394 1930 281 394 1931 107 393 1932 109 393 1933 282 393 1934 106 394 1935 281 394 1936 283 394 1937 111 393 1938 284 393 1939 282 393 1940 110 394 1941 108 394 1942 283 394 1943 111 393 1944 113 393 1945 286 393 1946 110 394 1947 285 394 1948 287 394 1949 115 393 1950 288 393 1951 286 393 1952 114 394 1953 112 394 1954 287 394 1955 117 393 1956 290 393 1957 288 393 1958 116 394 1959 114 394 1960 289 394 1961 119 393 1962 292 393 1963 290 393 1964 118 394 1965 116 394 1966 291 394 1967 119 393 1968 121 393 1969 294 393 1970 118 394 1971 293 394 1972 295 394 1973 123 393 1974 296 393 1975 294 393 1976 122 394 1977 120 394 1978 295 394 1979 123 393 1980 125 393 1981 298 393 1982 122 394 1983 297 394 1984 299 394 1985 125 393 1986 127 393 1987 300 393 1988 124 394 1989 299 394 1990 301 394 1991 127 393 1992 129 393 1993 302 393 1994 126 394 1995 301 394 1996 303 394 1997 131 393 1998 304 393 1999 302 393 2000 130 394 2001 128 394 2002 303 394 2003 131 393 2004 133 393 2005 306 393 2006 130 394 2007 305 394 2008 307 394 2009 133 393 2010 135 393 2011 308 393 2012 132 394 2013 307 394 2014 309 394 2015 143 393 2016 311 393 2017 310 393 2018 142 394 2019 140 394 2020 313 394 2021 145 393 2022 314 393 2023 311 393 2024 144 394 2025 142 394 2026 312 394 2027 147 393 2028 316 393 2029 314 393 2030 146 394 2031 144 394 2032 315 394 2033 147 393 2034 149 393 2035 318 393 2036 146 394 2037 317 394 2038 319 394 2039 151 393 2040 320 393 2041 318 393 2042 150 394 2043 148 394 2044 319 394 2045 153 393 2046 322 393 2047 320 393 2048 152 394 2049 150 394 2050 321 394 2051 153 393 2052 155 393 2053 324 393 2054 152 394 2055 323 394 2056 325 394 2057 157 393 2058 326 393 2059 324 393 2060 156 394 2061 154 394 2062 325 394 2063 157 393 2064 159 393 2065 328 393 2066 156 394 2067 327 394 2068 329 394 2069 161 393 2070 330 393 2071 328 393 2072 160 394 2073 158 394 2074 329 394 2075 161 393 2076 163 393 2077 332 393 2078 160 394 2079 331 394 2080 333 394 2081 165 393 2082 334 393 2083 332 393 2084 164 394 2085 162 394 2086 333 394 2087 165 393 2088 167 393 2089 336 393 2090 164 394 2091 335 394 2092 337 394 2093 169 393 2094 338 393 2095 336 393 2096 168 394 2097 166 394 2098 337 394 2099 171 393 2100 340 393 2101 338 393 2102 170 394 2103 168 394 2104 339 394 2105 171 393 2106 173 393 2107 342 393 2108 170 394 2109 341 394 2110 343 394 2111 175 393 2112 344 393 2113 342 393 2114 174 394 2115 172 394 2116 343 394 2117 175 393 2118 177 393 2119 346 393 2120 174 394 2121 345 394 2122 347 394 2123 177 393 2124 179 393 2125 348 393 2126 176 394 2127 347 394 2128 349 394 2129 179 393 2130 181 393 2131 350 393 2132 178 394 2133 349 394 2134 351 394 2135 357 395 2136 352 395 2137 353 395 2138 354 395 2139 355 395 2140 356 395 2141 357 395 2142 353 395 2143 354 395 2144 363 396 2145 358 396 2146 361 396 2147 358 396 2148 359 396 2149 361 396 2150 359 396 2151 360 396 2152 361 396 2153 91 397 2154 90 521 2155 360 398 2156 93 400 2157 92 522 2158 353 401 2159 267 403 2160 266 404 2161 363 403 2162 271 405 2163 356 523 2164 355 406 2165 358 393 2166 363 393 2167 266 393 2168 266 393 2169 89 393 2170 358 393 2171 361 394 2172 90 394 2173 88 394 2174 88 394 2175 267 394 2176 361 394 2177 92 393 2178 95 393 2179 354 393 2180 95 393 2181 268 393 2182 354 393 2183 357 394 2184 356 394 2185 271 394 2186 271 394 2187 94 394 2188 357 394 2189 369 408 2190 364 408 2191 365 408 2192 366 408 2193 367 408 2194 368 408 2195 369 408 2196 365 408 2197 366 408 2198 375 409 2199 370 409 2200 373 409 2201 370 409 2202 371 409 2203 373 409 2204 371 409 2205 372 409 2206 373 409 2207 136 410 2208 372 411 2209 371 410 2210 138 412 2211 365 524 2212 364 413 2213 308 415 2214 375 416 2215 374 415 2216 313 417 2217 368 418 2218 367 417 2219 375 393 2220 308 393 2221 370 393 2222 308 393 2223 135 393 2224 370 393 2225 373 394 2226 136 394 2227 134 394 2228 134 394 2229 309 394 2230 373 394 2231 138 393 2232 141 393 2233 366 393 2234 141 393 2235 310 393 2236 366 393 2237 369 394 2238 368 394 2239 313 394 2240 313 394 2241 140 394 2242 369 394 2243 381 408 2244 376 408 2245 377 408 2246 377 408 2247 378 408 2248 379 408 2249 380 408 2250 381 408 2251 377 408 2252 387 409 2253 382 409 2254 383 409 2255 383 409 2256 384 409 2257 385 409 2258 386 409 2259 387 409 2260 383 409 2261 45 419 2262 44 420 2263 379 420 2264 47 422 2265 46 525 2266 382 423 2267 225 425 2268 224 526 2269 376 426 2270 229 428 2271 385 527 2272 384 429 2273 376 393 2274 224 393 2275 377 393 2276 224 393 2277 43 393 2278 377 393 2279 380 394 2280 44 394 2281 42 394 2282 42 394 2283 225 394 2284 380 394 2285 46 393 2286 49 393 2287 383 393 2288 49 393 2289 226 393 2290 383 393 2291 386 394 2292 385 394 2293 229 394 2294 229 394 2295 48 394 2296 386 394 2297 393 395 2298 388 395 2299 389 395 2300 389 395 2301 390 395 2302 391 395 2303 392 395 2304 393 395 2305 389 395 2306 399 396 2307 394 396 2308 395 396 2309 395 396 2310 396 396 2311 397 396 2312 398 396 2313 399 396 2314 395 396 2315 0 431 2316 394 528 2317 399 432 2318 182 434 2319 391 529 2320 390 435 2321 187 437 2322 397 530 2323 396 438 2324 350 440 2325 388 531 2326 393 441 2327 0 393 2328 3 393 2329 395 393 2330 3 393 2331 184 393 2332 395 393 2333 398 394 2334 397 394 2335 187 394 2336 187 394 2337 2 394 2338 398 394 2339 388 393 2340 350 393 2341 389 393 2342 350 393 2343 181 393 2344 389 393 2345 392 394 2346 182 394 2347 180 394 2348 180 394 2349 351 394 2350 392 394 2351</p>
        </triangles>
      </mesh>
    </geometry>
    <geometry id="Cylinder_Cylinder_001-mesh" name="Cylinder_Cylinder.001">
      <mesh>
        <source id="Cylinder_Cylinder_001-mesh-positions">
          <float_array id="Cylinder_Cylinder_001-mesh-positions-array" count="1368">0 -1 -5 0 1 -5 0.245338 1 -4.993977 0.245338 -1 -4.993977 0.490086 1 -4.975924 0.490086 -1 -4.975924 0.733652 1 -4.945883 0.733652 -1 -4.945883 0.975452 1 -4.903926 0.975452 -1 -4.903926 1.214901 1 -4.850156 1.214901 -1 -4.850156 1.451423 1 -4.784702 1.451423 -1 -4.784702 1.684449 1 -4.70772 1.684449 -1 -4.70772 1.913417 1 -4.619398 1.913417 -1 -4.619398 2.137775 1 -4.519947 2.137775 -1 -4.519947 2.356984 1 -4.409606 2.356984 -1 -4.409606 2.570514 1 -4.288643 2.570514 -1 -4.288643 2.777851 1 -4.157348 2.777851 -1 -4.157348 2.978497 1 -4.016037 2.978497 -1 -4.016037 4.157349 -1 -2.777851 4.157349 1 -2.777851 4.288644 1 -2.570513 4.288644 -1 -2.570513 4.409607 1 -2.356983 4.409607 -1 -2.356983 4.519947 1 -2.137774 4.519947 -1 -2.137774 4.619398 1 -1.913416 4.619398 -1 -1.913416 4.707721 1 -1.684448 4.707721 -1 -1.684448 4.784702 1 -1.451422 4.784702 -1 -1.451422 4.850157 1 -1.214899 4.850157 -1 -1.214899 4.903927 1 -0.97545 4.903927 -1 -0.97545 4.945883 1 -0.733651 4.945883 -1 -0.733651 4.975924 1 -0.490084 4.975924 -1 -0.490084 4.993977 1 -0.2453359 4.993977 -1 -0.2453359 5 1 2e-6 5 -1 2e-6 4.993977 1 0.24534 4.993977 -1 0.24534 4.975924 1 0.490088 4.975924 -1 0.490088 4.945882 1 0.733655 4.945882 -1 0.733655 4.903926 1 0.975454 4.903926 -1 0.975454 4.850156 1 1.214903 4.850156 -1 1.214903 4.784701 1 1.451426 4.784701 -1 1.451426 4.707719 1 1.684452 4.707719 -1 1.684452 4.619397 1 1.91342 4.619397 -1 1.91342 4.519945 1 2.137778 4.519945 -1 2.137778 4.409606 1 2.356985 4.409606 -1 2.356985 4.288642 1 2.570515 4.288642 -1 2.570515 4.157348 1 2.777852 4.157348 -1 2.777852 4.016037 1 2.978497 4.016037 -1 2.978497 2.978499 -1 4.016036 2.978499 1 4.016036 2.777854 1 4.157346 2.777854 -1 4.157346 2.570517 1 4.288641 2.570517 -1 4.288641 2.356987 1 4.409605 2.356987 -1 4.409605 2.13778 1 4.519945 2.13778 -1 4.519945 1.913422 1 4.619396 1.913422 -1 4.619396 1.684455 1 4.707718 1.684455 -1 4.707718 1.451429 1 4.7847 1.451429 -1 4.7847 1.214907 1 4.850154 1.214907 -1 4.850154 0.975459 1 4.903925 0.975459 -1 4.903925 0.73366 1 4.945881 0.73366 -1 4.945881 0.490094 1 4.975923 0.490094 -1 4.975923 0.245347 1 4.993977 0.245347 -1 4.993977 9e-6 1 5 9e-6 -1 5 -0.245329 1 4.993978 -0.245329 -1 4.993978 -0.490076 1 4.975924 -0.490076 -1 4.975924 -0.733642 1 4.945884 -0.733642 -1 4.945884 -0.975441 1 4.903929 -0.975441 -1 4.903929 -1.21489 1 4.850159 -1.21489 -1 4.850159 -1.451412 1 4.784705 -1.451412 -1 4.784705 -1.684437 1 4.707725 -1.684437 -1 4.707725 -1.913405 1 4.619402 -1.913405 -1 4.619402 -2.137763 1 4.519952 -2.137763 -1 4.519952 -2.356971 1 4.409613 -2.356971 -1 4.409613 -2.570501 1 4.288651 -2.570501 -1 4.288651 -2.777839 1 4.157356 -2.777839 -1 4.157356 -4.016028 -1 2.978509 -4.016028 1 2.978509 -4.157339 1 2.777864 -4.157339 -1 2.777864 -4.288636 1 2.570526 -4.288636 -1 2.570526 -4.4096 1 2.356996 -4.4096 -1 2.356996 -4.51994 1 2.137788 -4.51994 -1 2.137788 -4.619393 1 1.913429 -4.619393 -1 1.913429 -4.707716 1 1.684461 -4.707716 -1 1.684461 -4.784698 1 1.451434 -4.784698 -1 1.451434 -4.850153 1 1.214911 -4.850153 -1 1.214911 -4.903924 1 0.975461 -4.903924 -1 0.975461 -4.945881 1 0.733661 -4.945881 -1 0.733661 -4.975923 1 0.490094 -4.975923 -1 0.490094 -4.993977 1 0.245346 -4.993977 -1 0.245346 -5 1 7e-6 -5 -1 7e-6 -4.993978 1 -0.245332 -4.993978 -1 -0.245332 -4.975924 1 -0.49008 -4.975924 -1 -0.49008 -4.945883 1 -0.733647 -4.945883 -1 -0.733647 -4.903927 1 -0.975447 -4.903927 -1 -0.975447 -4.850157 1 -1.214897 -4.850157 -1 -1.214897 -4.784703 1 -1.451421 -4.784703 -1 -1.451421 -4.707721 1 -1.684447 -4.707721 -1 -1.684447 -4.619398 1 -1.913416 -4.619398 -1 -1.913416 -4.519947 1 -2.137775 -4.519947 -1 -2.137775 -4.409606 1 -2.356984 -4.409606 -1 -2.356984 -4.288643 1 -2.570514 -4.288643 -1 -2.570514 -4.157347 1 -2.777852 -4.157347 -1 -2.777852 -4.016037 1 -2.978498 -4.016037 -1 -2.978498 -2.978492 -1 -4.016041 -2.978492 1 -4.016041 -2.777846 1 -4.157352 -2.777846 -1 -4.157352 -2.570507 1 -4.288647 -2.570507 -1 -4.288647 -2.356977 1 -4.40961 -2.356977 -1 -4.40961 -2.137767 1 -4.51995 -2.137767 -1 -4.51995 -1.913408 1 -4.619401 -1.913408 -1 -4.619401 -1.68444 1 -4.707724 -1.68444 -1 -4.707724 -1.451413 1 -4.784705 -1.451413 -1 -4.784705 -1.21489 1 -4.850159 -1.21489 -1 -4.850159 -0.975439 1 -4.903929 -0.975439 -1 -4.903929 -0.733639 1 -4.945884 -0.733639 -1 -4.945884 -0.490072 1 -4.975925 -0.490072 -1 -4.975925 -0.245324 1 -4.993978 -0.245324 -1 -4.993978 0 -1 -4.8 0.23553 -1 -4.794221 0.23553 1 -4.794221 0 1 -4.8 0.470487 -1 -4.776888 0.470487 1 -4.776888 0.704312 -1 -4.74805 0.704312 1 -4.74805 0.936437 -1 -4.707772 0.936437 1 -4.707772 1.166309 -1 -4.65615 1.166309 1 -4.65615 1.393371 -1 -4.593314 1.393371 1 -4.593314 1.617077 -1 -4.519415 1.617077 1 -4.519415 1.836883 -1 -4.434627 1.836883 1 -4.434627 2.052269 -1 -4.339149 2.052269 1 -4.339149 2.262706 -1 -4.233228 2.262706 1 -4.233228 2.467697 -1 -4.117098 2.467697 1 -4.117098 2.666739 -1 -3.991059 2.666739 1 -3.991059 2.859358 -1 -3.8554 2.859358 1 -3.8554 3.991059 -1 -2.666739 4.117099 -1 -2.467696 4.117099 1 -2.467696 3.991059 1 -2.666739 4.233228 -1 -2.262705 4.233228 1 -2.262705 4.339149 -1 -2.052268 4.339149 1 -2.052268 4.434627 -1 -1.836882 4.434627 1 -1.836882 4.519415 -1 -1.617075 4.519415 1 -1.617075 4.593315 -1 -1.39337 4.593315 1 -1.39337 4.656151 -1 -1.166308 4.656151 1 -1.166308 4.707772 -1 -0.936435 4.707772 1 -0.936435 4.74805 -1 -0.70431 4.74805 1 -0.70431 4.776888 -1 -0.470485 4.776888 1 -0.470485 4.794221 -1 -0.235528 4.794221 1 -0.235528 4.8 -1 2e-6 4.8 1 2e-6 4.794221 -1 0.235532 4.794221 1 0.235532 4.776888 -1 0.470489 4.776888 1 0.470489 4.748049 -1 0.704314 4.748049 1 0.704314 4.707771 -1 0.936439 4.707771 1 0.936439 4.65615 -1 1.166312 4.65615 1 1.166312 4.593313 -1 1.393373 4.593313 1 1.393373 4.519414 -1 1.617079 4.519414 1 1.617079 4.434626 -1 1.836886 4.434626 1 1.836886 4.339148 -1 2.052271 4.339148 1 2.052271 4.233227 -1 2.262707 4.233227 1 2.262707 4.117098 -1 2.467698 4.117098 1 2.467698 3.991058 -1 2.66674 3.991058 1 2.66674 3.8554 -1 2.859359 3.8554 1 2.859359 2.666742 -1 3.991057 2.4677 -1 4.117096 2.4677 1 4.117096 2.666742 1 3.991057 2.262709 -1 4.233226 2.262709 1 4.233226 2.052273 -1 4.339147 2.052273 1 4.339147 1.836888 -1 4.434625 1.836888 1 4.434625 1.617082 -1 4.519413 1.617082 1 4.519413 1.393377 -1 4.593312 1.393377 1 4.593312 1.166316 -1 4.656148 1.166316 1 4.656148 0.936444 -1 4.70777 0.936444 1 4.70777 0.704319 -1 4.748048 0.704319 1 4.748048 0.470495 -1 4.776887 0.470495 1 4.776887 0.235538 -1 4.794221 0.235538 1 4.794221 9e-6 -1 4.8 9e-6 1 4.8 -0.23552 -1 4.794222 -0.23552 1 4.794222 -0.470477 -1 4.776889 -0.470477 1 4.776889 -0.704301 -1 4.748051 -0.704301 1 4.748051 -0.936426 -1 4.707774 -0.936426 1 4.707774 -1.166298 -1 4.656153 -1.166298 1 4.656153 -1.39336 -1 4.593318 -1.39336 1 4.593318 -1.617065 -1 4.519419 -1.617065 1 4.519419 -1.836871 -1 4.434631 -1.836871 1 4.434631 -2.052257 -1 4.339155 -2.052257 1 4.339155 -2.262693 -1 4.233234 -2.262693 1 4.233234 -2.467685 -1 4.117106 -2.467685 1 4.117106 -2.666727 -1 3.991067 -2.666727 1 3.991067 -3.855391 -1 2.859371 -3.99105 -1 2.666752 -3.99105 1 2.666752 -3.855391 1 2.859371 -4.117091 -1 2.46771 -4.117091 1 2.46771 -4.233221 -1 2.262718 -4.233221 1 2.262718 -4.339149 -1 2.052281 -4.339149 1 2.052281 -4.434622 -1 1.836895 -4.434622 1 1.836895 -4.519411 -1 1.617088 -4.519411 1 1.617088 -4.593311 -1 1.393382 -4.593311 1 1.393382 -4.656153 -1 1.16632 -4.656153 1 1.16632 -4.70777 -1 0.936446 -4.70777 1 0.936446 -4.748048 -1 0.704321 -4.748048 1 0.704321 -4.776887 -1 0.470495 -4.776887 1 0.470495 -4.794221 -1 0.2355369 -4.794221 1 0.2355369 -4.8 -1 7e-6 -4.8 1 7e-6 -4.794222 -1 -0.235523 -4.794222 1 -0.235523 -4.776888 -1 -0.470481 -4.776888 1 -0.470481 -4.74805 -1 -0.704307 -4.74805 1 -0.704307 -4.707773 -1 -0.936432 -4.707773 1 -0.936432 -4.656151 -1 -1.166306 -4.656151 1 -1.166306 -4.593315 -1 -1.393368 -4.593315 1 -1.393368 -4.519416 -1 -1.617075 -4.519416 1 -1.617075 -4.434627 -1 -1.836882 -4.434627 1 -1.836882 -4.339149 -1 -2.052268 -4.339149 1 -2.052268 -4.233228 -1 -2.262706 -4.233228 1 -2.262706 -4.117098 -1 -2.467697 -4.117098 1 -2.467697 -3.991058 -1 -2.66674 -3.991058 1 -2.66674 -2.859353 -1 -3.855404 -2.666734 -1 -3.991063 -2.666734 1 -3.991063 -2.859353 1 -3.855404 -2.46769 -1 -4.117102 -2.46769 1 -4.117102 -2.262699 -1 -4.233232 -2.262699 1 -4.233232 -2.052261 -1 -4.339152 -2.052261 1 -4.339152 -1.836874 -1 -4.43463 -1.836874 1 -4.43463 -1.617067 -1 -4.519418 -1.617067 1 -4.519418 -1.393361 -1 -4.593317 -1.393361 1 -4.593317 -1.166298 -1 -4.656153 -1.166298 1 -4.656153 -0.936425 -1 -4.707774 -0.936425 1 -4.707774 -0.704299 -1 -4.748051 -0.704299 1 -4.748051 -0.470473 -1 -4.776889 -0.470473 1 -4.776889 -0.2355149 -1 -4.794222 -0.2355149 1 -4.794222 -3.962258 1 3.047409 -3.962258 -1 3.047409 -3.81981 -1 2.904962 -3.81981 1 2.904962 -2.818867 1 3.883918 -2.818867 -1 3.883918 -2.962355 -1 4.027406 -2.962355 1 4.027406 3.838477 1 2.881044 3.838477 -1 2.881044 3.980924 -1 3.023491 3.980924 1 3.023491 2.843854 -1 3.86632 2.843854 1 3.86632 2.935231 1 3.957697 2.986964 1 4.00943 2.986964 -1 4.00943 2.935231 -1 3.957697 2.904962 1 -3.81981 2.904962 -1 -3.81981 3.04741 -1 -3.962257 3.04741 1 -3.962257 4.027406 -1 -2.962355 3.883918 -1 -2.818867 3.883918 1 -2.818867 4.027406 1 -2.962355 -2.8821 -1 -3.837652 -2.8821 1 -3.837652 -3.024547 1 -3.980099 -3.024547 -1 -3.980099 -3.867097 1 -2.842751 -3.867097 -1 -2.842751 -3.964972 -1 -2.940625 -4.010254 -1 -2.985908 -4.010254 1 -2.985908 -3.964972 1 -2.940625</float_array>
          <technique_common>
            <accessor source="#Cylinder_Cylinder_001-mesh-positions-array" count="456" stride="3">
              <param name="X" type="float"/>
              <param name="Y" type="float"/>
              <param name="Z" type="float"/>
            </accessor>
          </technique_common>
        </source>
        <source id="Cylinder_Cylinder_001-mesh-normals">
          <float_array id="Cylinder_Cylinder_001-mesh-normals-array" count="1932">0.02454048 0 -0.9996988 0.02454376 0 -0.9996988 0.02454406 0 -0.9996988 0.07356196 0 -0.9972907 0.07356196 0 -0.9972907 0.1224099 0 -0.9924796 0.1224132 0 -0.9924793 0.1224135 0 -0.9924793 0.1709643 0 -0.9852772 0.1709643 0 -0.9852772 0.2191012 0 -0.9757022 0.2191013 0 -0.9757022 0.2667095 0 -0.9637771 0.2667125 0 -0.9637761 0.2667128 0 -0.9637761 0.3136856 0 -0.9495269 0.3136827 0 -0.949528 0.3136824 0 -0.949528 0.3598914 0 -0.9329943 0.3598914 0 -0.9329943 0.4052414 0 -0.9142098 0.4496132 0 -0.8932234 0.4496132 0 -0.8932235 0.4928976 0 -0.8700874 0.4928976 0 -0.8700873 0.5349986 0 -0.844853 0.5349963 0 -0.8448545 0.534996 0 -0.8448546 0.5758103 0 -0.8175835 0.5758081 0 -0.8175849 0.5758079 0 -0.8175851 0.8448546 0 -0.5349961 0.8448551 0 -0.5349953 0.8448551 0 -0.5349953 0.8700874 0 -0.4928976 0.8700873 0 -0.4928976 0.8932248 0 -0.4496104 0.8932251 0 -0.4496097 0.8932251 0 -0.4496096 0.9142097 0 -0.4052416 0.9142098 0 -0.4052412 0.9142099 0 -0.4052412 0.9329924 0 -0.3598963 0.9329922 0 -0.3598966 0.9329922 0 -0.3598966 0.9495292 0 -0.3136788 0.9495292 0 -0.3136788 0.9637758 0 -0.2667137 0.9637759 0 -0.2667135 0.9637759 0 -0.2667135 0.9757021 0 -0.2191013 0.9757022 0 -0.2191012 0.9757022 0 -0.2191012 0.9852778 0 -0.1709612 0.9852778 0 -0.1709613 0.9924795 0 -0.122411 0.9924796 0 -0.122411 0.9972907 0 -0.07356196 0.9972907 0 -0.07356196 0.9996988 0 -0.02454209 0.9996988 0 -0.02454209 0.9996988 0 0.02454209 0.9996989 0 0.02454209 0.9972907 0 0.07356196 0.9972907 0 0.07356196 0.9972907 0 0.07356196 0.992479 0 0.1224148 0.9924791 0 0.1224149 0.9852778 0 0.1709612 0.9852778 0 0.1709613 0.9757022 0 0.2191011 0.9757022 0 0.2191012 0.9637759 0 0.2667135 0.9637758 0 0.2667137 0.9637758 0 0.2667137 0.9495275 0 0.313684 0.9329943 0 0.3598915 0.9329942 0 0.3598915 0.9142084 0 0.4052445 0.8932248 0 0.4496104 0.8932252 0 0.4496098 0.8932251 0 0.4496096 0.8700857 0 0.4929006 0.8700852 0 0.4929013 0.8700852 0 0.4929014 0.8448557 0 0.5349943 0.8448553 0 0.5349951 0.8448551 0 0.5349951 0.8175829 0 0.575811 0.5758072 0 0.8175856 0.5758072 0 0.8175857 0.5349993 0 0.8448526 0.4929006 0 0.8700857 0.4496132 0 0.8932234 0.4496132 0 0.8932234 0.4052414 0 0.9142098 0.3598929 0 0.9329937 0.3598929 0 0.9329937 0.3136825 0 0.9495279 0.3136855 0 0.949527 0.3136858 0 0.9495269 0.2667127 0 0.9637761 0.2667096 0 0.963777 0.2667093 0 0.9637771 0.2191057 0 0.9757012 0.1709612 0 0.9852778 0.1709613 0 0.9852778 0.1224138 0 0.9924792 0.122417 0 0.9924789 0.1224173 0 0.9924788 0.07356607 0 0.9972904 0.02454376 0 0.9996988 0.02454048 0 0.9996988 0.02454018 0 0.9996988 -0.02453988 0 0.9996989 -0.02453655 0 0.9996989 -0.02453625 0 0.9996989 -0.07356607 0 0.9972904 -0.1224058 0 0.9924802 -0.1224058 0 0.9924802 -0.1709575 0 0.9852785 -0.1709575 0 0.9852784 -0.2191011 0 0.9757022 -0.2191012 0 0.9757022 -0.2667127 0 0.9637761 -0.2667096 0 0.963777 -0.2667093 0 0.9637771 -0.3136767 0 0.9495298 -0.3136796 0 0.949529 -0.3136799 0 0.9495288 -0.359898 0 0.9329917 -0.3598952 0 0.9329928 -0.3598949 0 0.9329929 -0.4052379 0 0.9142113 -0.405238 0 0.9142113 -0.4496083 0 0.8932259 -0.4496057 0 0.8932272 -0.4496054 0 0.8932273 -0.4928947 0 0.8700891 -0.5349975 0 0.8448537 -0.8175829 0 0.575811 -0.8448503 0 0.535003 -0.8448507 0 0.5350023 -0.8448507 0 0.5350022 -0.8700861 0 0.4928998 -0.8700864 0 0.4928991 -0.8700865 0 0.4928991 -0.8932244 0 0.4496113 -0.8932241 0 0.4496119 -0.8932241 0 0.449612 -0.9142076 0 0.4052462 -0.9142076 0 0.4052463 -0.9329922 0 0.3598966 -0.9329924 0 0.3598963 -0.9495278 0 0.3136829 -0.9637759 0 0.2667135 -0.9637758 0 0.2667137 -0.9637758 0 0.2667137 -0.9757016 0 0.2191041 -0.9757015 0 0.2191041 -0.9852772 0 0.1709644 -0.9852772 0 0.1709643 -0.9852772 0 0.1709643 -0.992479 0 0.1224148 -0.9924791 0 0.1224149 -0.9972904 0 0.07356578 -0.9972904 0 0.07356578 -0.9996989 0 0.02454203 -0.9996989 0 -0.02453809 -0.9996989 0 -0.02453809 -0.9972904 0 -0.07356578 -0.9924795 0 -0.122411 -0.9924796 0 -0.122411 -0.985278 0 -0.1709606 -0.9852779 0 -0.1709605 -0.985278 0 -0.1709605 -0.9757024 0 -0.2191004 -0.9757024 0 -0.2191002 -0.9757024 0 -0.2191002 -0.9637772 0 -0.2667089 -0.9637771 0 -0.2667091 -0.9637772 0 -0.2667092 -0.949528 0 -0.3136823 -0.9329928 0 -0.3598953 -0.9329929 0 -0.359895 -0.9329928 0 -0.359895 -0.9142105 0 -0.4052398 -0.9142103 0 -0.4052401 -0.9142104 0 -0.4052402 -0.8932237 0 -0.4496129 -0.8932232 0 -0.4496135 -0.8932232 0 -0.4496135 -0.8700874 0 -0.4928976 -0.8700873 0 -0.4928976 -0.8448534 0 -0.5349981 -0.8448529 0 -0.5349988 -0.8448528 0 -0.5349989 -0.817586 0 -0.5758066 -0.5758081 0 -0.8175849 -0.5758103 0 -0.8175835 -0.5758105 0 -0.8175832 -0.5349953 0 -0.8448551 -0.5349953 0 -0.8448551 -0.4928949 0 -0.8700889 -0.4928973 0 -0.8700875 -0.4928976 0 -0.8700873 -0.4496085 0 -0.8932257 -0.4496085 0 -0.8932258 -0.4052397 0 -0.9142104 -0.4052398 0 -0.9142105 -0.3598951 0 -0.9329928 -0.3598979 0 -0.9329918 -0.3598982 0 -0.9329917 -0.3136779 0 -0.9495295 -0.3136808 0 -0.9495285 -0.3136811 0 -0.9495285 -0.2667084 0 -0.9637773 -0.2667115 0 -0.9637765 -0.2667118 0 -0.9637764 -0.2190995 0 -0.9757026 -0.2190995 0 -0.9757026 -0.1709567 0 -0.9852786 -0.1709568 0 -0.9852786 -0.1224091 0 -0.9924798 -0.1224091 0 -0.9924798 -0.07356196 0 -0.9972907 -0.07356196 0 -0.9972907 -0.02453798 0 -0.9996989 -0.02454125 0 -0.9996989 -0.02454155 0 -0.9996989 -0.02452987 0 0.9996991 -0.02452987 0 0.9996992 -0.07357114 0 0.99729 -0.1224011 0 0.9924807 -0.1224045 0 0.9924803 -0.1224008 0 0.9924808 -0.1709657 0 0.9852771 -0.1709657 0 0.985277 -0.2191094 0 0.9757004 -0.2191127 0 0.9756996 -0.2191091 0 0.9757004 -0.2667095 0 0.963777 -0.2667095 0 0.963777 -0.3136695 0 0.9495322 -0.3598911 0 0.9329944 -0.3598941 0 0.9329932 -0.3598908 0 0.9329945 -0.4052555 0 0.9142035 -0.4052555 0 0.9142035 -0.4495967 0 0.8932317 -0.4495967 0 0.8932318 -0.4929112 0 0.8700796 -0.4929139 0 0.8700782 -0.492911 0 0.8700798 -0.5349873 0 0.8448601 -0.5349885 0 0.8448594 -0.5349872 0 0.8448603 -0.5758114 0 0.8175827 -0.5758125 0 0.8175818 -0.5758113 0 0.8175827 -0.8448594 0 0.5349885 -0.8448588 0 0.5349893 -0.8448594 0 0.5349885 -0.8700807 0 0.4929095 -0.8932319 0 0.4495964 -0.8932316 0 0.4495971 -0.8932319 0 0.4495963 -0.9142034 0 0.4052556 -0.9142036 0 0.4052554 -0.9142034 0 0.4052557 -0.9329944 0 0.3598912 -0.9329944 0 0.3598909 -0.9495306 0 0.3136746 -0.9495307 0 0.3136743 -0.9495306 0 0.3136746 -0.963777 0 0.2667095 -0.963777 0 0.2667095 -0.975701 0 0.2191063 -0.975701 0 0.2191061 -0.975701 0 0.2191063 -0.985277 0 0.1709657 -0.9852771 0 0.1709657 -0.9852771 0 0.1709657 -0.9924805 0 0.1224028 -0.9924805 0 0.1224028 -0.9924806 0 0.1224028 -0.99729 0 0.07357114 -0.99729 0 0.07357114 -0.9972901 0 0.07357114 -0.9996991 0 0.02452987 -0.9996992 0 0.02452987 -0.9996991 0 -0.02452987 -0.9996992 0 -0.02452987 -0.99729 0 -0.07357114 -0.99729 0 -0.07357114 -0.9972901 0 -0.07357114 -0.9924798 0 -0.1224088 -0.9924799 0 -0.1224088 -0.9924799 0 -0.1224088 -0.9852774 0 -0.1709637 -0.9852774 0 -0.1709638 -0.9757011 0 -0.2191063 -0.975701 0 -0.2191063 -0.975701 0 -0.2191062 -0.9637757 0 -0.2667143 -0.9637756 0 -0.2667143 -0.9495322 0 -0.3136695 -0.9329944 0 -0.3598909 -0.9329944 0 -0.3598912 -0.9142026 0 -0.4052575 -0.9142027 0 -0.4052572 -0.9142026 0 -0.4052576 -0.89323 0 -0.4496003 -0.8932302 0 -0.4495996 -0.8932299 0 -0.4496003 -0.8700816 0 -0.4929079 -0.8700819 0 -0.4929072 -0.8700815 0 -0.492908 -0.8448576 0 -0.5349912 -0.8175845 0 -0.5758088 -0.8175839 0 -0.5758097 -0.8175845 0 -0.5758088 -0.5349874 0 -0.8448601 -0.5349899 0 -0.8448586 -0.5349872 0 -0.8448603 -0.4929106 0 -0.8700801 -0.4929106 0 -0.87008 -0.449599 0 -0.8932305 -0.4496017 0 -0.8932292 -0.4495987 0 -0.8932307 -0.4052571 0 -0.9142029 -0.405257 0 -0.9142028 -0.3598941 0 -0.9329932 -0.3598911 0 -0.9329944 -0.3598943 0 -0.9329931 -0.3136673 0 -0.9495331 -0.3136703 0 -0.949532 -0.313667 0 -0.9495331 -0.2667142 0 -0.9637758 -0.266711 0 -0.9637766 -0.2667145 0 -0.9637757 -0.2191126 0 -0.9756997 -0.2191094 0 -0.9757004 -0.2191129 0 -0.9756996 -0.1709654 0 -0.9852771 -0.170962 0 -0.9852777 -0.1709657 0 -0.985277 -0.1224093 0 -0.9924798 -0.1224093 0 -0.9924798 -0.07357519 0 -0.9972897 -0.02452999 0 -0.9996991 -0.02452999 0 -0.9996992 0.02452594 0 -0.9996992 0.02452594 0 -0.9996992 0.07357114 0 -0.99729 0.07357114 0 -0.9972901 0.1224016 0 -0.9924807 0.122405 0 -0.9924803 0.1224013 0 -0.9924808 0.1709581 0 -0.9852783 0.1709614 0 -0.9852777 0.1709579 0 -0.9852784 0.2191055 0 -0.9757012 0.2191088 0 -0.9757005 0.2191052 0 -0.9757013 0.266706 0 -0.963778 0.2667093 0 -0.9637771 0.2667058 0 -0.9637781 0.3136674 0 -0.9495329 0.3136705 0 -0.949532 0.3136671 0 -0.9495331 0.3598942 0 -0.9329932 0.3598942 0 -0.9329932 0.4052456 0 -0.9142079 0.4052485 0 -0.9142066 0.4052454 0 -0.914208 0.449599 0 -0.8932305 0.4496017 0 -0.8932292 0.4495987 0 -0.8932307 0.4929028 0 -0.8700845 0.5349874 0 -0.8448601 0.5349899 0 -0.8448586 0.5349872 0 -0.8448603 0.8175819 0 -0.5758124 0.8175818 0 -0.5758124 0.844855 0 -0.5349955 0.8448555 0 -0.5349947 0.8448549 0 -0.5349956 0.8700813 0 -0.4929085 0.8700808 0 -0.4929092 0.8700813 0 -0.4929084 0.8932197 0 -0.4496206 0.8932193 0 -0.4496213 0.8932197 0 -0.4496205 0.9142117 0 -0.405237 0.9142118 0 -0.4052371 0.9329925 0 -0.3598962 0.9329923 0 -0.3598965 0.9329923 0 -0.3598961 0.9495316 0 -0.3136712 0.9495317 0 -0.3136713 0.9637697 0 -0.2667359 0.9637697 0 -0.2667359 0.9757051 0 -0.2190881 0.9757052 0 -0.219088 0.975705 0 -0.2190881 0.9852774 0 -0.1709638 0.9852774 0 -0.1709637 0.9852773 0 -0.1709638 0.9924799 0 -0.1224082 0.9924799 0 -0.1224082 0.9972897 0 -0.07357484 0.9972898 0 -0.07357484 0.9996991 0 -0.02452987 0.9996992 0 0.02452582 0.9972898 0 0.07357484 0.9972897 0 0.07357484 0.9924806 0 0.1224023 0.9924806 0 0.1224023 0.9924806 0 0.1224023 0.985278 0 0.1709598 0.985278 0 0.1709598 0.9852781 0 0.1709598 0.9757 0 0.2191113 0.9757 0 0.219111 0.9756999 0 0.2191112 0.963777 0 0.2667095 0.963777 0 0.2667095 0.9495326 0 0.3136683 0.9329931 0 0.3598945 0.9329929 0 0.3598947 0.9329931 0 0.3598944 0.9142036 0 0.4052554 0.9142034 0 0.4052556 0.9142036 0 0.4052553 0.8932324 0 0.4495953 0.8932327 0 0.4495947 0.8932323 0 0.4495955 0.8700789 0 0.4929125 0.8700789 0 0.4929125 0.8448588 0 0.5349893 0.8448594 0 0.5349885 0.8448588 0 0.5349894 0.5758126 0 0.8175818 0.5349861 0 0.8448609 0.5349837 0 0.8448624 0.5349864 0 0.8448607 0.4929106 0 0.8700801 0.4929106 0 0.87008 0.4495922 0 0.8932339 0.4495922 0 0.8932339 0.4052538 0 0.9142042 0.4052538 0 0.9142042 0.3598926 0 0.9329938 0.3598896 0 0.932995 0.3598928 0 0.9329937 0.3136695 0 0.9495322 0.2667087 0 0.9637772 0.266712 0 0.9637764 0.2667084 0 0.9637773 0.2191079 0 0.9757007 0.2191046 0 0.9757014 0.2191082 0 0.9757006 0.1709607 0 0.985278 0.1709574 0 0.9852784 0.170961 0 0.9852779 0.122404 0 0.9924803 0.1224006 0 0.9924808 0.1224043 0 0.9924803 0.07357084 0 0.99729 0.02452737 0 0.9996992 0.02452737 0 0.9996992 0 -1 -3.03685e-7 0 -1 0 0 1 -3.03685e-7 0 1 0 0 1 0 0 -1 0 0 -1 0 0 1 0 0 1 3.16337e-7 0 -1 3.16337e-7 0.7071039 0 0.7071098 -0.7071069 0 -0.7071068 -0.7071079 0 -0.7071057 -0.707108 0 -0.7071056 -0.5758046 0 0.8175874 -0.5758046 0 0.8175874 -0.7883484 0 0.6152291 -0.7883484 0 0.6152291 0.575807 0 -0.8175857 0.5758086 0 -0.8175846 0.5758069 0 -0.8175858 0.7883358 0 -0.6152454 0.7883328 0 -0.6152492 0.7883358 0 -0.6152452 -0.7071068 0 0.7071068 0.7071073 0 -0.7071063 0.7071068 0 -0.7071068 0.7071064 0 -0.7071073 0.7883504 0 0.6152265 0.7883504 0 0.6152265 0.6152265 0 0.7883506 0.6152265 0 0.7883505 -0.7883408 0 -0.6152389 -0.7883472 0 -0.6152306 -0.7883407 0 -0.6152389 -0.5758113 0 -0.8175827 -0.57581 0 -0.8175837 -0.5758099 0 -0.8175837 0.7071045 0 0.7071092 0.7071045 0 0.7071092 -0.7071062 0 -0.7071074 0.6152306 0 -0.7883472 0.8175838 0 -0.5758097 0.8175832 0 -0.5758106 0.8175838 0 -0.5758097 -0.6152366 0 0.7883425 -0.8175835 0 0.5758102 -0.8175843 0 0.5758091 -0.8175842 0 0.5758091 0.7071107 0 -0.707103 0.7071143 0 -0.7070993 0.7071079 0 -0.7071056 -0.788335 0 -0.6152462 -0.788335 0 -0.6152463 -0.6152303 0 -0.7883476 -0.6152352 0 -0.7883437 -0.6152352 0 -0.7883436 0.8175843 0 0.5758088 0.8175843 0 0.5758089 0.615236 0 0.788343 0.6152259 0 0.7883509 0.6152361 0 0.788343 0.02454018 0 -0.9996988 0.1224096 0 -0.9924798 0.2667092 0 -0.9637771 0.3136859 0 -0.9495269 0.5349988 0 -0.8448529 0.5758105 0 -0.8175832 0.8448546 0 -0.5349962 0.8932248 0 -0.4496104 0.9142097 0 -0.4052416 0.9637758 0 -0.2667137 0.9757022 0 -0.2191013 0.9972907 0 0.07356196 0.9637759 0 0.2667135 0.8932248 0 0.4496104 0.8700857 0 0.4929006 0.8448558 0 0.5349943 0.3136823 0 0.949528 0.2667129 0 0.9637761 0.1224135 0 0.9924793 0.02454406 0 0.9996988 -0.02454018 0 0.9996988 -0.2667129 0 0.9637761 -0.3136764 0 0.94953 -0.3598983 0 0.9329916 -0.4496085 0 0.8932257 -0.8448503 0 0.5350031 -0.870086 0 0.4928999 -0.8932244 0 0.4496113 -0.9329922 0 0.3598966 -0.9637759 0 0.2667135 -0.9852779 0 -0.1709606 -0.9757024 0 -0.2191004 -0.9637773 0 -0.2667089 -0.9329927 0 -0.3598953 -0.9142105 0 -0.4052398 -0.8932237 0 -0.4496128 -0.8448534 0 -0.534998 -0.5758079 0 -0.8175851 -0.4928947 0 -0.8700891 -0.3598948 0 -0.9329929 -0.3136776 0 -0.9495296 -0.2667082 0 -0.9637774 -0.02453768 0 -0.9996989 -0.1224048 0 0.9924803 -0.2191129 0 0.9756995 -0.3598943 0 0.9329931 -0.4929141 0 0.8700781 -0.5349886 0 0.8448593 -0.5758126 0 0.8175818 -0.8448588 0 0.5349894 -0.8932316 0 0.4495971 -0.9142036 0 0.4052553 -0.9495307 0 0.3136743 -0.985277 0 0.1709657 -0.9972901 0 0.07357114 -0.9972901 0 -0.07357114 -0.9924798 0 -0.1224088 -0.9852773 0 -0.1709638 -0.975701 0 -0.2191063 -0.9142028 0 -0.4052572 -0.8932303 0 -0.4495996 -0.870082 0 -0.4929071 -0.8175837 0 -0.5758097 -0.53499 0 -0.8448584 -0.449602 0 -0.893229 -0.3598908 0 -0.9329945 -0.3136706 0 -0.9495319 -0.2667107 0 -0.9637767 -0.2191091 0 -0.9757004 -0.1709617 0 -0.9852778 0.1224053 0 -0.9924802 0.1709617 0 -0.9852778 0.2191091 0 -0.9757004 0.2667095 0 -0.963777 0.3136708 0 -0.9495319 0.4052488 0 -0.9142066 0.449602 0 -0.893229 0.53499 0 -0.8448584 0.8448555 0 -0.5349947 0.8700808 0 -0.4929093 0.8932193 0 -0.4496213 0.9329923 0 -0.3598965 0.9757051 0 -0.219088 0.9972898 0 0.07357484 0.9924806 0 0.1224023 0.9757 0 0.219111 0.932993 0 0.3598948 0.9142034 0 0.4052557 0.8932327 0 0.4495946 0.8448594 0 0.5349885 0.5349835 0 0.8448626 0.3598893 0 0.9329951 0.2667123 0 0.9637763 0.2191043 0 0.9757015 0.1709571 0 0.9852786 0.1224003 0 0.9924809 -0.7071068 0 -0.7071068 0.5758087 0 -0.8175845 0.7883327 0 -0.6152492 0.7071059 0 -0.7071077 0.7071077 0 -0.7071059 -0.7883474 0 -0.6152306 -0.5758113 0 -0.8175826 0.8175832 0 -0.5758107 -0.8175835 0 0.5758103 0.7071017 0 -0.707112 0.7071033 0 -0.7071103 0.707118 0 -0.7070957 -0.6152302 0 -0.7883476 0.6152258 0 0.7883511</float_array>
          <technique_common>
            <accessor source="#Cylinder_Cylinder_001-mesh-normals-array" count="644" stride="3">
              <param name="X" type="float"/>
              <param name="Y" type="float"/>
              <param name="Z" type="float"/>
            </accessor>
          </technique_common>
        </source>
        <source id="Cylinder_Cylinder_001-mesh-map-0">
          <float_array id="Cylinder_Cylinder_001-mesh-map-0-array" count="5376">1 1 0.992188 0 1 0 0.992188 1 0.984375 0 0.992188 0 0.984375 1 0.976562 0 0.984375 0 0.976562 1 0.96875 0 0.976562 0 0.96875 1 0.960938 0 0.96875 0 0.960938 1 0.953125 0 0.960938 0 0.953125 1 0.945312 0 0.953125 0 0.945312 1 0.9375 0 0.945312 0 0.9375 1 0.929688 0 0.9375 0 0.929688 1 0.921875 0 0.929688 0 0.921875 1 0.914062 0 0.921875 0 0.914062 1 0.90625 0 0.914062 0 0.90625 1 0.898438 0 0.90625 0 0.84375 1 0.835938 0 0.84375 0 0.835938 1 0.828125 0 0.835938 0 0.828125 1 0.820312 0 0.828125 0 0.820312 1 0.8125 0 0.820312 0 0.8125 1 0.804688 0 0.8125 0 0.804688 1 0.796875 0 0.804688 0 0.796875 1 0.789062 0 0.796875 0 0.789062 1 0.78125 0 0.789062 0 0.78125 1 0.773438 0 0.78125 0 0.773438 1 0.765625 0 0.773438 0 0.765625 1 0.757812 0 0.765625 0 0.757812 1 0.75 0 0.757812 0 0.75 1 0.742188 0 0.75 0 0.742188 1 0.734375 0 0.742188 0 0.734375 1 0.726562 0 0.734375 0 0.726562 1 0.71875 0 0.726562 0 0.71875 1 0.710938 0 0.71875 0 0.710938 1 0.703125 0 0.710938 0 0.703125 1 0.695312 0 0.703125 0 0.695312 1 0.6875 0 0.695312 0 0.6875 1 0.679688 0 0.6875 0 0.679688 1 0.671875 0 0.679688 0 0.671875 1 0.664062 0 0.671875 0 0.664062 1 0.65625 0 0.664062 0 0.65625 1 0.648438 0 0.65625 0 0.601562 1 0.59375 0 0.601562 0 0.59375 1 0.585938 0 0.59375 0 0.585938 1 0.578125 0 0.585938 0 0.578125 1 0.570312 0 0.578125 0 0.570312 1 0.5625 0 0.570312 0 0.5625 1 0.554688 0 0.5625 0 0.554688 1 0.546875 0 0.554688 0 0.546875 1 0.539062 0 0.546875 0 0.539062 1 0.53125 0 0.539062 0 0.53125 1 0.523438 0 0.53125 0 0.523438 1 0.515625 0 0.523438 0 0.515625 1 0.507812 0 0.515625 0 0.507812 1 0.5 0 0.507812 0 0.5 1 0.492188 0 0.5 0 0.492188 1 0.484375 0 0.492188 0 0.484375 1 0.476562 0 0.484375 0 0.476562 1 0.46875 0 0.476562 0 0.46875 1 0.460938 0 0.46875 0 0.460938 1 0.453125 0 0.460938 0 0.453125 1 0.445312 0 0.453125 0 0.445312 1 0.4375 0 0.445312 0 0.4375 1 0.429688 0 0.4375 0 0.429688 1 0.421875 0 0.429688 0 0.421875 1 0.414062 0 0.421875 0 0.414062 1 0.40625 0 0.414062 0 0.351562 1 0.34375 0 0.351562 0 0.34375 1 0.335938 0 0.34375 0 0.335938 1 0.328125 0 0.335938 0 0.328125 1 0.320312 0 0.328125 0 0.320312 1 0.3125 0 0.320312 0 0.3125 1 0.304688 0 0.3125 0 0.304688 1 0.296875 0 0.304688 0 0.296875 1 0.289062 0 0.296875 0 0.289062 1 0.28125 0 0.289062 0 0.28125 1 0.273438 0 0.28125 0 0.273438 1 0.265625 0 0.273438 0 0.265625 1 0.257812 0 0.265625 0 0.257812 1 0.25 0 0.257812 0 0.25 1 0.242188 0 0.25 0 0.242188 1 0.234375 0 0.242188 0 0.234375 1 0.226562 0 0.234375 0 0.226562 1 0.21875 0 0.226562 0 0.21875 1 0.210938 0 0.21875 0 0.210938 1 0.203125 0 0.210938 0 0.203125 1 0.195312 0 0.203125 0 0.195312 1 0.1875 0 0.195312 0 0.1875 1 0.179688 0 0.1875 0 0.179688 1 0.171875 0 0.179688 0 0.171875 1 0.164062 0 0.171875 0 0.164062 1 0.15625 0 0.164062 0 0.15625 1 0.148438 0 0.15625 0 0.101562 1 0.09375 0 0.101562 0 0.09375 1 0.08593797 0 0.09375 0 0.08593797 1 0.078125 0 0.08593797 0 0.078125 1 0.07031196 0 0.078125 0 0.07031196 1 0.0625 0 0.07031196 0 0.0625 1 0.05468797 0 0.0625 0 0.05468797 1 0.046875 0 0.05468797 0 0.046875 1 0.03906196 0 0.046875 0 0.03906196 1 0.03125 0 0.03906196 0 0.03125 1 0.02343797 0 0.03125 0 0.02343797 1 0.015625 0 0.02343797 0 0.015625 1 0.007811963 0 0.015625 0 0.007811963 1 0 0 0.007811963 0 0.992188 0 1 1 1 0 0.984375 0 0.992188 1 0.992188 0 0.976562 0 0.984375 1 0.984375 0 0.96875 0 0.976562 1 0.976562 0 0.960938 0 0.96875 1 0.96875 0 0.953125 0 0.960938 1 0.960938 0 0.945312 0 0.953125 1 0.953125 0 0.9375 0 0.945312 1 0.945312 0 0.929688 0 0.9375 1 0.9375 0 0.921875 0 0.929688 1 0.929688 0 0.914062 0 0.921875 1 0.921875 0 0.90625 0 0.914062 1 0.914062 0 0.898438 0 0.90625 1 0.90625 0 0.835938 0 0.84375 1 0.84375 0 0.828125 0 0.835938 1 0.835938 0 0.820312 0 0.828125 1 0.828125 0 0.8125 0 0.820312 1 0.820312 0 0.804688 0 0.8125 1 0.8125 0 0.796875 0 0.804688 1 0.804688 0 0.789062 0 0.796875 1 0.796875 0 0.78125 0 0.789062 1 0.789062 0 0.773438 0 0.78125 1 0.78125 0 0.765625 0 0.773438 1 0.773438 0 0.757812 0 0.765625 1 0.765625 0 0.75 0 0.757812 1 0.757812 0 0.742188 0 0.75 1 0.75 0 0.734375 0 0.742188 1 0.742188 0 0.726562 0 0.734375 1 0.734375 0 0.71875 0 0.726562 1 0.726562 0 0.710938 0 0.71875 1 0.71875 0 0.703125 0 0.710938 1 0.710938 0 0.695312 0 0.703125 1 0.703125 0 0.6875 0 0.695312 1 0.695312 0 0.679688 0 0.6875 1 0.6875 0 0.671875 0 0.679688 1 0.679688 0 0.664062 0 0.671875 1 0.671875 0 0.65625 0 0.664062 1 0.664062 0 0.648438 0 0.65625 1 0.65625 0 0.585938 0 0.59375 1 0.59375 0 0.578125 0 0.585938 1 0.585938 0 0.570312 0 0.578125 1 0.578125 0 0.5625 0 0.570312 1 0.570312 0 0.554688 0 0.5625 1 0.5625 0 0.546875 0 0.554688 1 0.554688 0 0.539062 0 0.546875 1 0.546875 0 0.53125 0 0.539062 1 0.539062 0 0.523438 0 0.53125 1 0.53125 0 0.515625 0 0.523438 1 0.523438 0 0.507812 0 0.515625 1 0.515625 0 0.5 0 0.507812 1 0.507812 0 0.492188 0 0.5 1 0.5 0 0.484375 0 0.492188 1 0.492188 0 0.476562 0 0.484375 1 0.484375 0 0.46875 0 0.476562 1 0.476562 0 0.460938 0 0.46875 1 0.46875 0 0.453125 0 0.460938 1 0.460938 0 0.445312 0 0.453125 1 0.453125 0 0.4375 0 0.445312 1 0.445312 0 0.429688 0 0.4375 1 0.4375 0 0.421875 0 0.429688 1 0.429688 0 0.414062 0 0.421875 1 0.421875 0 0.40625 0 0.414062 1 0.414062 0 0.34375 0 0.351562 1 0.351562 0 0.335938 0 0.34375 1 0.34375 0 0.328125 0 0.335938 1 0.335938 0 0.320312 0 0.328125 1 0.328125 0 0.3125 0 0.320312 1 0.320312 0 0.304688 0 0.3125 1 0.3125 0 0.296875 0 0.304688 1 0.304688 0 0.289062 0 0.296875 1 0.296875 0 0.28125 0 0.289062 1 0.289062 0 0.273438 0 0.28125 1 0.28125 0 0.265625 0 0.273438 1 0.273438 0 0.257812 0 0.265625 1 0.265625 0 0.25 0 0.257812 1 0.257812 0 0.242188 0 0.25 1 0.25 0 0.234375 0 0.242188 1 0.242188 0 0.226562 0 0.234375 1 0.234375 0 0.21875 0 0.226562 1 0.226562 0 0.210938 0 0.21875 1 0.21875 0 0.203125 0 0.210938 1 0.210938 0 0.195312 0 0.203125 1 0.203125 0 0.1875 0 0.195312 1 0.195312 0 0.179688 0 0.1875 1 0.1875 0 0.171875 0 0.179688 1 0.179688 0 0.164062 0 0.171875 1 0.171875 0 0.15625 0 0.164062 1 0.164062 0 0.09375 0 0.101562 1 0.101562 0 0.08593797 0 0.09375 1 0.09375 0 0.078125 0 0.08593797 1 0.08593797 0 0.07031196 0 0.078125 1 0.078125 0 0.0625 0 0.07031196 1 0.07031196 0 0.05468797 0 0.0625 1 0.0625 0 0.046875 0 0.05468797 1 0.05468797 0 0.03906196 0 0.046875 1 0.046875 0 0.03125 0 0.03906196 1 0.03906196 0 0.02343797 0 0.03125 1 0.03125 0 0.015625 0 0.02343797 1 0.02343797 0 0.007811963 0 0.015625 1 0.015625 0 0 0 0.007811963 1 0.007811963 0 0.992188 0 1 0 1 0 0.992188 1 1 1 0.992188 1 0.984375 0 0.992188 0 0.992188 0 0.984375 1 0.992188 1 0.984375 1 0.976562 0 0.984375 0 0.984375 0 0.976562 1 0.984375 1 0.976562 1 0.96875 0 0.976562 0 0.976562 0 0.96875 1 0.976562 1 0.96875 1 0.960938 0 0.96875 0 0.96875 0 0.960938 1 0.96875 1 0.960938 1 0.953125 0 0.960938 0 0.960938 0 0.953125 1 0.960938 1 0.953125 1 0.945312 0 0.953125 0 0.953125 0 0.945312 1 0.953125 1 0.945312 1 0.9375 0 0.945312 0 0.945312 0 0.9375 1 0.945312 1 0.9375 1 0.929688 0 0.9375 0 0.9375 0 0.929688 1 0.9375 1 0.929688 1 0.921875 0 0.929688 0 0.929688 0 0.921875 1 0.929688 1 0.921875 1 0.914062 0 0.921875 0 0.921875 0 0.914062 1 0.921875 1 0.914062 1 0.914062 0 0.90625 0 0.914062 0 0.914062 1 0.90625 1 0.90625 1 0.90625 0 0.898438 0 0.90625 0 0.90625 1 0.898438 1 0.898438 1 0.835938 0 0.84375 0 0.84375 0 0.835938 1 0.84375 1 0.835938 1 0.835938 0 0.828125 0 0.835938 0 0.835938 1 0.828125 1 0.828125 1 0.820312 0 0.828125 0 0.828125 0 0.820312 1 0.828125 1 0.820312 1 0.820312 0 0.8125 0 0.820312 0 0.820312 1 0.8125 1 0.8125 1 0.8125 0 0.804688 0 0.8125 0 0.8125 1 0.804688 1 0.804688 1 0.804688 0 0.796875 0 0.804688 0 0.804688 1 0.796875 1 0.796875 1 0.796875 0 0.789062 0 0.796875 0 0.796875 1 0.789062 1 0.789062 1 0.789062 0 0.78125 0 0.789062 0 0.789062 1 0.78125 1 0.78125 1 0.78125 0 0.773438 0 0.78125 0 0.78125 1 0.773438 1 0.773438 1 0.773438 0 0.765625 0 0.773438 0 0.773438 1 0.765625 1 0.765625 1 0.765625 0 0.757812 0 0.765625 0 0.765625 1 0.757812 1 0.757812 1 0.757812 0 0.75 0 0.757812 0 0.757812 1 0.75 1 0.75 1 0.742188 0 0.75 0 0.75 0 0.742188 1 0.75 1 0.742188 1 0.734375 0 0.742188 0 0.742188 0 0.734375 1 0.742188 1 0.734375 1 0.726562 0 0.734375 0 0.734375 0 0.726562 1 0.734375 1 0.726562 1 0.71875 0 0.726562 0 0.726562 0 0.71875 1 0.726562 1 0.71875 1 0.710938 0 0.71875 0 0.71875 0 0.710938 1 0.71875 1 0.710938 1 0.703125 0 0.710938 0 0.710938 0 0.703125 1 0.710938 1 0.703125 1 0.695312 0 0.703125 0 0.703125 0 0.695312 1 0.703125 1 0.695312 1 0.6875 0 0.695312 0 0.695312 0 0.6875 1 0.695312 1 0.6875 1 0.679688 0 0.6875 0 0.6875 0 0.679688 1 0.6875 1 0.679688 1 0.679688 0 0.671875 0 0.679688 0 0.679688 1 0.671875 1 0.671875 1 0.664062 0 0.671875 0 0.671875 0 0.664062 1 0.671875 1 0.664062 1 0.664062 0 0.65625 0 0.664062 0 0.664062 1 0.65625 1 0.65625 1 0.65625 0 0.648438 0 0.65625 0 0.65625 1 0.648438 1 0.648438 1 0.585938 0 0.59375 0 0.59375 0 0.585938 1 0.59375 1 0.585938 1 0.585938 0 0.578125 0 0.585938 0 0.585938 1 0.578125 1 0.578125 1 0.578125 0 0.570312 0 0.578125 0 0.578125 1 0.570312 1 0.570312 1 0.570312 0 0.5625 0 0.570312 0 0.570312 1 0.5625 1 0.5625 1 0.5625 0 0.554688 0 0.5625 0 0.5625 1 0.554688 1 0.554688 1 0.554688 0 0.546875 0 0.554688 0 0.554688 1 0.546875 1 0.546875 1 0.546875 0 0.539062 0 0.546875 0 0.546875 1 0.539062 1 0.539062 1 0.539062 0 0.53125 0 0.539062 0 0.539062 1 0.53125 1 0.53125 1 0.53125 0 0.523438 0 0.53125 0 0.53125 1 0.523438 1 0.523438 1 0.523438 0 0.515625 0 0.523438 0 0.523438 1 0.515625 1 0.515625 1 0.515625 0 0.507812 0 0.515625 0 0.515625 1 0.507812 1 0.507812 1 0.507812 0 0.5 0 0.507812 0 0.507812 1 0.5 1 0.5 1 0.492188 0 0.5 0 0.5 0 0.492188 1 0.5 1 0.492188 1 0.484375 0 0.492188 0 0.492188 0 0.484375 1 0.492188 1 0.484375 1 0.476562 0 0.484375 0 0.484375 0 0.476562 1 0.484375 1 0.476562 1 0.46875 0 0.476562 0 0.476562 0 0.46875 1 0.476562 1 0.46875 1 0.460938 0 0.46875 0 0.46875 0 0.460938 1 0.46875 1 0.460938 1 0.453125 0 0.460938 0 0.460938 0 0.453125 1 0.460938 1 0.453125 1 0.445312 0 0.453125 0 0.453125 0 0.445312 1 0.453125 1 0.445312 1 0.4375 0 0.445312 0 0.445312 0 0.4375 1 0.445312 1 0.4375 1 0.429688 0 0.4375 0 0.4375 0 0.429688 1 0.4375 1 0.429688 1 0.429688 0 0.421875 0 0.429688 0 0.429688 1 0.421875 1 0.421875 1 0.414062 0 0.421875 0 0.421875 0 0.414062 1 0.421875 1 0.414062 1 0.40625 0 0.414062 0 0.414062 0 0.40625 1 0.414062 1 0.40625 1 0.34375 0 0.351562 0 0.351562 0 0.34375 1 0.351562 1 0.34375 1 0.34375 0 0.335938 0 0.34375 0 0.34375 1 0.335938 1 0.335938 1 0.335938 0 0.328125 0 0.335938 0 0.335938 1 0.328125 1 0.328125 1 0.328125 0 0.320312 0 0.328125 0 0.328125 1 0.320312 1 0.320312 1 0.320312 0 0.3125 0 0.320312 0 0.320312 1 0.3125 1 0.3125 1 0.3125 0 0.304688 0 0.3125 0 0.3125 1 0.304688 1 0.304688 1 0.304688 0 0.296875 0 0.304688 0 0.304688 1 0.296875 1 0.296875 1 0.296875 0 0.289062 0 0.296875 0 0.296875 1 0.289062 1 0.289062 1 0.289062 0 0.28125 0 0.289062 0 0.289062 1 0.28125 1 0.28125 1 0.28125 0 0.273438 0 0.28125 0 0.28125 1 0.273438 1 0.273438 1 0.273438 0 0.265625 0 0.273438 0 0.273438 1 0.265625 1 0.265625 1 0.265625 0 0.257812 0 0.265625 0 0.265625 1 0.257812 1 0.257812 1 0.257812 0 0.25 0 0.257812 0 0.257812 1 0.25 1 0.25 1 0.242188 0 0.25 0 0.25 0 0.242188 1 0.25 1 0.242188 1 0.234375 0 0.242188 0 0.242188 0 0.234375 1 0.242188 1 0.234375 1 0.226562 0 0.234375 0 0.234375 0 0.226562 1 0.234375 1 0.226562 1 0.21875 0 0.226562 0 0.226562 0 0.21875 1 0.226562 1 0.21875 1 0.210938 0 0.21875 0 0.21875 0 0.210938 1 0.21875 1 0.210938 1 0.203125 0 0.210938 0 0.210938 0 0.203125 1 0.210938 1 0.203125 1 0.195312 0 0.203125 0 0.203125 0 0.195312 1 0.203125 1 0.195312 1 0.1875 0 0.195312 0 0.195312 0 0.1875 1 0.195312 1 0.1875 1 0.179688 0 0.1875 0 0.1875 0 0.179688 1 0.1875 1 0.179688 1 0.179688 0 0.171875 0 0.179688 0 0.179688 1 0.171875 1 0.171875 1 0.164062 0 0.171875 0 0.171875 0 0.164062 1 0.171875 1 0.164062 1 0.164062 0 0.15625 0 0.164062 0 0.164062 1 0.15625 1 0.15625 1 0.09375 0 0.101562 0 0.101562 0 0.09375 1 0.101562 1 0.09375 1 0.08593797 0 0.09375 0 0.09375 0 0.08593797 1 0.09375 1 0.08593797 1 0.08593797 0 0.078125 0 0.08593797 0 0.08593797 1 0.078125 1 0.078125 1 0.07031196 0 0.078125 0 0.078125 0 0.07031196 1 0.078125 1 0.07031196 1 0.07031196 0 0.0625 0 0.07031196 0 0.07031196 1 0.0625 1 0.0625 1 0.0625 0 0.05468797 0 0.0625 0 0.0625 1 0.05468797 1 0.05468797 1 0.05468797 0 0.046875 0 0.05468797 0 0.05468797 1 0.046875 1 0.046875 1 0.046875 0 0.03906196 0 0.046875 0 0.046875 1 0.03906196 1 0.03906196 1 0.03906196 0 0.03125 0 0.03906196 0 0.03906196 1 0.03125 1 0.03125 1 0.03125 0 0.02343797 0 0.03125 0 0.03125 1 0.02343797 1 0.02343797 1 0.02343797 0 0.015625 0 0.02343797 0 0.02343797 1 0.015625 1 0.015625 1 0.015625 0 0.007811963 0 0.015625 0 0.015625 1 0.007811963 1 0.007811963 1 0.007811963 0 0 0 0.007811963 0 0.007811963 1 0 1 0 1 0.375 0.1345649 0.625 0.159746 0.625 0.1345649 0.375 0.588311 0.625 0.613676 0.625 0.588311 0.40625 1 0.399065 0 0.40625 0 0.351562 0 0.354345 1 0.351562 1 0.40625 1 0.400079 0 0.400079 1 0.351562 0 0.35348 1 0.35348 0 0.400079 0 0.40625 0 0.399065 0 0.40625 1 0.400079 1 0.399065 1 0.351562 0 0.35348 0 0.354345 0 0.35348 1 0.351562 1 0.354345 1 0.375 0.1135179 0.625 0.1386989 0.625 0.1135179 0.625 0.621155 0.375 0.61201 0.375 0.621155 0.648438 0 0.646621 1 0.646621 0 0.601562 1 0.601904 0 0.601904 1 0.648438 1 0.647525 0 0.647525 1 0.59375 1 0.600934 0 0.59375 0 0.647525 0 0.648438 0 0.646621 0 0.648438 1 0.647525 1 0.646621 1 0.601562 0 0.601904 0 0.601562 0 0.601562 1 0.601562 1 0.601904 1 0.59375 0 0.600934 0 0.601562 0 0.59375 1 0.601562 1 0.601562 1 0.375 0.122472 0.625 0.147653 0.625 0.122472 0.375 0.629472 0.625 0.604106 0.375 0.604106 0.898438 1 0.895655 0 0.898438 0 0.84375 1 0.850934 0 0.850934 1 0.898438 0 0.896519 1 0.898438 1 0.84375 1 0.84992 0 0.84375 0 0.898438 0 0.896519 0 0.898438 0 0.898438 1 0.896519 1 0.895655 1 0.84375 0 0.84992 0 0.850934 0 0.84375 1 0.84992 1 0.84375 1 0.625 0.151141 0.375 0.12596 0.375 0.151141 0.375 0.615285 0.625 0.62329 0.625 0.615285 0.148438 1 0.148138 0 0.148438 0 0.101562 0 0.103422 1 0.101562 1 0.15625 0 0.149111 1 0.15625 1 0.101562 0 0.102519 1 0.102519 0 0.15625 0 0.148438 0 0.148438 0 0.15625 1 0.149111 1 0.148438 1 0.148138 0 0.148438 0 0.148438 0 0.148138 1 0.148438 1 0.148438 1 0.101562 0 0.102519 0 0.103422 0 0.102519 1 0.101562 1 0.103422 1 1 1 0.992188 1 0.992188 0 0.992188 1 0.984375 1 0.984375 0 0.984375 1 0.976562 1 0.976562 0 0.976562 1 0.96875 1 0.96875 0 0.96875 1 0.960938 1 0.960938 0 0.960938 1 0.953125 1 0.953125 0 0.953125 1 0.945312 1 0.945312 0 0.945312 1 0.9375 1 0.9375 0 0.9375 1 0.929688 1 0.929688 0 0.929688 1 0.921875 1 0.921875 0 0.921875 1 0.914062 1 0.914062 0 0.914062 1 0.90625 1 0.90625 0 0.90625 1 0.898438 1 0.898438 0 0.84375 1 0.835938 1 0.835938 0 0.835938 1 0.828125 1 0.828125 0 0.828125 1 0.820312 1 0.820312 0 0.820312 1 0.8125 1 0.8125 0 0.8125 1 0.804688 1 0.804688 0 0.804688 1 0.796875 1 0.796875 0 0.796875 1 0.789062 1 0.789062 0 0.789062 1 0.78125 1 0.78125 0 0.78125 1 0.773438 1 0.773438 0 0.773438 1 0.765625 1 0.765625 0 0.765625 1 0.757812 1 0.757812 0 0.757812 1 0.75 1 0.75 0 0.75 1 0.742188 1 0.742188 0 0.742188 1 0.734375 1 0.734375 0 0.734375 1 0.726562 1 0.726562 0 0.726562 1 0.71875 1 0.71875 0 0.71875 1 0.710938 1 0.710938 0 0.710938 1 0.703125 1 0.703125 0 0.703125 1 0.695312 1 0.695312 0 0.695312 1 0.6875 1 0.6875 0 0.6875 1 0.679688 1 0.679688 0 0.679688 1 0.671875 1 0.671875 0 0.671875 1 0.664062 1 0.664062 0 0.664062 1 0.65625 1 0.65625 0 0.65625 1 0.648438 1 0.648438 0 0.601562 1 0.59375 1 0.59375 0 0.59375 1 0.585938 1 0.585938 0 0.585938 1 0.578125 1 0.578125 0 0.578125 1 0.570312 1 0.570312 0 0.570312 1 0.5625 1 0.5625 0 0.5625 1 0.554688 1 0.554688 0 0.554688 1 0.546875 1 0.546875 0 0.546875 1 0.539062 1 0.539062 0 0.539062 1 0.53125 1 0.53125 0 0.53125 1 0.523438 1 0.523438 0 0.523438 1 0.515625 1 0.515625 0 0.515625 1 0.507812 1 0.507812 0 0.507812 1 0.5 1 0.5 0 0.5 1 0.492188 1 0.492188 0 0.492188 1 0.484375 1 0.484375 0 0.484375 1 0.476562 1 0.476562 0 0.476562 1 0.46875 1 0.46875 0 0.46875 1 0.460938 1 0.460938 0 0.460938 1 0.453125 1 0.453125 0 0.453125 1 0.445312 1 0.445312 0 0.445312 1 0.4375 1 0.4375 0 0.4375 1 0.429688 1 0.429688 0 0.429688 1 0.421875 1 0.421875 0 0.421875 1 0.414062 1 0.414062 0 0.414062 1 0.40625 1 0.40625 0 0.351562 1 0.34375 1 0.34375 0 0.34375 1 0.335938 1 0.335938 0 0.335938 1 0.328125 1 0.328125 0 0.328125 1 0.320312 1 0.320312 0 0.320312 1 0.3125 1 0.3125 0 0.3125 1 0.304688 1 0.304688 0 0.304688 1 0.296875 1 0.296875 0 0.296875 1 0.289062 1 0.289062 0 0.289062 1 0.28125 1 0.28125 0 0.28125 1 0.273438 1 0.273438 0 0.273438 1 0.265625 1 0.265625 0 0.265625 1 0.257812 1 0.257812 0 0.257812 1 0.25 1 0.25 0 0.25 1 0.242188 1 0.242188 0 0.242188 1 0.234375 1 0.234375 0 0.234375 1 0.226562 1 0.226562 0 0.226562 1 0.21875 1 0.21875 0 0.21875 1 0.210938 1 0.210938 0 0.210938 1 0.203125 1 0.203125 0 0.203125 1 0.195312 1 0.195312 0 0.195312 1 0.1875 1 0.1875 0 0.1875 1 0.179688 1 0.179688 0 0.179688 1 0.171875 1 0.171875 0 0.171875 1 0.164062 1 0.164062 0 0.164062 1 0.15625 1 0.15625 0 0.15625 1 0.148438 1 0.148438 0 0.101562 1 0.09375 1 0.09375 0 0.09375 1 0.08593797 1 0.08593797 0 0.08593797 1 0.078125 1 0.078125 0 0.078125 1 0.07031196 1 0.07031196 0 0.07031196 1 0.0625 1 0.0625 0 0.0625 1 0.05468797 1 0.05468797 0 0.05468797 1 0.046875 1 0.046875 0 0.046875 1 0.03906196 1 0.03906196 0 0.03906196 1 0.03125 1 0.03125 0 0.03125 1 0.02343797 1 0.02343797 0 0.02343797 1 0.015625 1 0.015625 0 0.015625 1 0.007811963 1 0.007811963 0 0.007811963 1 0 1 0 0 0.992188 0 0.992188 1 1 1 0.984375 0 0.984375 1 0.992188 1 0.976562 0 0.976562 1 0.984375 1 0.96875 0 0.96875 1 0.976562 1 0.960938 0 0.960938 1 0.96875 1 0.953125 0 0.953125 1 0.960938 1 0.945312 0 0.945312 1 0.953125 1 0.9375 0 0.9375 1 0.945312 1 0.929688 0 0.929688 1 0.9375 1 0.921875 0 0.921875 1 0.929688 1 0.914062 0 0.914062 1 0.921875 1 0.90625 0 0.90625 1 0.914062 1 0.898438 0 0.898438 1 0.90625 1 0.835938 0 0.835938 1 0.84375 1 0.828125 0 0.828125 1 0.835938 1 0.820312 0 0.820312 1 0.828125 1 0.8125 0 0.8125 1 0.820312 1 0.804688 0 0.804688 1 0.8125 1 0.796875 0 0.796875 1 0.804688 1 0.789062 0 0.789062 1 0.796875 1 0.78125 0 0.78125 1 0.789062 1 0.773438 0 0.773438 1 0.78125 1 0.765625 0 0.765625 1 0.773438 1 0.757812 0 0.757812 1 0.765625 1 0.75 0 0.75 1 0.757812 1 0.742188 0 0.742188 1 0.75 1 0.734375 0 0.734375 1 0.742188 1 0.726562 0 0.726562 1 0.734375 1 0.71875 0 0.71875 1 0.726562 1 0.710938 0 0.710938 1 0.71875 1 0.703125 0 0.703125 1 0.710938 1 0.695312 0 0.695312 1 0.703125 1 0.6875 0 0.6875 1 0.695312 1 0.679688 0 0.679688 1 0.6875 1 0.671875 0 0.671875 1 0.679688 1 0.664062 0 0.664062 1 0.671875 1 0.65625 0 0.65625 1 0.664062 1 0.648438 0 0.648438 1 0.65625 1 0.585938 0 0.585938 1 0.59375 1 0.578125 0 0.578125 1 0.585938 1 0.570312 0 0.570312 1 0.578125 1 0.5625 0 0.5625 1 0.570312 1 0.554688 0 0.554688 1 0.5625 1 0.546875 0 0.546875 1 0.554688 1 0.539062 0 0.539062 1 0.546875 1 0.53125 0 0.53125 1 0.539062 1 0.523438 0 0.523438 1 0.53125 1 0.515625 0 0.515625 1 0.523438 1 0.507812 0 0.507812 1 0.515625 1 0.5 0 0.5 1 0.507812 1 0.492188 0 0.492188 1 0.5 1 0.484375 0 0.484375 1 0.492188 1 0.476562 0 0.476562 1 0.484375 1 0.46875 0 0.46875 1 0.476562 1 0.460938 0 0.460938 1 0.46875 1 0.453125 0 0.453125 1 0.460938 1 0.445312 0 0.445312 1 0.453125 1 0.4375 0 0.4375 1 0.445312 1 0.429688 0 0.429688 1 0.4375 1 0.421875 0 0.421875 1 0.429688 1 0.414062 0 0.414062 1 0.421875 1 0.40625 0 0.40625 1 0.414062 1 0.34375 0 0.34375 1 0.351562 1 0.335938 0 0.335938 1 0.34375 1 0.328125 0 0.328125 1 0.335938 1 0.320312 0 0.320312 1 0.328125 1 0.3125 0 0.3125 1 0.320312 1 0.304688 0 0.304688 1 0.3125 1 0.296875 0 0.296875 1 0.304688 1 0.289062 0 0.289062 1 0.296875 1 0.28125 0 0.28125 1 0.289062 1 0.273438 0 0.273438 1 0.28125 1 0.265625 0 0.265625 1 0.273438 1 0.257812 0 0.257812 1 0.265625 1 0.25 0 0.25 1 0.257812 1 0.242188 0 0.242188 1 0.25 1 0.234375 0 0.234375 1 0.242188 1 0.226562 0 0.226562 1 0.234375 1 0.21875 0 0.21875 1 0.226562 1 0.210938 0 0.210938 1 0.21875 1 0.203125 0 0.203125 1 0.210938 1 0.195312 0 0.195312 1 0.203125 1 0.1875 0 0.1875 1 0.195312 1 0.179688 0 0.179688 1 0.1875 1 0.171875 0 0.171875 1 0.179688 1 0.164062 0 0.164062 1 0.171875 1 0.15625 0 0.15625 1 0.164062 1 0.09375 0 0.09375 1 0.101562 1 0.08593797 0 0.08593797 1 0.09375 1 0.078125 0 0.078125 1 0.08593797 1 0.07031196 0 0.07031196 1 0.078125 1 0.0625 0 0.0625 1 0.07031196 1 0.05468797 0 0.05468797 1 0.0625 1 0.046875 0 0.046875 1 0.05468797 1 0.03906196 0 0.03906196 1 0.046875 1 0.03125 0 0.03125 1 0.03906196 1 0.02343797 0 0.02343797 1 0.03125 1 0.015625 0 0.015625 1 0.02343797 1 0.007811963 0 0.007811963 1 0.015625 1 0 0 0 1 0.007811963 1 0.992188 0 0.992188 0 1 0 0.992188 1 1 1 1 1 0.984375 0 0.984375 0 0.992188 0 0.984375 1 0.992188 1 0.992188 1 0.976562 0 0.976562 0 0.984375 0 0.976562 1 0.984375 1 0.984375 1 0.96875 0 0.96875 0 0.976562 0 0.96875 1 0.976562 1 0.976562 1 0.960938 0 0.960938 0 0.96875 0 0.960938 1 0.96875 1 0.96875 1 0.953125 0 0.953125 0 0.960938 0 0.953125 1 0.960938 1 0.960938 1 0.945312 0 0.945312 0 0.953125 0 0.945312 1 0.953125 1 0.953125 1 0.9375 0 0.9375 0 0.945312 0 0.9375 1 0.945312 1 0.945312 1 0.929688 0 0.929688 0 0.9375 0 0.929688 1 0.9375 1 0.9375 1 0.921875 0 0.921875 0 0.929688 0 0.921875 1 0.929688 1 0.929688 1 0.914062 0 0.914062 0 0.921875 0 0.914062 1 0.921875 1 0.921875 1 0.914062 0 0.90625 0 0.90625 0 0.914062 1 0.914062 1 0.90625 1 0.90625 0 0.898438 0 0.898438 0 0.90625 1 0.90625 1 0.898438 1 0.835938 0 0.835938 0 0.84375 0 0.835938 1 0.84375 1 0.84375 1 0.835938 0 0.828125 0 0.828125 0 0.835938 1 0.835938 1 0.828125 1 0.820312 0 0.820312 0 0.828125 0 0.820312 1 0.828125 1 0.828125 1 0.820312 0 0.8125 0 0.8125 0 0.820312 1 0.820312 1 0.8125 1 0.8125 0 0.804688 0 0.804688 0 0.8125 1 0.8125 1 0.804688 1 0.804688 0 0.796875 0 0.796875 0 0.804688 1 0.804688 1 0.796875 1 0.796875 0 0.789062 0 0.789062 0 0.796875 1 0.796875 1 0.789062 1 0.789062 0 0.78125 0 0.78125 0 0.789062 1 0.789062 1 0.78125 1 0.78125 0 0.773438 0 0.773438 0 0.78125 1 0.78125 1 0.773438 1 0.773438 0 0.765625 0 0.765625 0 0.773438 1 0.773438 1 0.765625 1 0.765625 0 0.757812 0 0.757812 0 0.765625 1 0.765625 1 0.757812 1 0.757812 0 0.75 0 0.75 0 0.757812 1 0.757812 1 0.75 1 0.742188 0 0.742188 0 0.75 0 0.742188 1 0.75 1 0.75 1 0.734375 0 0.734375 0 0.742188 0 0.734375 1 0.742188 1 0.742188 1 0.726562 0 0.726562 0 0.734375 0 0.726562 1 0.734375 1 0.734375 1 0.71875 0 0.71875 0 0.726562 0 0.71875 1 0.726562 1 0.726562 1 0.710938 0 0.710938 0 0.71875 0 0.710938 1 0.71875 1 0.71875 1 0.703125 0 0.703125 0 0.710938 0 0.703125 1 0.710938 1 0.710938 1 0.695312 0 0.695312 0 0.703125 0 0.695312 1 0.703125 1 0.703125 1 0.6875 0 0.6875 0 0.695312 0 0.6875 1 0.695312 1 0.695312 1 0.679688 0 0.679688 0 0.6875 0 0.679688 1 0.6875 1 0.6875 1 0.679688 0 0.671875 0 0.671875 0 0.679688 1 0.679688 1 0.671875 1 0.664062 0 0.664062 0 0.671875 0 0.664062 1 0.671875 1 0.671875 1 0.664062 0 0.65625 0 0.65625 0 0.664062 1 0.664062 1 0.65625 1 0.65625 0 0.648438 0 0.648438 0 0.65625 1 0.65625 1 0.648438 1 0.585938 0 0.585938 0 0.59375 0 0.585938 1 0.59375 1 0.59375 1 0.585938 0 0.578125 0 0.578125 0 0.585938 1 0.585938 1 0.578125 1 0.578125 0 0.570312 0 0.570312 0 0.578125 1 0.578125 1 0.570312 1 0.570312 0 0.5625 0 0.5625 0 0.570312 1 0.570312 1 0.5625 1 0.5625 0 0.554688 0 0.554688 0 0.5625 1 0.5625 1 0.554688 1 0.554688 0 0.546875 0 0.546875 0 0.554688 1 0.554688 1 0.546875 1 0.546875 0 0.539062 0 0.539062 0 0.546875 1 0.546875 1 0.539062 1 0.539062 0 0.53125 0 0.53125 0 0.539062 1 0.539062 1 0.53125 1 0.53125 0 0.523438 0 0.523438 0 0.53125 1 0.53125 1 0.523438 1 0.523438 0 0.515625 0 0.515625 0 0.523438 1 0.523438 1 0.515625 1 0.515625 0 0.507812 0 0.507812 0 0.515625 1 0.515625 1 0.507812 1 0.507812 0 0.5 0 0.5 0 0.507812 1 0.507812 1 0.5 1 0.492188 0 0.492188 0 0.5 0 0.492188 1 0.5 1 0.5 1 0.484375 0 0.484375 0 0.492188 0 0.484375 1 0.492188 1 0.492188 1 0.476562 0 0.476562 0 0.484375 0 0.476562 1 0.484375 1 0.484375 1 0.46875 0 0.46875 0 0.476562 0 0.46875 1 0.476562 1 0.476562 1 0.460938 0 0.460938 0 0.46875 0 0.460938 1 0.46875 1 0.46875 1 0.453125 0 0.453125 0 0.460938 0 0.453125 1 0.460938 1 0.460938 1 0.445312 0 0.445312 0 0.453125 0 0.445312 1 0.453125 1 0.453125 1 0.4375 0 0.4375 0 0.445312 0 0.4375 1 0.445312 1 0.445312 1 0.429688 0 0.429688 0 0.4375 0 0.429688 1 0.4375 1 0.4375 1 0.429688 0 0.421875 0 0.421875 0 0.429688 1 0.429688 1 0.421875 1 0.414062 0 0.414062 0 0.421875 0 0.414062 1 0.421875 1 0.421875 1 0.40625 0 0.40625 0 0.414062 0 0.40625 1 0.414062 1 0.414062 1 0.34375 0 0.34375 0 0.351562 0 0.34375 1 0.351562 1 0.351562 1 0.34375 0 0.335938 0 0.335938 0 0.34375 1 0.34375 1 0.335938 1 0.335938 0 0.328125 0 0.328125 0 0.335938 1 0.335938 1 0.328125 1 0.328125 0 0.320312 0 0.320312 0 0.328125 1 0.328125 1 0.320312 1 0.320312 0 0.3125 0 0.3125 0 0.320312 1 0.320312 1 0.3125 1 0.3125 0 0.304688 0 0.304688 0 0.3125 1 0.3125 1 0.304688 1 0.304688 0 0.296875 0 0.296875 0 0.304688 1 0.304688 1 0.296875 1 0.296875 0 0.289062 0 0.289062 0 0.296875 1 0.296875 1 0.289062 1 0.289062 0 0.28125 0 0.28125 0 0.289062 1 0.289062 1 0.28125 1 0.28125 0 0.273438 0 0.273438 0 0.28125 1 0.28125 1 0.273438 1 0.273438 0 0.265625 0 0.265625 0 0.273438 1 0.273438 1 0.265625 1 0.265625 0 0.257812 0 0.257812 0 0.265625 1 0.265625 1 0.257812 1 0.257812 0 0.25 0 0.25 0 0.257812 1 0.257812 1 0.25 1 0.242188 0 0.242188 0 0.25 0 0.242188 1 0.25 1 0.25 1 0.234375 0 0.234375 0 0.242188 0 0.234375 1 0.242188 1 0.242188 1 0.226562 0 0.226562 0 0.234375 0 0.226562 1 0.234375 1 0.234375 1 0.21875 0 0.21875 0 0.226562 0 0.21875 1 0.226562 1 0.226562 1 0.210938 0 0.210938 0 0.21875 0 0.210938 1 0.21875 1 0.21875 1 0.203125 0 0.203125 0 0.210938 0 0.203125 1 0.210938 1 0.210938 1 0.195312 0 0.195312 0 0.203125 0 0.195312 1 0.203125 1 0.203125 1 0.1875 0 0.1875 0 0.195312 0 0.1875 1 0.195312 1 0.195312 1 0.179688 0 0.179688 0 0.1875 0 0.179688 1 0.1875 1 0.1875 1 0.179688 0 0.171875 0 0.171875 0 0.179688 1 0.179688 1 0.171875 1 0.164062 0 0.164062 0 0.171875 0 0.164062 1 0.171875 1 0.171875 1 0.164062 0 0.15625 0 0.15625 0 0.164062 1 0.164062 1 0.15625 1 0.09375 0 0.09375 0 0.101562 0 0.09375 1 0.101562 1 0.101562 1 0.08593797 0 0.08593797 0 0.09375 0 0.08593797 1 0.09375 1 0.09375 1 0.08593797 0 0.078125 0 0.078125 0 0.08593797 1 0.08593797 1 0.078125 1 0.07031196 0 0.07031196 0 0.078125 0 0.07031196 1 0.078125 1 0.078125 1 0.07031196 0 0.0625 0 0.0625 0 0.07031196 1 0.07031196 1 0.0625 1 0.0625 0 0.05468797 0 0.05468797 0 0.0625 1 0.0625 1 0.05468797 1 0.05468797 0 0.046875 0 0.046875 0 0.05468797 1 0.05468797 1 0.046875 1 0.046875 0 0.03906196 0 0.03906196 0 0.046875 1 0.046875 1 0.03906196 1 0.03906196 0 0.03125 0 0.03125 0 0.03906196 1 0.03906196 1 0.03125 1 0.03125 0 0.02343797 0 0.02343797 0 0.03125 1 0.03125 1 0.02343797 1 0.02343797 0 0.015625 0 0.015625 0 0.02343797 1 0.02343797 1 0.015625 1 0.015625 0 0.007811963 0 0.007811963 0 0.015625 1 0.015625 1 0.007811963 1 0.007811963 0 0 0 0 0 0.007811963 1 0.007811963 1 0 1 0.375 0.1345649 0.375 0.159746 0.625 0.159746 0.375 0.588311 0.375 0.613676 0.625 0.613676 0.40625 1 0.399065 1 0.399065 0 0.351562 0 0.354345 0 0.354345 1 0.40625 1 0.40625 0 0.400079 0 0.351562 0 0.351562 1 0.35348 1 0.400079 0 0.40625 0 0.40625 0 0.40625 1 0.40625 1 0.400079 1 0.351562 0 0.351562 0 0.35348 0 0.35348 1 0.351562 1 0.351562 1 0.375 0.1135179 0.375 0.1386989 0.625 0.1386989 0.375 0.621155 0.375 0.637308 0.625 0.637308 0.625 0.621155 0.625 0.61201 0.375 0.61201 0.375 0.621155 0.625 0.637308 0.625 0.621155 0.648438 0 0.648438 1 0.646621 1 0.601562 1 0.601562 0 0.601904 0 0.648438 1 0.648438 0 0.647525 0 0.59375 1 0.600934 1 0.600934 0 0.647525 0 0.648438 0 0.648438 0 0.648438 1 0.648438 1 0.647525 1 0.601562 0 0.601562 0 0.59375 0 0.59375 0 0.59375 0 0.601562 0 0.601562 1 0.600934 1 0.59375 1 0.59375 1 0.59375 1 0.601562 1 0.375 0.122472 0.375 0.147653 0.625 0.147653 0.375 0.629472 0.625 0.629472 0.625 0.604106 0.898438 1 0.895655 1 0.895655 0 0.84375 1 0.84375 0 0.850934 0 0.898438 0 0.896519 0 0.896519 1 0.84375 1 0.84992 1 0.84992 0 0.898438 0 0.895655 0 0.896519 0 0.898438 1 0.898438 1 0.896519 1 0.84375 0 0.84375 0 0.84992 0 0.84375 1 0.850934 1 0.84992 1 0.625 0.151141 0.625 0.12596 0.375 0.12596 0.625 0.615285 0.625 0.597983 0.375 0.597983 0.375 0.615285 0.375 0.62329 0.625 0.62329 0.625 0.615285 0.375 0.597983 0.375 0.615285 0.148438 1 0.148138 1 0.148138 0 0.101562 0 0.103422 0 0.103422 1 0.15625 0 0.149111 0 0.149111 1 0.101562 0 0.101562 1 0.102519 1 0.148438 0 0.149111 0 0.15625 0 0.15625 0 0.15625 0 0.148438 0 0.148438 1 0.148438 1 0.15625 1 0.15625 1 0.15625 1 0.148438 1 0.101562 0 0.101562 0 0.102519 0 0.102519 1 0.101562 1 0.101562 1</float_array>
          <technique_common>
            <accessor source="#Cylinder_Cylinder_001-mesh-map-0-array" count="2688" stride="2">
              <param name="S" type="float"/>
              <param name="T" type="float"/>
            </accessor>
          </technique_common>
        </source>
        <vertices id="Cylinder_Cylinder_001-mesh-vertices">
          <input semantic="POSITION" source="#Cylinder_Cylinder_001-mesh-positions"/>
        </vertices>
        <triangles material="None-material" count="896">
          <input semantic="VERTEX" source="#Cylinder_Cylinder_001-mesh-vertices" offset="0"/>
          <input semantic="NORMAL" source="#Cylinder_Cylinder_001-mesh-normals" offset="1"/>
          <input semantic="TEXCOORD" source="#Cylinder_Cylinder_001-mesh-map-0" offset="2" set="0"/>
          <p>1 0 0 3 1 1 0 2 2 2 3 3 5 3 4 3 4 5 4 5 6 7 6 7 5 7 8 6 8 9 9 8 10 7 9 11 8 10 12 11 10 13 9 11 14 10 12 15 13 13 16 11 14 17 12 15 18 15 16 19 13 17 20 14 18 21 17 18 22 15 19 23 16 20 24 19 20 25 17 20 26 18 21 27 21 21 28 19 22 29 20 23 30 23 23 31 21 24 32 22 25 33 25 26 34 23 27 35 24 28 36 27 29 37 25 30 38 29 31 39 31 32 40 28 33 41 30 34 42 33 34 43 31 35 44 32 36 45 35 37 46 33 38 47 34 39 48 37 40 49 35 41 50 36 42 51 39 43 52 37 44 53 38 45 54 41 45 55 39 46 56 40 47 57 43 48 58 41 49 59 42 50 60 45 51 61 43 52 62 44 53 63 47 53 64 45 54 65 46 55 66 49 55 67 47 56 68 48 57 69 51 57 70 49 58 71 50 59 72 53 59 73 51 60 74 52 61 75 55 61 76 53 62 77 54 63 78 57 64 79 55 65 80 56 66 81 59 66 82 57 67 83 58 68 84 61 68 85 59 69 86 60 70 87 63 70 88 61 71 89 62 72 90 65 73 91 63 74 92 64 75 93 67 75 94 65 75 95 66 76 96 69 76 97 67 77 98 68 78 99 71 78 100 69 78 101 70 79 102 73 80 103 71 81 104 72 82 105 75 83 106 73 84 107 74 85 108 77 86 109 75 87 110 76 88 111 79 88 112 77 88 113 81 89 114 83 89 115 80 90 116 82 91 117 85 91 118 83 91 119 84 92 120 87 92 121 85 92 122 86 93 123 89 93 124 87 94 125 88 95 126 91 95 127 89 95 128 90 96 129 93 96 130 91 97 131 92 98 132 95 99 133 93 100 134 94 101 135 97 102 136 95 103 137 96 104 138 99 104 139 97 104 140 98 105 141 101 105 142 99 106 143 100 107 144 103 108 145 101 109 146 102 110 147 105 110 148 103 110 149 104 111 150 107 112 151 105 113 152 106 114 153 109 115 154 107 116 155 108 117 156 111 117 157 109 117 158 110 118 159 113 118 160 111 119 161 112 120 162 115 120 163 113 121 164 114 122 165 117 122 166 115 123 167 116 124 168 119 125 169 117 126 170 118 127 171 121 128 172 119 129 173 120 130 174 123 131 175 121 132 176 122 133 177 125 133 178 123 134 179 124 135 180 127 136 181 125 137 182 126 138 183 129 138 184 127 138 185 128 139 186 131 139 187 129 139 188 133 140 189 135 140 190 132 140 191 134 141 192 137 142 193 135 143 194 136 144 195 139 145 196 137 146 197 138 147 198 141 148 199 139 149 200 140 150 201 143 150 202 141 151 203 142 152 204 145 153 205 143 153 206 144 154 207 147 154 208 145 154 209 146 155 210 149 156 211 147 157 212 148 158 213 151 158 214 149 159 215 150 160 216 153 161 217 151 162 218 152 163 219 155 163 220 153 164 221 154 165 222 157 166 223 155 166 224 156 167 225 159 167 226 157 167 227 158 168 228 161 168 229 159 169 230 160 170 231 163 170 232 161 170 233 162 171 234 165 171 235 163 172 236 164 173 237 167 174 238 165 175 239 166 176 240 169 177 241 167 178 242 168 179 243 171 180 244 169 181 245 170 182 246 173 182 247 171 182 248 172 183 249 175 184 250 173 185 251 174 186 252 177 187 253 175 188 254 176 189 255 179 190 256 177 191 257 178 192 258 181 192 259 179 193 260 180 194 261 183 195 262 181 196 263 182 197 264 185 197 265 183 197 266 187 198 267 189 199 268 186 200 269 188 201 270 191 201 271 189 202 272 190 203 273 193 204 274 191 205 275 192 206 276 195 206 277 193 207 278 194 208 279 197 208 280 195 209 281 196 210 282 199 211 283 197 212 284 198 213 285 201 214 286 199 215 287 200 216 288 203 217 289 201 218 290 202 219 291 205 219 292 203 220 293 204 221 294 207 221 295 205 222 296 206 223 297 209 223 298 207 224 299 208 225 300 211 225 301 209 226 302 210 227 303 0 228 304 211 229 305 213 230 306 215 230 307 212 231 308 216 232 309 214 232 310 213 232 311 218 233 312 217 234 313 216 235 314 220 236 315 219 236 316 218 237 317 222 238 318 221 239 319 220 240 320 224 241 321 223 241 322 222 242 323 226 243 324 225 243 325 224 243 326 228 244 327 227 245 328 226 246 329 230 247 330 229 247 331 228 248 332 232 249 333 231 249 334 230 250 335 234 251 336 233 252 337 232 253 338 236 254 339 235 255 340 234 256 341 238 257 342 237 258 343 236 259 344 241 260 345 243 261 346 240 262 347 244 263 348 242 263 349 241 263 350 246 264 351 245 265 352 244 266 353 248 267 354 247 268 355 246 269 356 250 270 357 249 271 358 248 270 359 252 272 360 251 273 361 250 274 362 254 275 363 253 275 364 252 276 365 256 277 366 255 278 367 254 279 368 258 280 369 257 281 370 256 282 371 260 283 372 259 284 373 258 285 374 262 286 375 261 287 376 260 288 377 264 289 378 263 289 379 262 290 380 266 291 381 265 291 382 264 292 383 268 293 384 267 294 385 266 295 386 270 296 387 269 297 388 268 298 389 272 299 390 271 300 391 270 299 392 274 301 393 273 302 394 272 303 395 276 304 396 275 304 397 274 305 398 278 306 399 277 306 400 276 306 401 280 307 402 279 308 403 278 307 404 282 309 405 281 310 406 280 311 407 284 312 408 283 313 409 282 314 410 286 315 411 285 316 412 284 317 413 288 318 414 287 318 415 286 318 416 290 319 417 289 320 418 288 321 419 293 322 420 295 323 421 292 324 422 296 325 423 294 325 424 293 326 425 298 327 426 297 328 427 296 329 428 300 330 429 299 330 430 298 331 431 302 332 432 301 333 433 300 334 434 304 335 435 303 336 436 302 337 437 306 338 438 305 339 439 304 340 440 308 341 441 307 342 442 306 343 443 310 344 444 309 345 445 308 346 446 312 347 447 311 347 448 310 348 449 314 349 450 313 349 451 312 349 452 316 350 453 315 350 454 314 351 455 318 352 456 317 352 457 316 353 458 320 354 459 319 354 460 318 355 461 322 356 462 321 357 463 320 358 464 324 359 465 323 360 466 322 361 467 326 362 468 325 363 469 324 364 470 328 365 471 327 366 472 326 367 473 330 368 474 329 369 475 328 370 476 332 371 477 331 371 478 330 372 479 334 373 480 333 374 481 332 375 482 336 376 483 335 377 484 334 378 485 338 379 486 337 379 487 336 379 488 340 380 489 339 381 490 338 382 491 343 383 492 345 383 493 342 384 494 346 385 495 344 386 496 343 387 497 348 388 498 347 389 499 346 390 500 350 391 501 349 392 502 348 393 503 352 394 504 351 394 505 350 395 506 354 396 507 353 397 508 352 398 509 356 399 510 355 399 511 354 400 512 358 401 513 357 401 514 356 402 515 360 403 516 359 404 517 358 405 518 362 406 519 361 407 520 360 408 521 364 409 522 363 409 523 362 410 524 366 411 525 365 411 526 364 412 527 368 413 528 367 413 529 366 413 530 370 414 531 369 414 532 368 414 533 372 415 534 371 416 535 370 415 536 374 417 537 373 418 538 372 419 539 376 420 540 375 421 541 374 422 542 378 423 543 377 424 544 376 425 545 380 426 546 379 426 547 378 427 548 382 428 549 381 428 550 380 428 551 384 429 552 383 430 553 382 431 554 386 432 555 385 433 556 384 434 557 388 435 558 387 436 559 386 437 560 390 438 561 389 438 562 388 439 563 392 440 564 391 441 565 390 442 566 395 443 567 397 443 568 394 443 569 398 444 570 396 445 571 395 446 572 400 447 573 399 447 574 398 448 575 402 449 576 401 449 577 400 450 578 404 451 579 403 451 580 402 452 581 406 453 582 405 454 583 404 455 584 408 456 585 407 456 586 406 456 587 410 457 588 409 458 589 408 459 590 412 460 591 411 461 592 410 462 593 414 463 594 413 464 595 412 465 596 416 466 597 415 467 598 414 468 599 418 469 600 417 469 601 416 469 602 212 470 603 419 470 604 418 471 605 3 472 606 212 473 607 0 473 608 2 474 609 215 475 610 214 476 611 5 477 612 213 478 613 3 472 614 4 479 615 214 476 616 217 480 617 7 473 618 216 481 619 5 477 620 6 475 621 217 480 622 219 475 623 9 473 624 218 473 625 7 473 626 8 475 627 219 475 628 221 475 629 11 473 630 220 473 631 9 473 632 10 475 633 221 475 634 223 475 635 13 473 636 222 473 637 11 473 638 12 475 639 223 475 640 225 475 641 15 473 642 224 473 643 13 473 644 14 475 645 225 475 646 227 475 647 17 473 648 226 473 649 15 473 650 16 475 651 227 475 652 229 475 653 19 473 654 228 473 655 17 473 656 18 475 657 229 475 658 231 475 659 21 473 660 230 473 661 19 473 662 20 475 663 231 475 664 233 475 665 23 473 666 232 473 667 21 473 668 22 475 669 233 475 670 235 475 671 23 473 672 236 473 673 234 473 674 22 475 675 237 475 676 24 475 677 25 473 678 238 473 679 236 473 680 24 475 681 239 475 682 26 475 683 31 473 684 240 473 685 28 473 686 30 475 687 243 475 688 242 475 689 31 473 690 244 473 691 241 473 692 30 475 693 245 475 694 32 475 695 35 473 696 244 473 697 33 473 698 34 475 699 245 475 700 247 475 701 35 473 702 248 473 703 246 473 704 34 475 705 249 475 706 36 475 707 37 473 708 250 473 709 248 473 710 36 475 711 251 475 712 38 475 713 39 473 714 252 473 715 250 473 716 38 475 717 253 475 718 40 475 719 41 473 720 254 473 721 252 473 722 40 475 723 255 475 724 42 475 725 43 473 726 256 473 727 254 473 728 42 475 729 257 475 730 44 475 731 45 473 732 258 473 733 256 473 734 44 475 735 259 475 736 46 475 737 47 473 738 260 473 739 258 473 740 46 475 741 261 475 742 48 475 743 49 473 744 262 473 745 260 473 746 48 475 747 263 475 748 50 475 749 51 473 750 264 473 751 262 473 752 50 475 753 265 475 754 52 475 755 55 473 756 264 473 757 53 473 758 54 475 759 265 475 760 267 475 761 57 473 762 266 473 763 55 473 764 56 475 765 267 475 766 269 475 767 59 473 768 268 473 769 57 473 770 58 475 771 269 475 772 271 475 773 61 473 774 270 473 775 59 473 776 60 475 777 271 475 778 273 475 779 63 473 780 272 473 781 61 473 782 62 475 783 273 475 784 275 475 785 65 473 786 274 473 787 63 473 788 64 475 789 275 475 790 277 475 791 67 473 792 276 473 793 65 473 794 66 475 795 277 475 796 279 475 797 69 473 798 278 473 799 67 473 800 68 475 801 279 475 802 281 475 803 71 473 804 280 473 805 69 473 806 70 475 807 281 475 808 283 475 809 71 473 810 284 473 811 282 473 812 70 475 813 285 475 814 72 475 815 75 473 816 284 473 817 73 473 818 74 475 819 285 475 820 287 475 821 75 473 822 288 473 823 286 473 824 74 475 825 289 475 826 76 475 827 77 473 828 290 473 829 288 473 830 76 475 831 291 475 832 78 475 833 85 473 834 292 473 835 83 473 836 84 475 837 295 475 838 294 475 839 85 473 840 296 473 841 293 473 842 84 475 843 297 475 844 86 475 845 87 473 846 298 473 847 296 473 848 86 475 849 299 475 850 88 475 851 89 473 852 300 473 853 298 473 854 88 475 855 301 475 856 90 475 857 91 473 858 302 473 859 300 473 860 90 475 861 303 475 862 92 475 863 93 473 864 304 473 865 302 473 866 92 475 867 305 475 868 94 475 869 95 473 870 306 473 871 304 473 872 94 475 873 307 475 874 96 475 875 97 473 876 308 473 877 306 473 878 96 475 879 309 475 880 98 475 881 99 473 882 310 473 883 308 473 884 98 475 885 311 475 886 100 475 887 101 473 888 312 473 889 310 473 890 100 475 891 313 475 892 102 475 893 103 473 894 314 473 895 312 473 896 102 475 897 315 475 898 104 475 899 105 473 900 316 473 901 314 473 902 104 475 903 317 475 904 106 475 905 109 473 906 316 473 907 107 473 908 108 475 909 317 475 910 319 475 911 111 473 912 318 473 913 109 473 914 110 475 915 319 475 916 321 475 917 113 473 918 320 473 919 111 473 920 112 475 921 321 475 922 323 475 923 115 473 924 322 473 925 113 473 926 114 475 927 323 475 928 325 475 929 117 473 930 324 473 931 115 473 932 116 475 933 325 475 934 327 475 935 119 473 936 326 473 937 117 473 938 118 475 939 327 475 940 329 475 941 121 473 942 328 473 943 119 473 944 120 475 945 329 475 946 331 475 947 123 473 948 330 473 949 121 473 950 122 475 951 331 475 952 333 475 953 125 473 954 332 473 955 123 473 956 124 475 957 333 475 958 335 475 959 125 473 960 336 473 961 334 473 962 124 475 963 337 475 964 126 475 965 129 473 966 336 473 967 127 473 968 128 475 969 337 475 970 339 475 971 131 473 972 338 473 973 129 473 974 130 475 975 339 475 976 341 475 977 135 473 978 342 473 979 132 473 980 134 475 981 345 475 982 344 475 983 135 473 984 346 473 985 343 473 986 134 475 987 347 475 988 136 475 989 137 473 990 348 473 991 346 473 992 136 475 993 349 475 994 138 475 995 139 473 996 350 473 997 348 473 998 138 475 999 351 475 1000 140 475 1001 141 473 1002 352 473 1003 350 473 1004 140 475 1005 353 475 1006 142 475 1007 143 473 1008 354 473 1009 352 473 1010 142 475 1011 355 475 1012 144 475 1013 145 473 1014 356 473 1015 354 473 1016 144 475 1017 357 475 1018 146 475 1019 147 473 1020 358 473 1021 356 473 1022 146 475 1023 359 475 1024 148 475 1025 149 473 1026 360 473 1027 358 473 1028 148 475 1029 361 475 1030 150 475 1031 151 473 1032 362 473 1033 360 473 1034 150 475 1035 363 475 1036 152 475 1037 153 473 1038 364 473 1039 362 473 1040 152 475 1041 365 475 1042 154 475 1043 155 473 1044 366 473 1045 364 473 1046 154 475 1047 367 475 1048 156 475 1049 157 473 1050 368 473 1051 366 473 1052 156 475 1053 369 475 1054 158 475 1055 161 473 1056 368 473 1057 159 473 1058 160 475 1059 369 475 1060 371 475 1061 163 473 1062 370 473 1063 161 473 1064 162 475 1065 371 475 1066 373 475 1067 165 473 1068 372 473 1069 163 473 1070 164 475 1071 373 475 1072 375 475 1073 167 473 1074 374 473 1075 165 473 1076 166 475 1077 375 475 1078 377 475 1079 169 473 1080 376 473 1081 167 473 1082 168 475 1083 377 475 1084 379 475 1085 171 473 1086 378 473 1087 169 473 1088 170 475 1089 379 475 1090 381 475 1091 173 473 1092 380 473 1093 171 473 1094 172 475 1095 381 475 1096 383 475 1097 175 473 1098 382 473 1099 173 473 1100 174 475 1101 383 475 1102 385 475 1103 177 473 1104 384 473 1105 175 473 1106 176 475 1107 385 475 1108 387 475 1109 177 473 1110 388 473 1111 386 473 1112 176 475 1113 389 475 1114 178 475 1115 181 473 1116 388 473 1117 179 473 1118 180 475 1119 389 475 1120 391 475 1121 181 473 1122 392 473 1123 390 473 1124 180 475 1125 393 475 1126 182 475 1127 189 473 1128 394 473 1129 186 473 1130 188 475 1131 397 475 1132 396 475 1133 191 473 1134 395 473 1135 189 473 1136 190 475 1137 396 475 1138 399 475 1139 191 473 1140 400 473 1141 398 473 1142 190 475 1143 401 475 1144 192 475 1145 195 473 1146 400 473 1147 193 473 1148 194 475 1149 401 475 1150 403 475 1151 195 473 1152 404 473 1153 402 473 1154 194 475 1155 405 475 1156 196 475 1157 197 473 1158 406 473 1159 404 473 1160 196 475 1161 407 475 1162 198 475 1163 199 473 1164 408 473 1165 406 473 1166 198 475 1167 409 475 1168 200 475 1169 201 473 1170 410 473 1171 408 473 1172 200 475 1173 411 475 1174 202 475 1175 203 473 1176 412 473 1177 410 473 1178 202 475 1179 413 475 1180 204 475 1181 205 473 1182 414 473 1183 412 473 1184 204 475 1185 415 475 1186 206 475 1187 207 473 1188 416 473 1189 414 473 1190 206 475 1191 417 475 1192 208 475 1193 209 473 1194 418 473 1195 416 473 1196 208 475 1197 419 475 1198 210 475 1199 211 473 1200 212 473 1201 418 473 1202 210 475 1203 215 475 1204 1 475 1205 421 482 1206 423 482 1207 420 482 1208 425 483 1209 427 484 1210 424 485 1211 130 486 1212 426 486 1213 131 487 1214 132 488 1215 420 488 1216 133 489 1217 341 490 1218 425 491 1219 424 492 1220 342 493 1221 423 494 1222 422 495 1223 425 473 1224 131 473 1225 426 473 1226 130 475 1227 424 475 1228 427 475 1229 132 473 1230 422 473 1231 421 473 1232 423 475 1233 133 475 1234 420 475 1235 429 496 1236 431 496 1237 428 496 1238 434 497 1239 436 498 1240 437 499 1241 79 500 1242 431 500 1243 430 501 1244 81 502 1245 436 502 1246 435 503 1247 291 504 1248 429 505 1249 428 506 1250 295 507 1251 432 508 1252 292 509 1253 429 473 1254 79 473 1255 430 473 1256 78 475 1257 428 475 1258 431 475 1259 437 473 1260 436 473 1261 80 473 1262 434 475 1263 81 475 1264 435 475 1265 292 473 1266 432 473 1267 437 473 1268 82 475 1269 81 475 1270 434 475 1271 439 510 1272 441 510 1273 438 511 1274 443 512 1275 445 512 1276 442 512 1277 26 513 1278 440 513 1279 27 513 1280 29 514 1281 442 515 1282 445 516 1283 238 517 1284 438 517 1285 239 517 1286 243 518 1287 443 519 1288 240 520 1289 27 473 1290 439 473 1291 238 473 1292 26 475 1293 438 475 1294 441 475 1295 28 473 1296 443 473 1297 442 473 1298 29 475 1299 444 475 1300 243 475 1301 447 496 1302 449 496 1303 446 496 1304 452 521 1305 454 522 1306 455 523 1307 184 524 1308 453 524 1309 185 525 1310 186 526 1311 448 527 1312 187 528 1313 392 529 1314 450 529 1315 393 530 1316 394 531 1317 447 532 1318 446 533 1319 183 473 1320 185 473 1321 452 473 1322 393 475 1323 450 475 1324 455 475 1325 453 473 1326 452 473 1327 185 473 1328 454 475 1329 184 475 1330 455 475 1331 186 473 1332 446 473 1333 449 473 1334 447 475 1335 187 475 1336 448 475 1337 1 0 1338 2 534 1339 3 1 1340 2 3 1341 4 4 1342 5 3 1343 4 5 1344 6 535 1345 7 6 1346 6 8 1347 8 9 1348 9 8 1349 8 10 1350 10 11 1351 11 10 1352 10 12 1353 12 536 1354 13 13 1355 12 15 1356 14 537 1357 15 16 1358 14 18 1359 16 19 1360 17 18 1361 16 20 1362 18 20 1363 19 20 1364 18 21 1365 20 22 1366 21 21 1367 20 23 1368 22 24 1369 23 23 1370 22 25 1371 24 538 1372 25 26 1373 24 28 1374 26 539 1375 27 29 1376 29 31 1377 30 540 1378 31 32 1379 30 34 1380 32 35 1381 33 34 1382 32 36 1383 34 541 1384 35 37 1385 34 39 1386 36 542 1387 37 40 1388 36 42 1389 38 42 1390 39 43 1391 38 45 1392 40 46 1393 41 45 1394 40 47 1395 42 543 1396 43 48 1397 42 50 1398 44 544 1399 45 51 1400 44 53 1401 46 54 1402 47 53 1403 46 55 1404 48 56 1405 49 55 1406 48 57 1407 50 58 1408 51 57 1409 50 59 1410 52 60 1411 53 59 1412 52 61 1413 54 62 1414 55 61 1415 54 63 1416 56 545 1417 57 64 1418 56 66 1419 58 67 1420 59 66 1421 58 68 1422 60 69 1423 61 68 1424 60 70 1425 62 71 1426 63 70 1427 62 72 1428 64 546 1429 65 73 1430 64 75 1431 66 75 1432 67 75 1433 66 76 1434 68 77 1435 69 76 1436 68 78 1437 70 78 1438 71 78 1439 70 79 1440 72 547 1441 73 80 1442 72 82 1443 74 548 1444 75 83 1445 74 85 1446 76 549 1447 77 86 1448 76 88 1449 78 88 1450 79 88 1451 81 89 1452 82 90 1453 83 89 1454 82 91 1455 84 91 1456 85 91 1457 84 92 1458 86 92 1459 87 92 1460 86 93 1461 88 94 1462 89 93 1463 88 95 1464 90 95 1465 91 95 1466 90 96 1467 92 97 1468 93 96 1469 92 98 1470 94 550 1471 95 99 1472 94 101 1473 96 551 1474 97 102 1475 96 104 1476 98 104 1477 99 104 1478 98 105 1479 100 106 1480 101 105 1481 100 107 1482 102 552 1483 103 108 1484 102 110 1485 104 110 1486 105 110 1487 104 111 1488 106 553 1489 107 112 1490 106 114 1491 108 554 1492 109 115 1493 108 117 1494 110 117 1495 111 117 1496 110 118 1497 112 119 1498 113 118 1499 112 120 1500 114 121 1501 115 120 1502 114 122 1503 116 123 1504 117 122 1505 116 124 1506 118 555 1507 119 125 1508 118 127 1509 120 556 1510 121 128 1511 120 130 1512 122 557 1513 123 131 1514 122 133 1515 124 134 1516 125 133 1517 124 135 1518 126 558 1519 127 136 1520 126 138 1521 128 138 1522 129 138 1523 128 139 1524 130 139 1525 131 139 1526 133 140 1527 134 140 1528 135 140 1529 134 141 1530 136 559 1531 137 142 1532 136 144 1533 138 560 1534 139 145 1535 138 147 1536 140 561 1537 141 148 1538 140 150 1539 142 151 1540 143 150 1541 142 152 1542 144 562 1543 145 153 1544 144 154 1545 146 154 1546 147 154 1547 146 155 1548 148 563 1549 149 156 1550 148 158 1551 150 159 1552 151 158 1553 150 160 1554 152 160 1555 153 161 1556 152 163 1557 154 164 1558 155 163 1559 154 165 1560 156 165 1561 157 166 1562 156 167 1563 158 167 1564 159 167 1565 158 168 1566 160 169 1567 161 168 1568 160 170 1569 162 170 1570 163 170 1571 162 171 1572 164 172 1573 165 171 1574 164 173 1575 166 564 1576 167 174 1577 166 176 1578 168 565 1579 169 177 1580 168 179 1581 170 566 1582 171 180 1583 170 182 1584 172 182 1585 173 182 1586 172 183 1587 174 567 1588 175 184 1589 174 186 1590 176 568 1591 177 187 1592 176 189 1593 178 569 1594 179 190 1595 178 192 1596 180 193 1597 181 192 1598 180 194 1599 182 570 1600 183 195 1601 182 197 1602 184 197 1603 185 197 1604 187 198 1605 188 571 1606 189 199 1607 188 201 1608 190 202 1609 191 201 1610 190 203 1611 192 572 1612 193 204 1613 192 206 1614 194 207 1615 195 206 1616 194 208 1617 196 209 1618 197 208 1619 196 210 1620 198 573 1621 199 211 1622 198 213 1623 200 574 1624 201 214 1625 200 216 1626 202 575 1627 203 217 1628 202 219 1629 204 220 1630 205 219 1631 204 221 1632 206 222 1633 207 221 1634 206 223 1635 208 224 1636 209 223 1637 208 225 1638 210 226 1639 211 225 1640 210 227 1641 1 576 1642 0 228 1643 213 230 1644 214 231 1645 215 230 1646 216 232 1647 217 232 1648 214 232 1649 218 233 1650 219 577 1651 217 234 1652 220 236 1653 221 237 1654 219 236 1655 222 238 1656 223 578 1657 221 239 1658 224 241 1659 225 242 1660 223 241 1661 226 243 1662 227 243 1663 225 243 1664 228 244 1665 229 579 1666 227 245 1667 230 247 1668 231 248 1669 229 247 1670 232 249 1671 233 250 1672 231 249 1673 234 251 1674 235 580 1675 233 252 1676 236 254 1677 237 581 1678 235 255 1679 238 257 1680 239 582 1681 237 258 1682 241 260 1683 242 583 1684 243 261 1685 244 263 1686 245 263 1687 242 263 1688 246 264 1689 247 584 1690 245 265 1691 248 267 1692 249 585 1693 247 268 1694 250 270 1695 251 271 1696 249 271 1697 252 272 1698 253 586 1699 251 273 1700 254 275 1701 255 276 1702 253 275 1703 256 277 1704 257 278 1705 255 278 1706 258 280 1707 259 587 1708 257 281 1709 260 283 1710 261 284 1711 259 284 1712 262 286 1713 263 588 1714 261 287 1715 264 289 1716 265 290 1717 263 289 1718 266 291 1719 267 292 1720 265 291 1721 268 293 1722 269 589 1723 267 294 1724 270 296 1725 271 590 1726 269 297 1727 272 299 1728 273 591 1729 271 300 1730 274 301 1731 275 592 1732 273 302 1733 276 304 1734 277 305 1735 275 304 1736 278 306 1737 279 306 1738 277 306 1739 280 307 1740 281 308 1741 279 308 1742 282 309 1743 283 593 1744 281 310 1745 284 312 1746 285 594 1747 283 313 1748 286 315 1749 287 595 1750 285 316 1751 288 318 1752 289 318 1753 287 318 1754 290 319 1755 291 596 1756 289 320 1757 293 322 1758 294 597 1759 295 323 1760 296 325 1761 297 326 1762 294 325 1763 298 327 1764 299 598 1765 297 328 1766 300 330 1767 301 331 1768 299 330 1769 302 332 1770 303 599 1771 301 333 1772 304 335 1773 305 600 1774 303 336 1775 306 338 1776 307 601 1777 305 339 1778 308 341 1779 309 602 1780 307 342 1781 310 344 1782 311 603 1783 309 345 1784 312 347 1785 313 348 1786 311 347 1787 314 349 1788 315 349 1789 313 349 1790 316 350 1791 317 351 1792 315 350 1793 318 352 1794 319 353 1795 317 352 1796 320 354 1797 321 355 1798 319 354 1799 322 356 1800 323 604 1801 321 357 1802 324 359 1803 325 605 1804 323 360 1805 326 362 1806 327 606 1807 325 363 1808 328 365 1809 329 607 1810 327 366 1811 330 368 1812 331 608 1813 329 369 1814 332 371 1815 333 372 1816 331 371 1817 334 373 1818 335 609 1819 333 374 1820 336 376 1821 337 610 1822 335 377 1823 338 379 1824 339 379 1825 337 379 1826 340 380 1827 341 611 1828 339 381 1829 343 383 1830 344 384 1831 345 383 1832 346 385 1833 347 612 1834 344 386 1835 348 388 1836 349 613 1837 347 389 1838 350 391 1839 351 614 1840 349 392 1841 352 394 1842 353 395 1843 351 394 1844 354 396 1845 355 615 1846 353 397 1847 356 399 1848 357 400 1849 355 399 1850 358 401 1851 359 402 1852 357 401 1853 360 403 1854 361 616 1855 359 404 1856 362 406 1857 363 407 1858 361 407 1859 364 409 1860 365 410 1861 363 409 1862 366 411 1863 367 412 1864 365 411 1865 368 413 1866 369 413 1867 367 413 1868 370 414 1869 371 414 1870 369 414 1871 372 415 1872 373 617 1873 371 416 1874 374 417 1875 375 618 1876 373 418 1877 376 420 1878 377 421 1879 375 421 1880 378 423 1881 379 619 1882 377 424 1883 380 426 1884 381 427 1885 379 426 1886 382 428 1887 383 428 1888 381 428 1889 384 429 1890 385 620 1891 383 430 1892 386 432 1893 387 621 1894 385 433 1895 388 435 1896 389 622 1897 387 436 1898 390 438 1899 391 439 1900 389 438 1901 392 440 1902 393 623 1903 391 441 1904 395 443 1905 396 443 1906 397 443 1907 398 444 1908 399 624 1909 396 445 1910 400 447 1911 401 448 1912 399 447 1913 402 449 1914 403 450 1915 401 449 1916 404 451 1917 405 452 1918 403 451 1919 406 453 1920 407 625 1921 405 454 1922 408 456 1923 409 456 1924 407 456 1925 410 457 1926 411 626 1927 409 458 1928 412 460 1929 413 627 1930 411 461 1931 414 463 1932 415 628 1933 413 464 1934 416 466 1935 417 629 1936 415 467 1937 418 469 1938 419 469 1939 417 469 1940 212 470 1941 215 471 1942 419 470 1943 3 472 1944 213 478 1945 212 473 1946 2 474 1947 1 475 1948 215 475 1949 5 477 1950 216 481 1951 213 478 1952 4 479 1953 2 474 1954 214 476 1955 7 473 1956 218 473 1957 216 481 1958 6 475 1959 4 479 1960 217 480 1961 9 473 1962 220 473 1963 218 473 1964 8 475 1965 6 475 1966 219 475 1967 11 473 1968 222 473 1969 220 473 1970 10 475 1971 8 475 1972 221 475 1973 13 473 1974 224 473 1975 222 473 1976 12 475 1977 10 475 1978 223 475 1979 15 473 1980 226 473 1981 224 473 1982 14 475 1983 12 475 1984 225 475 1985 17 473 1986 228 473 1987 226 473 1988 16 475 1989 14 475 1990 227 475 1991 19 473 1992 230 473 1993 228 473 1994 18 475 1995 16 475 1996 229 475 1997 21 473 1998 232 473 1999 230 473 2000 20 475 2001 18 475 2002 231 475 2003 23 473 2004 234 473 2005 232 473 2006 22 475 2007 20 475 2008 233 475 2009 23 473 2010 25 473 2011 236 473 2012 22 475 2013 235 475 2014 237 475 2015 25 473 2016 27 473 2017 238 473 2018 24 475 2019 237 475 2020 239 475 2021 31 473 2022 241 473 2023 240 473 2024 30 475 2025 29 475 2026 243 475 2027 31 473 2028 33 473 2029 244 473 2030 30 475 2031 242 475 2032 245 475 2033 35 473 2034 246 473 2035 244 473 2036 34 475 2037 32 475 2038 245 475 2039 35 473 2040 37 473 2041 248 473 2042 34 475 2043 247 475 2044 249 475 2045 37 473 2046 39 473 2047 250 473 2048 36 475 2049 249 475 2050 251 475 2051 39 473 2052 41 473 2053 252 473 2054 38 475 2055 251 475 2056 253 475 2057 41 473 2058 43 473 2059 254 473 2060 40 475 2061 253 475 2062 255 475 2063 43 473 2064 45 473 2065 256 473 2066 42 475 2067 255 475 2068 257 475 2069 45 473 2070 47 473 2071 258 473 2072 44 475 2073 257 475 2074 259 475 2075 47 473 2076 49 473 2077 260 473 2078 46 475 2079 259 475 2080 261 475 2081 49 473 2082 51 473 2083 262 473 2084 48 475 2085 261 475 2086 263 475 2087 51 473 2088 53 473 2089 264 473 2090 50 475 2091 263 475 2092 265 475 2093 55 473 2094 266 473 2095 264 473 2096 54 475 2097 52 475 2098 265 475 2099 57 473 2100 268 473 2101 266 473 2102 56 475 2103 54 475 2104 267 475 2105 59 473 2106 270 473 2107 268 473 2108 58 475 2109 56 475 2110 269 475 2111 61 473 2112 272 473 2113 270 473 2114 60 475 2115 58 475 2116 271 475 2117 63 473 2118 274 473 2119 272 473 2120 62 475 2121 60 475 2122 273 475 2123 65 473 2124 276 473 2125 274 473 2126 64 475 2127 62 475 2128 275 475 2129 67 473 2130 278 473 2131 276 473 2132 66 475 2133 64 475 2134 277 475 2135 69 473 2136 280 473 2137 278 473 2138 68 475 2139 66 475 2140 279 475 2141 71 473 2142 282 473 2143 280 473 2144 70 475 2145 68 475 2146 281 475 2147 71 473 2148 73 473 2149 284 473 2150 70 475 2151 283 475 2152 285 475 2153 75 473 2154 286 473 2155 284 473 2156 74 475 2157 72 475 2158 285 475 2159 75 473 2160 77 473 2161 288 473 2162 74 475 2163 287 475 2164 289 475 2165 77 473 2166 79 473 2167 290 473 2168 76 475 2169 289 475 2170 291 475 2171 85 473 2172 293 473 2173 292 473 2174 84 475 2175 82 475 2176 295 475 2177 85 473 2178 87 473 2179 296 473 2180 84 475 2181 294 475 2182 297 475 2183 87 473 2184 89 473 2185 298 473 2186 86 475 2187 297 475 2188 299 475 2189 89 473 2190 91 473 2191 300 473 2192 88 475 2193 299 475 2194 301 475 2195 91 473 2196 93 473 2197 302 473 2198 90 475 2199 301 475 2200 303 475 2201 93 473 2202 95 473 2203 304 473 2204 92 475 2205 303 475 2206 305 475 2207 95 473 2208 97 473 2209 306 473 2210 94 475 2211 305 475 2212 307 475 2213 97 473 2214 99 473 2215 308 473 2216 96 475 2217 307 475 2218 309 475 2219 99 473 2220 101 473 2221 310 473 2222 98 475 2223 309 475 2224 311 475 2225 101 473 2226 103 473 2227 312 473 2228 100 475 2229 311 475 2230 313 475 2231 103 473 2232 105 473 2233 314 473 2234 102 475 2235 313 475 2236 315 475 2237 105 473 2238 107 473 2239 316 473 2240 104 475 2241 315 475 2242 317 475 2243 109 473 2244 318 473 2245 316 473 2246 108 475 2247 106 475 2248 317 475 2249 111 473 2250 320 473 2251 318 473 2252 110 475 2253 108 475 2254 319 475 2255 113 473 2256 322 473 2257 320 473 2258 112 475 2259 110 475 2260 321 475 2261 115 473 2262 324 473 2263 322 473 2264 114 475 2265 112 475 2266 323 475 2267 117 473 2268 326 473 2269 324 473 2270 116 475 2271 114 475 2272 325 475 2273 119 473 2274 328 473 2275 326 473 2276 118 475 2277 116 475 2278 327 475 2279 121 473 2280 330 473 2281 328 473 2282 120 475 2283 118 475 2284 329 475 2285 123 473 2286 332 473 2287 330 473 2288 122 475 2289 120 475 2290 331 475 2291 125 473 2292 334 473 2293 332 473 2294 124 475 2295 122 475 2296 333 475 2297 125 473 2298 127 473 2299 336 473 2300 124 475 2301 335 475 2302 337 475 2303 129 473 2304 338 473 2305 336 473 2306 128 475 2307 126 475 2308 337 475 2309 131 473 2310 340 473 2311 338 473 2312 130 475 2313 128 475 2314 339 475 2315 135 473 2316 343 473 2317 342 473 2318 134 475 2319 133 475 2320 345 475 2321 135 473 2322 137 473 2323 346 473 2324 134 475 2325 344 475 2326 347 475 2327 137 473 2328 139 473 2329 348 473 2330 136 475 2331 347 475 2332 349 475 2333 139 473 2334 141 473 2335 350 473 2336 138 475 2337 349 475 2338 351 475 2339 141 473 2340 143 473 2341 352 473 2342 140 475 2343 351 475 2344 353 475 2345 143 473 2346 145 473 2347 354 473 2348 142 475 2349 353 475 2350 355 475 2351 145 473 2352 147 473 2353 356 473 2354 144 475 2355 355 475 2356 357 475 2357 147 473 2358 149 473 2359 358 473 2360 146 475 2361 357 475 2362 359 475 2363 149 473 2364 151 473 2365 360 473 2366 148 475 2367 359 475 2368 361 475 2369 151 473 2370 153 473 2371 362 473 2372 150 475 2373 361 475 2374 363 475 2375 153 473 2376 155 473 2377 364 473 2378 152 475 2379 363 475 2380 365 475 2381 155 473 2382 157 473 2383 366 473 2384 154 475 2385 365 475 2386 367 475 2387 157 473 2388 159 473 2389 368 473 2390 156 475 2391 367 475 2392 369 475 2393 161 473 2394 370 473 2395 368 473 2396 160 475 2397 158 475 2398 369 475 2399 163 473 2400 372 473 2401 370 473 2402 162 475 2403 160 475 2404 371 475 2405 165 473 2406 374 473 2407 372 473 2408 164 475 2409 162 475 2410 373 475 2411 167 473 2412 376 473 2413 374 473 2414 166 475 2415 164 475 2416 375 475 2417 169 473 2418 378 473 2419 376 473 2420 168 475 2421 166 475 2422 377 475 2423 171 473 2424 380 473 2425 378 473 2426 170 475 2427 168 475 2428 379 475 2429 173 473 2430 382 473 2431 380 473 2432 172 475 2433 170 475 2434 381 475 2435 175 473 2436 384 473 2437 382 473 2438 174 475 2439 172 475 2440 383 475 2441 177 473 2442 386 473 2443 384 473 2444 176 475 2445 174 475 2446 385 475 2447 177 473 2448 179 473 2449 388 473 2450 176 475 2451 387 475 2452 389 475 2453 181 473 2454 390 473 2455 388 473 2456 180 475 2457 178 475 2458 389 475 2459 181 473 2460 183 473 2461 392 473 2462 180 475 2463 391 475 2464 393 475 2465 189 473 2466 395 473 2467 394 473 2468 188 475 2469 187 475 2470 397 475 2471 191 473 2472 398 473 2473 395 473 2474 190 475 2475 188 475 2476 396 475 2477 191 473 2478 193 473 2479 400 473 2480 190 475 2481 399 475 2482 401 475 2483 195 473 2484 402 473 2485 400 473 2486 194 475 2487 192 475 2488 401 475 2489 195 473 2490 197 473 2491 404 473 2492 194 475 2493 403 475 2494 405 475 2495 197 473 2496 199 473 2497 406 473 2498 196 475 2499 405 475 2500 407 475 2501 199 473 2502 201 473 2503 408 473 2504 198 475 2505 407 475 2506 409 475 2507 201 473 2508 203 473 2509 410 473 2510 200 475 2511 409 475 2512 411 475 2513 203 473 2514 205 473 2515 412 473 2516 202 475 2517 411 475 2518 413 475 2519 205 473 2520 207 473 2521 414 473 2522 204 475 2523 413 475 2524 415 475 2525 207 473 2526 209 473 2527 416 473 2528 206 475 2529 415 475 2530 417 475 2531 209 473 2532 211 473 2533 418 473 2534 208 475 2535 417 475 2536 419 475 2537 211 473 2538 0 473 2539 212 473 2540 210 475 2541 419 475 2542 215 475 2543 421 482 2544 422 482 2545 423 482 2546 425 483 2547 426 630 2548 427 484 2549 130 486 2550 427 487 2551 426 486 2552 132 488 2553 421 489 2554 420 488 2555 341 490 2556 340 631 2557 425 491 2558 342 493 2559 345 632 2560 423 494 2561 425 473 2562 340 473 2563 131 473 2564 130 475 2565 341 475 2566 424 475 2567 132 473 2568 342 473 2569 422 473 2570 423 475 2571 345 475 2572 133 475 2573 429 496 2574 430 496 2575 431 496 2576 437 499 2577 432 633 2578 433 634 2579 434 497 2580 435 498 2581 436 498 2582 437 499 2583 433 634 2584 434 497 2585 79 500 2586 78 501 2587 431 500 2588 81 502 2589 80 503 2590 436 502 2591 291 504 2592 290 635 2593 429 505 2594 295 507 2595 433 636 2596 432 508 2597 429 473 2598 290 473 2599 79 473 2600 78 475 2601 291 475 2602 428 475 2603 437 473 2604 80 473 2605 83 473 2606 83 473 2607 292 473 2608 437 473 2609 434 475 2610 433 475 2611 295 475 2612 295 475 2613 82 475 2614 434 475 2615 439 510 2616 440 511 2617 441 510 2618 443 512 2619 444 512 2620 445 512 2621 26 513 2622 441 513 2623 440 513 2624 29 514 2625 28 637 2626 442 515 2627 238 517 2628 439 517 2629 438 517 2630 243 518 2631 444 638 2632 443 519 2633 27 473 2634 440 473 2635 439 473 2636 26 475 2637 239 475 2638 438 475 2639 28 473 2640 240 473 2641 443 473 2642 29 475 2643 445 475 2644 444 475 2645 447 496 2646 448 496 2647 449 496 2648 455 523 2649 450 639 2650 451 640 2651 452 521 2652 453 641 2653 454 522 2654 455 523 2655 451 640 2656 452 521 2657 184 524 2658 454 525 2659 453 524 2660 186 526 2661 449 642 2662 448 527 2663 392 529 2664 451 530 2665 450 529 2666 394 531 2667 397 643 2668 447 532 2669 452 473 2670 451 473 2671 392 473 2672 392 473 2673 183 473 2674 452 473 2675 455 475 2676 184 475 2677 182 475 2678 182 475 2679 393 475 2680 455 475 2681 186 473 2682 394 473 2683 446 473 2684 447 475 2685 397 475 2686 187 475 2687</p>
        </triangles>
      </mesh>
    </geometry>
  </library_geometries>
  <library_visual_scenes>
    <visual_scene id="Scene" name="Scene">
      <node id="Cube_003_Cube_004" name="Cube.003_Cube.004" type="NODE">
        <matrix sid="transform">1 0 0 0 0 -4.37114e-8 -1 0 0 1 -4.37114e-8 0 0 0 0 1</matrix>
        <instance_geometry url="#Cube_003_Cube_004-mesh" name="Cube.003_Cube.004">
          <bind_material>
            <technique_common>
              <instance_material symbol="None-material" target="#None-material">
                <bind_vertex_input semantic="UVMap" input_semantic="TEXCOORD" input_set="0"/>
              </instance_material>
            </technique_common>
          </bind_material>
        </instance_geometry>
      </node>
      <node id="Cube_002_Cube_003" name="Cube.002_Cube.003" type="NODE">
        <matrix sid="transform">1 0 0 0 0 -4.37114e-8 -1 0 0 1 -4.37114e-8 0 0 0 0 1</matrix>
        <instance_geometry url="#Cube_002_Cube_003-mesh" name="Cube.002_Cube.003">
          <bind_material>
            <technique_common>
              <instance_material symbol="None-material" target="#None-material">
                <bind_vertex_input semantic="UVMap" input_semantic="TEXCOORD" input_set="0"/>
              </instance_material>
            </technique_common>
          </bind_material>
        </instance_geometry>
      </node>
      <node id="Cube_001_Cube_002" name="Cube.001_Cube.002" type="NODE">
        <matrix sid="transform">1 0 0 0 0 -4.37114e-8 -1 0 0 1 -4.37114e-8 0 0 0 0 1</matrix>
        <instance_geometry url="#Cube_001_Cube_002-mesh" name="Cube.001_Cube.002">
          <bind_material>
            <technique_common>
              <instance_material symbol="None-material" target="#None-material">
                <bind_vertex_input semantic="UVMap" input_semantic="TEXCOORD" input_set="0"/>
              </instance_material>
            </technique_common>
          </bind_material>
        </instance_geometry>
      </node>
      <node id="Cube_Cube_001" name="Cube_Cube.001" type="NODE">
        <matrix sid="transform">1 0 0 0 0 -4.37114e-8 -1 0 0 1 -4.37114e-8 0 0 0 0 1</matrix>
        <instance_geometry url="#Cube_Cube_001-mesh" name="Cube_Cube.001">
          <bind_material>
            <technique_common>
              <instance_material symbol="None-material" target="#None-material">
                <bind_vertex_input semantic="UVMap" input_semantic="TEXCOORD" input_set="0"/>
              </instance_material>
            </technique_common>
          </bind_material>
        </instance_geometry>
      </node>
      <node id="Cylinder_002_Cylinder_003" name="Cylinder.002_Cylinder.003" type="NODE">
        <matrix sid="transform">1 0 0 0 0 -4.37114e-8 -1 0 0 1 -4.37114e-8 0 0 0 0 1</matrix>
        <instance_geometry url="#Cylinder_002_Cylinder_003-mesh" name="Cylinder.002_Cylinder.003">
          <bind_material>
            <technique_common>
              <instance_material symbol="None-material" target="#None-material">
                <bind_vertex_input semantic="UVMap" input_semantic="TEXCOORD" input_set="0"/>
              </instance_material>
            </technique_common>
          </bind_material>
        </instance_geometry>
      </node>
      <node id="Cylinder_001_Cylinder_002" name="Cylinder.001_Cylinder.002" type="NODE">
        <matrix sid="transform">1 0 0 0 0 -4.37114e-8 -1 0 0 1 -4.37114e-8 0 0 0 0 1</matrix>
        <instance_geometry url="#Cylinder_001_Cylinder_002-mesh" name="Cylinder.001_Cylinder.002">
          <bind_material>
            <technique_common>
              <instance_material symbol="None-material" target="#None-material">
                <bind_vertex_input semantic="UVMap" input_semantic="TEXCOORD" input_set="0"/>
              </instance_material>
            </technique_common>
          </bind_material>
        </instance_geometry>
      </node>
      <node id="Cylinder_Cylinder_001" name="Cylinder_Cylinder.001" type="NODE">
        <matrix sid="transform">1 0 0 0 0 -4.37114e-8 -1 0 0 1 -4.37114e-8 0 0 0 0 1</matrix>
        <instance_geometry url="#Cylinder_Cylinder_001-mesh" name="Cylinder_Cylinder.001">
          <bind_material>
            <technique_common>
              <instance_material symbol="None-material" target="#None-material">
                <bind_vertex_input semantic="UVMap" input_semantic="TEXCOORD" input_set="0"/>
              </instance_material>
            </technique_common>
          </bind_material>
        </instance_geometry>
      </node>
      <node id="Camera" name="Camera" type="NODE">
        <matrix sid="transform">0.6859207 -0.3240135 0.6515582 7.358891 0.7276763 0.3054208 -0.6141704 -6.925791 0 0.8953956 0.4452714 4.958309 0 0 0 1</matrix>
        <instance_camera url="#Camera-camera"/>
      </node>
      <node id="Light" name="Light" type="NODE">
        <matrix sid="transform">-0.2908646 -0.7711008 0.5663932 4.076245 0.9551712 -0.1998834 0.2183912 1.005454 -0.05518906 0.6045247 0.7946723 5.903862 0 0 0 1</matrix>
        <instance_light url="#Light-light"/>
      </node>
    </visual_scene>
  </library_visual_scenes>
  <scene>
    <instance_visual_scene url="#Scene"/>
  </scene>
</COLLADA>